Appointment Number,Room Requirement,Staff Band Requirement,Appointment Type,Appointment Duration,Date to book from,Date ideally booked by,Arts Flag
1,Booth,6,0,60,6/16/2026,03/10/2026,0
2,Room,5,0,60,6/16/2026,02/05/2026,0
4,Booth,5,0,15,6/16/2026,06/07/2025,0
9,Booth,5,0,60,6/16/2026,12/12/2025,0
12,Booth,5,0,105,6/16/2026,05/10/2025,0
18,Booth,5,0,60,6/16/2026,1/13/2026,0
25,Booth,5,0,90,6/16/2026,3/25/2026,0
26,Booth,5,0,60,6/16/2026,2/18/2026,0
27,Booth,5,0,60,6/16/2026,11/04/2025,0
30,Booth,5,1,60,6/16/2026,6/16/2026,0
31,Booth,5,0,60,6/16/2026,10/18/2025,1
33,Booth,5,0,60,6/16/2026,7/30/2025,0
36,Booth,6,0,60,6/16/2026,4/13/2025,0
37,Booth,6,0,60,6/16/2026,06/12/2025,0
38,Booth,5,0,105,6/16/2026,04/04/2026,0
40,Booth,5,0,60,6/16/2026,07/01/2025,1
45,Booth,5,0,60,6/16/2026,8/13/2025,0
53,Booth,5,0,60,6/16/2026,3/20/2026,0
54,Booth,5,0,60,6/16/2026,05/04/2026,0
59,Booth,5,0,60,6/16/2026,02/08/2025,0
62,Booth,5,0,60,6/16/2026,7/28/2026,0
64,Booth,5,0,60,6/16/2026,02/01/2025,0
66,Booth,5,0,60,6/16/2026,07/09/2025,0
68,Booth,5,0,60,6/16/2026,11/24/2025,0
71,Booth,5,0,60,6/16/2026,2/20/2026,0
72,Booth,5,0,60,6/16/2026,7/15/2025,0
76,Booth,5,0,60,6/16/2026,3/19/2025,0
78,Booth,5,1,60,6/16/2026,6/16/2026,0
87,Room,5,0,60,6/16/2026,04/04/2026,0
88,Booth,5,0,60,6/16/2026,12/23/2025,1
92,Booth,5,0,60,6/16/2026,6/26/2025,0
93,Booth,5,1,105,6/16/2026,6/16/2026,0
95,Booth,5,0,60,6/16/2026,8/28/2025,1
99,Booth,6,0,60,6/16/2026,3/18/2026,0
100,Booth,5,0,105,6/16/2026,12/15/2025,0
101,Booth,5,0,60,6/16/2026,7/26/2025,0
102,Booth,5,0,210,6/16/2026,04/09/2025,0
103,Booth,5,0,60,6/16/2026,09/03/2025,0
104,Booth,5,0,60,6/16/2026,05/09/2026,0
107,Booth,5,0,60,6/16/2026,10/29/2025,0
112,Booth,5,0,60,6/16/2026,02/04/2026,1
116,Booth,5,0,60,6/16/2026,11/13/2025,0
118,Booth,5,0,60,6/16/2026,11/22/2025,0
122,Room,5,0,60,6/16/2026,4/14/2026,0
123,Booth,5,1,60,6/16/2026,6/16/2026,0
125,Booth,5,0,60,6/16/2026,06/03/2026,0
130,Booth,5,0,60,6/16/2026,5/28/2025,0
131,Booth,5,0,60,6/16/2026,8/29/2025,0
132,Booth,5,0,60,6/16/2026,5/30/2025,0
134,Booth,5,0,60,6/16/2026,07/02/2026,0
135,Booth,5,0,60,6/16/2026,5/26/2025,0
137,Room,5,0,60,6/16/2026,2/20/2026,0
138,Room,5,0,60,6/16/2026,11/19/2025,0
142,Booth,5,0,60,6/16/2026,7/31/2025,0
151,Booth,5,0,60,6/16/2026,3/31/2025,0
155,Booth,5,0,60,6/16/2026,2/15/2025,0
159,Booth,5,0,60,6/16/2026,4/20/2025,0
162,Room,5,0,60,6/16/2026,03/12/2025,0
163,Booth,5,0,60,6/16/2026,10/25/2025,0
168,Booth,5,0,60,6/16/2026,07/04/2026,0
170,Room,5,1,210,6/16/2026,6/16/2026,0
173,Booth,5,0,60,6/16/2026,3/23/2025,1
174,Room,5,0,60,6/16/2026,06/11/2026,0
175,Booth,5,0,90,6/16/2026,5/29/2026,0
176,Booth,5,0,60,6/16/2026,3/31/2026,0
178,Booth,5,0,60,6/16/2026,08/02/2026,0
180,Booth,5,0,60,6/16/2026,5/28/2026,0
182,Booth,5,0,60,6/16/2026,8/20/2025,0
184,Room,5,0,60,6/16/2026,05/04/2025,0
186,Booth,5,0,60,6/16/2026,12/22/2025,0
189,Booth,5,0,60,6/16/2026,7/22/2026,0
190,Room,5,0,60,6/16/2026,04/09/2026,0
192,Booth,5,0,60,6/16/2026,10/13/2025,0
194,Booth,5,0,60,6/16/2026,11/01/2025,0
196,Booth,5,0,210,6/16/2026,11/05/2025,0
197,Room,5,0,60,6/16/2026,06/05/2025,0
199,Booth,6,0,60,6/16/2026,4/26/2025,0
200,Booth,5,0,60,6/16/2026,2/22/2026,0
205,Booth,5,0,60,6/16/2026,6/29/2025,0
206,Room,5,0,60,6/16/2026,1/31/2026,0
207,Booth,5,0,15,6/16/2026,03/02/2026,0
211,Booth,5,0,60,6/16/2026,12/19/2025,0
219,Booth,5,0,30,6/16/2026,08/02/2026,0
220,Booth,5,0,60,6/16/2026,03/10/2026,0
224,Booth,5,0,60,6/16/2026,02/05/2026,0
225,Booth,5,0,60,6/16/2026,05/02/2026,0
226,Booth,5,0,60,6/16/2026,7/25/2025,0
228,Room,5,0,60,6/16/2026,3/14/2025,0
229,Booth,5,0,60,6/16/2026,8/29/2025,0
231,Booth,5,0,60,6/16/2026,06/04/2026,0
232,Room,5,0,60,6/16/2026,6/18/2025,0
235,Booth,5,0,60,6/16/2026,5/29/2026,0
236,Booth,5,0,75,6/16/2026,4/28/2025,0
238,Booth,5,0,60,6/16/2026,05/01/2025,0
242,Booth,5,0,60,6/16/2026,1/27/2026,0
245,Room,5,1,60,6/16/2026,6/16/2026,0
246,Booth,5,0,180,6/16/2026,6/15/2026,0
247,Booth,5,0,60,6/16/2026,9/15/2025,0
248,Booth,5,0,60,6/16/2026,7/19/2025,0
252,Booth,5,0,60,6/16/2026,10/18/2025,1
254,Booth,5,0,60,6/16/2026,05/05/2025,0
255,Booth,5,0,60,6/16/2026,3/14/2026,0
263,Booth,5,1,60,6/16/2026,6/16/2026,0
265,Booth,5,0,60,6/16/2026,11/12/2025,0
266,Booth,5,0,105,6/16/2026,10/06/2025,0
270,Booth,5,0,60,6/16/2026,5/22/2025,0
275,Booth,5,0,60,6/16/2026,11/22/2025,0
276,Booth,5,0,60,6/16/2026,7/27/2026,0
281,Booth,5,0,60,6/16/2026,6/17/2025,1
282,Room,5,0,60,6/16/2026,2/25/2026,0
284,Booth,5,0,60,6/16/2026,09/05/2025,0
287,Booth,5,0,60,6/16/2026,7/27/2025,0
288,Room,5,0,60,6/16/2026,4/27/2026,0
294,Booth,5,1,60,6/16/2026,6/16/2026,0
296,Booth,5,0,60,6/16/2026,4/24/2025,0
300,Booth,5,1,60,6/16/2026,6/16/2026,0
304,Booth,5,0,60,6/16/2026,02/11/2025,0
305,Booth,5,0,60,6/16/2026,9/20/2025,0
307,Booth,5,0,60,6/16/2026,6/13/2025,0
310,Booth,5,0,30,6/16/2026,11/16/2025,0
311,Booth,5,0,60,6/16/2026,9/20/2025,0
312,Booth,5,0,60,6/16/2026,7/22/2025,0
313,Booth,5,0,90,6/16/2026,11/05/2025,0
314,Booth,5,0,60,6/16/2026,05/07/2026,0
318,Booth,5,1,60,6/16/2026,6/16/2026,0
322,Booth,5,0,60,6/16/2026,6/18/2026,0
325,Booth,5,1,60,6/16/2026,6/16/2026,0
327,Booth,5,0,60,6/16/2026,9/26/2025,0
334,Booth,5,0,60,6/16/2026,04/02/2026,0
336,Booth,5,0,210,6/16/2026,6/15/2026,0
338,Booth,5,1,60,6/16/2026,6/16/2026,0
342,Booth,5,0,30,6/16/2026,2/23/2026,0
347,Room,5,0,210,6/16/2026,11/25/2025,0
348,Booth,5,0,60,6/16/2026,4/23/2026,0
358,Booth,5,0,60,6/16/2026,4/23/2025,0
359,Booth,5,0,60,6/16/2026,02/03/2026,0
360,Booth,5,0,105,6/16/2026,04/08/2025,0
363,Booth,5,0,60,6/16/2026,12/31/2025,0
365,Booth,5,0,60,6/16/2026,08/11/2025,0
369,Booth,5,1,60,6/16/2026,6/16/2026,0
374,Booth,6,0,60,6/16/2026,06/11/2025,0
376,Room,5,0,60,6/16/2026,1/22/2026,0
379,Booth,5,0,60,6/16/2026,3/19/2026,0
380,Booth,5,1,60,6/16/2026,6/16/2026,0
382,Booth,5,0,60,6/16/2026,6/19/2025,0
387,Booth,5,0,60,6/16/2026,01/08/2026,1
391,Booth,5,0,60,6/16/2026,11/28/2025,0
398,Booth,6,0,60,6/16/2026,07/03/2026,0
399,Booth,5,1,60,6/16/2026,6/16/2026,0
403,Booth,5,1,60,6/16/2026,6/16/2026,0
405,Booth,5,0,60,6/16/2026,2/26/2025,0
408,Booth,5,0,60,6/16/2026,2/19/2026,0
409,Booth,5,0,60,6/16/2026,8/26/2025,0
414,Booth,5,0,60,6/16/2026,4/22/2026,0
415,Booth,5,1,60,6/16/2026,6/16/2026,0
418,Booth,5,0,60,6/16/2026,04/12/2025,0
419,Booth,5,0,60,6/16/2026,04/05/2026,0
423,Booth,5,0,60,6/16/2026,6/24/2025,0
426,Booth,5,0,60,6/16/2026,12/28/2025,0
428,Booth,6,0,60,6/16/2026,11/16/2025,1
432,Booth,6,1,60,6/16/2026,6/16/2026,0
436,Booth,5,0,60,6/16/2026,6/18/2026,0
437,Booth,5,0,60,6/16/2026,2/13/2025,0
438,Booth,5,0,60,6/16/2026,12/24/2025,0
439,Booth,5,0,180,6/16/2026,4/21/2026,0
440,Booth,5,0,60,6/16/2026,7/14/2025,0
441,Booth,5,0,15,6/16/2026,6/18/2025,0
444,Booth,6,0,60,6/16/2026,10/17/2025,0
447,Booth,5,0,60,6/16/2026,6/16/2025,0
448,Booth,5,0,60,6/16/2026,8/17/2025,0
449,Room,5,0,60,6/16/2026,5/28/2026,0
450,Booth,5,0,60,6/16/2026,7/18/2025,0
451,Booth,5,0,60,6/16/2026,02/02/2026,0
452,Booth,5,0,60,6/16/2026,2/14/2026,0
454,Booth,5,0,60,6/16/2026,8/23/2025,0
458,Booth,5,0,60,6/16/2026,8/25/2025,0
459,Booth,5,0,105,6/16/2026,7/17/2026,0
461,Room,5,0,75,6/16/2026,2/23/2026,0
464,Booth,5,1,60,6/16/2026,6/16/2026,1
467,Booth,5,0,60,6/16/2026,7/30/2025,0
469,Booth,5,0,60,6/16/2026,3/22/2025,0
470,Booth,6,0,60,6/16/2026,04/02/2026,0
471,Booth,5,0,60,6/16/2026,5/26/2025,0
474,Booth,5,0,60,6/16/2026,01/03/2026,0
475,Booth,6,0,60,6/16/2026,10/25/2025,1
476,Booth,5,0,15,6/16/2026,04/08/2026,0
480,Booth,5,0,75,6/16/2026,8/18/2025,0
481,Room,5,0,60,6/16/2026,12/27/2025,0
482,Booth,5,0,60,6/16/2026,04/11/2026,0
484,Booth,5,0,60,6/16/2026,11/01/2025,0
485,Booth,6,0,60,6/16/2026,06/02/2025,0
486,Booth,5,0,60,6/16/2026,3/18/2026,0
487,Booth,5,0,60,6/16/2026,04/07/2025,0
490,Booth,6,0,90,6/16/2026,3/29/2026,0
491,Room,5,0,60,6/16/2026,1/17/2026,0
492,Booth,5,0,60,6/16/2026,4/27/2026,0
493,Booth,5,0,60,6/16/2026,4/18/2025,0
495,Booth,5,0,210,6/16/2026,1/30/2026,0
496,Booth,5,0,60,6/16/2026,3/30/2025,0
502,Room,5,0,60,6/16/2026,1/17/2026,0
506,Booth,5,1,60,6/16/2026,6/16/2026,0
510,Room,5,0,60,6/16/2026,03/05/2025,0
511,Booth,5,0,90,6/16/2026,11/15/2025,0
513,Booth,5,0,60,6/16/2026,04/11/2026,0
516,Booth,5,0,60,6/16/2026,9/30/2025,0
517,Booth,5,0,60,6/16/2026,5/18/2025,0
518,Booth,5,0,60,6/16/2026,01/10/2026,0
520,Booth,5,0,60,6/16/2026,5/21/2025,0
522,Booth,5,1,60,6/16/2026,6/16/2026,0
523,Room,5,0,60,6/16/2026,12/14/2025,1
524,Booth,5,1,60,6/16/2026,6/16/2026,0
525,Booth,5,0,60,6/16/2026,05/08/2026,0
526,Booth,5,0,60,6/16/2026,6/22/2026,0
527,Booth,5,0,60,6/16/2026,12/12/2025,0
528,Booth,5,0,60,6/16/2026,5/16/2026,0
532,Room,5,0,60,6/16/2026,06/08/2025,0
533,Room,5,0,60,6/16/2026,11/16/2025,0
534,Booth,5,0,60,6/16/2026,12/27/2025,0
539,Booth,5,0,60,6/16/2026,6/28/2025,0
540,Booth,5,0,60,6/16/2026,10/09/2025,0
541,Room,6,0,60,6/16/2026,10/03/2025,0
543,Booth,5,0,60,6/16/2026,09/09/2025,0
545,Booth,5,0,60,6/16/2026,08/02/2025,0
550,Booth,5,0,60,6/16/2026,11/07/2025,0
555,Booth,5,0,60,6/16/2026,07/01/2025,0
558,Booth,5,1,60,6/16/2026,6/16/2026,0
561,Room,5,0,60,6/16/2026,12/18/2025,0
562,Room,5,0,60,6/16/2026,12/30/2025,0
563,Booth,5,0,60,6/16/2026,12/22/2025,0
565,Room,5,0,60,6/16/2026,11/18/2025,0
570,Booth,5,0,60,6/16/2026,06/07/2025,0
572,Room,5,0,60,6/16/2026,8/28/2025,0
578,Booth,5,0,60,6/16/2026,05/04/2026,0
580,Booth,5,0,60,6/16/2026,01/11/2026,0
586,Booth,5,0,60,6/16/2026,6/19/2025,0
587,Booth,5,0,60,6/16/2026,05/08/2026,0
592,Booth,5,0,105,6/16/2026,2/28/2026,0
594,Booth,5,0,60,6/16/2026,12/31/2025,0
595,Room,5,0,60,6/16/2026,07/05/2026,0
596,Booth,5,0,60,6/16/2026,08/04/2025,0
601,Booth,5,0,60,6/16/2026,4/16/2025,0
603,Booth,5,0,60,6/16/2026,4/20/2026,0
604,Booth,5,0,60,6/16/2026,07/12/2026,0
605,Booth,5,0,60,6/16/2026,11/10/2025,0
611,Room,5,0,60,6/16/2026,11/14/2025,0
613,Booth,5,0,60,6/16/2026,5/27/2026,0
614,Booth,5,0,60,6/16/2026,2/21/2026,0
615,Booth,5,0,60,6/16/2026,8/29/2025,0
616,Booth,5,0,60,6/16/2026,12/23/2025,0
632,Booth,5,0,60,6/16/2026,10/21/2025,0
633,Booth,6,0,60,6/16/2026,2/16/2026,0
634,Booth,5,0,60,6/16/2026,10/07/2025,0
636,Booth,5,0,60,6/16/2026,4/20/2026,0
638,Room,5,0,60,6/16/2026,7/14/2026,0
642,Booth,5,1,60,6/16/2026,6/16/2026,0
643,Booth,5,0,60,6/16/2026,4/13/2026,0
647,Booth,5,0,60,6/16/2026,4/24/2026,0
648,Booth,5,0,60,6/16/2026,9/15/2025,0
650,Booth,5,0,60,6/16/2026,8/30/2025,1
651,Booth,5,0,60,6/16/2026,8/28/2025,0
652,Booth,5,0,60,6/16/2026,8/18/2025,0
653,Booth,6,0,180,6/16/2026,11/15/2025,0
655,Booth,5,0,60,6/16/2026,5/26/2026,0
659,Booth,5,0,60,6/16/2026,02/01/2026,0
660,Booth,5,0,60,6/16/2026,10/24/2025,0
661,Booth,5,0,60,6/16/2026,2/13/2025,0
663,Booth,5,1,105,6/16/2026,6/16/2026,0
667,Booth,5,0,60,6/16/2026,1/13/2026,0
668,Booth,6,0,60,6/16/2026,6/29/2025,0
671,Booth,5,0,60,6/16/2026,9/23/2025,0
675,Room,5,0,105,6/16/2026,6/29/2026,0
681,Booth,5,0,60,6/16/2026,04/01/2025,0
694,Booth,5,0,15,6/16/2026,10/01/2025,0
697,Booth,5,0,60,6/16/2026,8/21/2025,0
700,Booth,5,0,105,6/16/2026,9/23/2025,0
702,Booth,5,0,60,6/16/2026,11/28/2025,0
709,Booth,5,1,60,6/16/2026,6/16/2026,0
710,Booth,6,0,60,6/16/2026,3/27/2026,0
712,Booth,5,0,60,6/16/2026,3/19/2026,0
716,Booth,5,0,60,6/16/2026,5/31/2026,0
719,Booth,5,0,60,6/16/2026,7/22/2025,0
720,Booth,5,0,60,6/16/2026,7/13/2025,0
723,Booth,5,1,210,6/16/2026,6/16/2026,0
724,Room,5,0,60,6/16/2026,5/21/2026,0
727,Booth,6,0,60,6/16/2026,05/02/2025,0
732,Booth,5,0,60,6/16/2026,11/16/2025,0
738,Booth,6,0,60,6/16/2026,5/15/2026,0
740,Booth,5,0,180,6/16/2026,5/24/2026,0
741,Booth,5,1,60,6/16/2026,6/16/2026,1
742,Booth,5,0,60,6/16/2026,09/08/2025,0
745,Booth,5,1,105,6/16/2026,6/16/2026,0
747,Booth,5,0,60,6/16/2026,4/20/2025,0
748,Booth,5,0,60,6/16/2026,09/04/2025,0
750,Booth,5,0,60,6/16/2026,7/25/2025,0
753,Room,5,0,60,6/16/2026,6/25/2025,0
754,Booth,6,0,60,6/16/2026,2/18/2025,0
760,Booth,5,0,60,6/16/2026,3/19/2025,0
762,Booth,5,0,75,6/16/2026,06/06/2026,0
764,Booth,5,0,60,6/16/2026,12/12/2025,0
765,Booth,6,1,60,6/16/2026,6/16/2026,0
769,Booth,5,0,60,6/16/2026,08/10/2025,0
771,Booth,6,0,60,6/16/2026,07/05/2025,0
775,Booth,5,0,60,6/16/2026,10/01/2025,0
778,Booth,6,0,60,6/16/2026,7/18/2026,0
781,Booth,5,0,60,6/16/2026,1/13/2026,0
782,Booth,5,0,75,6/16/2026,06/09/2025,0
783,Booth,5,0,60,6/16/2026,05/10/2025,0
786,Room,5,0,60,6/16/2026,2/23/2025,0
793,Booth,5,0,60,6/16/2026,05/02/2026,0
794,Booth,5,0,60,6/16/2026,6/26/2025,0
796,Booth,5,0,60,6/16/2026,9/20/2025,0
798,Booth,5,0,60,6/16/2026,05/03/2025,0
800,Booth,5,1,60,6/16/2026,6/16/2026,0
801,Booth,5,0,60,6/16/2026,10/12/2025,0
802,Booth,5,0,60,6/16/2026,11/09/2025,0
803,Booth,5,0,60,6/16/2026,03/11/2026,0
804,Booth,5,0,60,6/16/2026,1/30/2026,0
806,Booth,5,0,60,6/16/2026,9/21/2025,0
807,Booth,5,0,60,6/16/2026,08/01/2025,0
812,Booth,5,0,60,6/16/2026,04/01/2025,0
813,Booth,5,0,60,6/16/2026,9/16/2025,0
814,Booth,5,0,60,6/16/2026,6/13/2025,0
818,Booth,5,0,60,6/16/2026,11/01/2025,0
824,Booth,5,0,60,6/16/2026,12/22/2025,0
825,Booth,6,0,60,6/16/2026,04/06/2026,0
828,Booth,5,0,60,6/16/2026,07/04/2025,0
829,Booth,5,0,60,6/16/2026,1/21/2026,0
832,Booth,5,0,60,6/16/2026,04/07/2025,0
835,Booth,5,0,60,6/16/2026,06/09/2025,0
839,Room,5,0,60,6/16/2026,12/19/2025,0
840,Room,5,0,60,6/16/2026,1/20/2026,0
848,Booth,5,0,180,6/16/2026,06/03/2026,0
850,Booth,5,0,60,6/16/2026,11/11/2025,0
851,Room,5,1,60,6/16/2026,6/16/2026,0
853,Booth,6,0,60,6/16/2026,04/01/2025,0
855,Booth,5,0,60,6/16/2026,7/30/2026,0
856,Booth,5,0,60,6/16/2026,6/24/2026,0
857,Booth,5,0,60,6/16/2026,7/18/2025,0
859,Booth,5,0,15,6/16/2026,10/28/2025,0
861,Booth,5,1,60,6/16/2026,6/16/2026,0
862,Room,5,1,75,6/16/2026,6/16/2026,0
866,Booth,5,0,105,6/16/2026,02/11/2026,0
870,Booth,5,0,60,6/16/2026,10/10/2025,0
871,Booth,5,0,60,6/16/2026,5/31/2025,0
874,Booth,5,0,60,6/16/2026,07/03/2026,0
876,Room,5,0,60,6/16/2026,6/17/2025,0
878,Room,5,0,60,6/16/2026,09/10/2025,0
881,Booth,5,0,60,6/16/2026,3/31/2025,0
886,Booth,5,0,60,6/16/2026,3/29/2026,0
887,Booth,5,0,60,6/16/2026,06/01/2025,0
888,Booth,5,0,15,6/16/2026,03/12/2025,0
895,Booth,5,0,60,6/16/2026,2/24/2026,0
896,Booth,5,0,60,6/16/2026,05/01/2025,0
898,Booth,5,0,60,6/16/2026,07/04/2025,0
899,Booth,5,0,60,6/16/2026,3/17/2025,0
904,Booth,5,0,180,6/16/2026,11/25/2025,0
909,Booth,5,0,60,6/16/2026,7/13/2026,0
913,Booth,5,0,60,6/16/2026,12/15/2025,1
914,Booth,6,0,60,6/16/2026,1/18/2026,0
916,Booth,5,0,60,6/16/2026,5/17/2026,0
917,Booth,5,0,60,6/16/2026,08/01/2026,0
919,Booth,5,0,60,6/16/2026,06/06/2025,0
921,Booth,5,1,60,6/16/2026,6/16/2026,0
922,Room,5,0,60,6/16/2026,03/04/2025,0
923,Booth,5,0,60,6/16/2026,11/11/2025,0
924,Room,5,0,60,6/16/2026,7/23/2025,0
927,Booth,5,0,60,6/16/2026,10/27/2025,0
928,Booth,5,0,60,6/16/2026,03/11/2026,0
933,Booth,5,0,180,6/16/2026,02/06/2026,0
934,Booth,6,0,60,6/16/2026,11/06/2025,0
939,Booth,5,0,60,6/16/2026,1/29/2026,0
940,Booth,5,0,60,6/16/2026,08/02/2025,0
952,Booth,5,0,30,6/16/2026,06/05/2025,0
958,Booth,5,0,60,6/16/2026,02/03/2026,0
960,Booth,5,0,60,6/16/2026,7/22/2026,0
962,Booth,6,0,60,6/16/2026,4/24/2026,0
972,Booth,5,0,60,6/16/2026,5/31/2026,0
973,Booth,5,1,60,6/16/2026,6/16/2026,0
975,Booth,5,1,60,6/16/2026,6/16/2026,0
984,Booth,5,0,60,6/16/2026,1/24/2026,0
988,Booth,5,0,60,6/16/2026,2/20/2026,0
990,Booth,6,0,60,6/16/2026,11/20/2025,0
993,Booth,6,0,60,6/16/2026,3/18/2026,0
999,Booth,5,0,60,6/16/2026,4/15/2026,0
1001,Room,5,0,60,6/16/2026,7/30/2025,0
1002,Room,5,0,105,6/16/2026,6/17/2025,0
1004,Booth,5,0,60,6/16/2026,12/23/2025,0
1005,Booth,5,0,60,6/16/2026,2/17/2025,0
1007,Booth,5,0,105,6/16/2026,11/09/2025,0
1009,Booth,5,0,60,6/16/2026,11/04/2025,1
1011,Booth,5,0,60,6/16/2026,3/22/2026,0
1012,Room,5,0,60,6/16/2026,09/09/2025,0
1013,Booth,5,0,60,6/16/2026,4/26/2025,0
1016,Booth,5,0,60,6/16/2026,07/07/2026,1
1019,Booth,6,0,60,6/16/2026,5/27/2025,0
1021,Room,5,0,60,6/16/2026,4/13/2025,0
1028,Room,5,0,60,6/16/2026,10/04/2025,0
1029,Booth,5,0,105,6/16/2026,9/27/2025,0
1030,Booth,5,0,60,6/16/2026,7/24/2026,0
1031,Booth,6,0,60,6/16/2026,11/21/2025,0
1032,Booth,5,0,60,6/16/2026,4/19/2026,0
1035,Booth,6,0,60,6/16/2026,8/15/2025,0
1038,Booth,5,0,60,6/16/2026,07/10/2025,0
1043,Booth,5,0,210,6/16/2026,2/16/2026,0
1046,Room,5,0,105,6/16/2026,06/02/2025,0
1048,Booth,5,0,60,6/16/2026,8/28/2025,0
1056,Booth,5,0,60,6/16/2026,08/05/2025,0
1064,Booth,5,0,60,6/16/2026,03/01/2025,0
1066,Booth,5,0,60,6/16/2026,3/23/2026,0
1068,Booth,5,0,60,6/16/2026,05/08/2025,0
1070,Room,5,0,60,6/16/2026,02/06/2025,0
1074,Booth,5,1,60,6/16/2026,6/16/2026,0
1076,Booth,5,0,60,6/16/2026,06/05/2026,0
1082,Room,6,0,60,6/16/2026,04/02/2025,0
1083,Booth,5,0,60,6/16/2026,2/15/2025,0
1085,Booth,5,0,60,6/16/2026,3/14/2026,0
1087,Booth,7,0,60,6/16/2026,11/16/2025,0
1088,Booth,5,0,60,6/16/2026,01/06/2026,0
1090,Booth,5,0,60,6/16/2026,03/03/2025,0
1091,Booth,5,0,60,6/16/2026,10/19/2025,0
1092,Booth,5,0,60,6/16/2026,11/08/2025,0
1096,Booth,5,0,60,6/16/2026,12/09/2025,0
1097,Booth,5,0,60,6/16/2026,07/02/2026,0
1099,Room,5,0,60,6/16/2026,3/30/2025,1
1104,Booth,5,0,60,6/16/2026,5/29/2025,0
1106,Room,5,0,60,6/16/2026,5/27/2026,0
1109,Booth,5,0,60,6/16/2026,01/03/2026,0
1111,Booth,5,0,60,6/16/2026,3/19/2025,0
1114,Booth,5,0,60,6/16/2026,5/25/2026,0
1115,Booth,5,0,60,6/16/2026,6/30/2026,0
1116,Booth,6,1,105,6/16/2026,6/16/2026,0
1117,Booth,5,0,60,6/16/2026,5/27/2025,0
1118,Booth,5,0,60,6/16/2026,5/13/2026,0
1121,Room,5,0,60,6/16/2026,08/10/2025,1
1122,Booth,5,0,60,6/16/2026,05/09/2026,1
1125,Booth,5,0,60,6/16/2026,1/14/2026,0
1127,Booth,5,0,210,6/16/2026,5/17/2025,0
1130,Booth,5,0,60,6/16/2026,10/12/2025,0
1131,Booth,5,0,60,6/16/2026,6/30/2026,0
1136,Booth,5,0,60,6/16/2026,05/03/2025,0
1147,Room,5,0,60,6/16/2026,1/22/2026,0
1148,Booth,5,0,60,6/16/2026,4/13/2026,0
1149,Booth,5,0,60,6/16/2026,08/03/2026,1
1150,Room,5,1,60,6/16/2026,6/16/2026,0
1161,Booth,5,0,60,6/16/2026,6/21/2026,0
1163,Booth,6,0,60,6/16/2026,10/10/2025,0
1165,Booth,5,0,75,6/16/2026,7/30/2026,0
1169,Booth,5,0,60,6/16/2026,08/02/2026,0
1174,Booth,7,0,60,6/16/2026,10/13/2025,0
1177,Booth,5,1,60,6/16/2026,6/16/2026,0
1179,Booth,5,0,60,6/16/2026,07/04/2025,1
1180,Booth,5,0,60,6/16/2026,10/18/2025,0
1181,Booth,6,0,60,6/16/2026,3/20/2025,0
1183,Booth,6,0,60,6/16/2026,06/07/2026,0
1184,Booth,5,0,60,6/16/2026,5/21/2025,0
1185,Booth,5,0,60,6/16/2026,2/21/2025,0
1188,Booth,5,0,60,6/16/2026,7/23/2026,0
1190,Booth,5,0,60,6/16/2026,3/20/2025,0
1193,Booth,5,0,60,6/16/2026,04/08/2025,0
1194,Booth,5,0,60,6/16/2026,12/22/2025,0
1195,Booth,5,0,60,6/16/2026,06/01/2025,0
1197,Booth,5,0,60,6/16/2026,4/28/2026,0
1198,Booth,5,0,60,6/16/2026,6/22/2025,0
1200,Booth,5,0,60,6/16/2026,09/09/2025,0
1202,Booth,5,0,180,6/16/2026,8/17/2025,0
1207,Booth,5,0,60,6/16/2026,11/11/2025,0
1209,Booth,5,0,60,6/16/2026,03/02/2026,0
1212,Booth,5,0,60,6/16/2026,10/15/2025,0
1213,Booth,5,0,60,6/16/2026,08/01/2026,0
1217,Booth,5,0,60,6/16/2026,1/19/2026,0
1220,Booth,5,0,60,6/16/2026,2/23/2025,0
1221,Booth,5,0,60,6/16/2026,02/07/2025,0
1223,Booth,5,0,60,6/16/2026,10/05/2025,0
1225,Booth,5,0,60,6/16/2026,12/04/2025,0
1226,Room,5,0,60,6/16/2026,7/28/2025,0
1231,Booth,5,0,60,6/16/2026,02/04/2025,0
1233,Room,5,0,60,6/16/2026,07/11/2025,0
1234,Booth,5,0,60,6/16/2026,1/23/2026,0
1236,Booth,5,0,60,6/16/2026,10/10/2025,0
1237,Room,5,0,60,6/16/2026,9/21/2025,0
1238,Booth,6,0,105,6/16/2026,06/05/2025,0
1243,Booth,5,0,60,6/16/2026,7/21/2026,0
1245,Booth,5,0,60,6/16/2026,10/05/2025,0
1246,Booth,6,0,60,6/16/2026,07/07/2026,0
1247,Booth,5,0,60,6/16/2026,04/01/2026,0
1250,Room,5,0,60,6/16/2026,05/12/2025,0
1251,Booth,5,0,60,6/16/2026,08/01/2025,0
1256,Booth,5,0,60,6/16/2026,8/27/2025,0
1260,Booth,5,0,60,6/16/2026,4/18/2025,0
1261,Booth,5,0,60,6/16/2026,06/10/2025,0
1262,Booth,5,0,60,6/16/2026,7/17/2025,0
1264,Booth,5,0,60,6/16/2026,8/30/2025,0
1265,Booth,5,0,60,6/16/2026,9/13/2025,0
1268,Booth,5,0,60,6/16/2026,05/12/2026,0
1273,Booth,5,1,60,6/16/2026,6/16/2026,0
1279,Booth,5,0,60,6/16/2026,8/31/2025,0
1280,Booth,5,1,60,6/16/2026,6/16/2026,0
1284,Booth,5,0,60,6/16/2026,09/11/2025,0
1285,Booth,5,0,60,6/16/2026,11/22/2025,0
1286,Booth,5,0,60,6/16/2026,5/16/2025,0
1291,Booth,5,0,60,6/16/2026,5/25/2026,0
1294,Booth,5,0,60,6/16/2026,3/16/2026,0
1296,Booth,5,0,60,6/16/2026,3/19/2025,0
1297,Booth,5,0,60,6/16/2026,2/28/2025,1
1298,Booth,5,0,60,6/16/2026,06/09/2026,0
1300,Booth,5,0,60,6/16/2026,8/30/2025,0
1303,Booth,5,0,105,6/16/2026,9/15/2025,0
1304,Booth,5,0,60,6/16/2026,11/30/2025,0
1306,Room,5,1,60,6/16/2026,6/16/2026,0
1309,Room,5,1,60,6/16/2026,6/16/2026,0
1311,Room,5,0,60,6/16/2026,6/19/2026,0
1319,Booth,5,0,105,6/16/2026,08/08/2025,0
1321,Booth,5,0,60,6/16/2026,06/11/2025,0
1327,Booth,5,0,60,6/16/2026,09/06/2025,0
1331,Booth,5,0,60,6/16/2026,04/10/2026,0
1332,Booth,5,0,60,6/16/2026,4/27/2025,0
1333,Booth,5,0,105,6/16/2026,10/30/2025,0
1335,Booth,5,0,60,6/16/2026,2/18/2025,0
1342,Booth,5,0,60,6/16/2026,3/26/2026,0
1349,Booth,5,0,60,6/16/2026,8/13/2025,0
1351,Booth,6,0,60,6/16/2026,02/02/2026,0
1353,Booth,5,0,60,6/16/2026,01/04/2026,0
1355,Booth,5,0,60,6/16/2026,05/01/2026,0
1357,Room,5,0,60,6/16/2026,07/04/2026,0
1358,Booth,5,0,60,6/16/2026,7/29/2026,0
1367,Booth,5,0,60,6/16/2026,03/09/2025,0
1369,Booth,5,0,60,6/16/2026,3/31/2025,0
1374,Booth,5,1,60,6/16/2026,6/16/2026,0
1376,Booth,5,0,60,6/16/2026,05/11/2026,0
1382,Booth,5,0,60,6/16/2026,1/19/2026,0
1384,Booth,5,0,60,6/16/2026,03/02/2025,0
1386,Booth,5,0,60,6/16/2026,7/23/2026,0
1387,Booth,5,0,60,6/16/2026,4/16/2026,0
1390,Booth,5,0,180,6/16/2026,11/01/2025,0
1392,Booth,5,0,60,6/16/2026,3/29/2026,0
1397,Booth,5,0,60,6/16/2026,2/14/2026,0
1398,Booth,5,0,105,6/16/2026,5/22/2026,0
1399,Booth,5,0,60,6/16/2026,4/22/2025,0
1400,Room,5,0,60,6/16/2026,6/25/2026,0
1405,Booth,5,0,60,6/16/2026,04/12/2025,0
1410,Room,6,0,60,6/16/2026,4/27/2025,0
1412,Booth,5,0,60,6/16/2026,7/13/2026,0
1417,Booth,5,0,60,6/16/2026,09/09/2025,0
1419,Room,5,1,60,6/16/2026,6/16/2026,0
1423,Booth,5,0,60,6/16/2026,6/30/2026,0
1434,Booth,5,0,60,6/16/2026,07/07/2026,0
1435,Booth,5,0,60,6/16/2026,04/09/2026,0
1436,Booth,5,0,60,6/16/2026,04/12/2025,0
1437,Booth,5,0,60,6/16/2026,5/30/2025,0
1440,Booth,5,0,60,6/16/2026,09/01/2025,0
1444,Booth,5,0,60,6/16/2026,6/30/2026,0
1451,Booth,5,0,60,6/16/2026,7/20/2026,0
1455,Booth,5,0,60,6/16/2026,08/01/2026,0
1457,Booth,7,0,60,6/16/2026,10/30/2025,0
1458,Booth,5,0,60,6/16/2026,5/19/2026,0
1463,Booth,5,0,60,6/16/2026,7/17/2026,0
1465,Booth,5,0,60,6/16/2026,1/30/2026,0
1469,Booth,5,0,60,6/16/2026,06/03/2025,0
1470,Booth,5,0,60,6/16/2026,04/06/2026,0
1471,Booth,5,0,105,6/16/2026,06/02/2026,0
1475,Booth,5,0,60,6/16/2026,05/04/2025,0
1477,Booth,5,1,60,6/16/2026,6/16/2026,0
1478,Booth,5,0,15,6/16/2026,5/19/2025,0
1483,Room,5,0,60,6/16/2026,12/15/2025,0
1484,Booth,5,0,60,6/16/2026,10/13/2025,0
1487,Booth,5,0,60,6/16/2026,12/03/2025,0
1489,Booth,5,0,60,6/16/2026,3/26/2026,0
1493,Booth,6,1,60,6/16/2026,6/16/2026,0
1495,Booth,5,0,60,6/16/2026,08/07/2025,0
1497,Booth,5,0,60,6/16/2026,7/15/2026,0
1499,Booth,5,0,60,6/16/2026,3/17/2026,0
1501,Booth,5,0,60,6/16/2026,08/03/2026,0
1504,Booth,5,0,60,6/16/2026,06/11/2026,0
1510,Room,5,0,60,6/16/2026,8/17/2025,0
1511,Booth,5,0,60,6/16/2026,5/13/2025,0
1518,Booth,5,0,60,6/16/2026,10/28/2025,0
1519,Booth,5,0,60,6/16/2026,8/15/2025,0
1520,Booth,5,0,60,6/16/2026,5/31/2025,0
1521,Booth,5,0,60,6/16/2026,03/10/2025,0
1524,Booth,5,0,60,6/16/2026,6/29/2026,0
1527,Booth,5,0,60,6/16/2026,5/29/2025,0
1533,Booth,5,0,60,6/16/2026,04/05/2026,0
1538,Room,5,0,60,6/16/2026,4/15/2026,0
1545,Room,5,0,105,6/16/2026,2/20/2025,0
1549,Room,5,0,60,6/16/2026,6/26/2026,0
1550,Booth,5,0,60,6/16/2026,6/28/2025,0
1554,Room,5,0,60,6/16/2026,5/26/2026,0
1555,Room,5,0,60,6/16/2026,07/03/2026,1
1557,Booth,5,0,60,6/16/2026,5/24/2025,0
1558,Booth,5,0,180,6/16/2026,01/07/2026,0
1559,Booth,5,0,60,6/16/2026,03/07/2026,0
1561,Booth,5,1,210,6/16/2026,6/16/2026,0
1562,Booth,5,0,60,6/16/2026,9/16/2025,0
1563,Booth,5,1,60,6/16/2026,6/16/2026,0
1566,Booth,5,0,60,6/16/2026,12/06/2025,0
1570,Booth,5,0,60,6/16/2026,3/20/2026,0
1572,Booth,5,0,60,6/16/2026,10/17/2025,0
1573,Booth,5,1,60,6/16/2026,6/16/2026,0
1577,Booth,5,0,60,6/16/2026,5/25/2026,0
1582,Booth,5,0,60,6/16/2026,06/12/2026,0
1583,Booth,5,0,60,6/16/2026,6/24/2025,0
1585,Booth,5,0,60,6/16/2026,5/26/2025,0
1586,Booth,5,0,60,6/16/2026,3/14/2025,0
1589,Booth,5,0,75,6/16/2026,12/27/2025,0
1590,Booth,5,0,30,6/16/2026,8/15/2025,0
1599,Booth,5,0,60,6/16/2026,6/25/2026,0
1603,Room,5,0,60,6/16/2026,03/07/2026,0
1606,Booth,5,0,60,6/16/2026,10/11/2025,0
1614,Booth,5,0,60,6/16/2026,3/27/2025,0
1616,Booth,5,0,60,6/16/2026,06/05/2026,0
1619,Booth,5,0,210,6/16/2026,02/03/2025,1
1622,Booth,5,0,60,6/16/2026,6/14/2025,0
1623,Booth,5,0,75,6/16/2026,5/15/2025,0
1626,Booth,5,0,60,6/16/2026,8/30/2025,0
1628,Booth,5,0,75,6/16/2026,02/12/2026,0
1635,Room,5,0,60,6/16/2026,05/04/2025,0
1637,Booth,5,0,60,6/16/2026,07/08/2025,0
1638,Booth,5,0,105,6/16/2026,6/23/2026,0
1642,Booth,5,0,105,6/16/2026,11/21/2025,0
1643,Booth,5,0,60,6/16/2026,01/03/2026,0
1645,Booth,5,0,60,6/16/2026,6/24/2025,1
1650,Booth,5,0,60,6/16/2026,09/11/2025,0
1652,Room,5,0,60,6/16/2026,12/30/2025,0
1653,Booth,5,0,60,6/16/2026,3/25/2026,0
1658,Booth,5,0,60,6/16/2026,01/10/2026,0
1661,Booth,5,0,105,6/16/2026,04/09/2025,0
1664,Booth,5,0,60,6/16/2026,6/21/2025,0
1666,Booth,5,0,60,6/16/2026,12/01/2025,0
1669,Booth,5,0,60,6/16/2026,03/06/2026,0
1671,Booth,5,0,60,6/16/2026,6/21/2026,0
1672,Booth,5,0,60,6/16/2026,05/08/2025,0
1673,Booth,5,0,60,6/16/2026,10/24/2025,0
1674,Booth,5,0,60,6/16/2026,4/22/2026,0
1675,Room,6,0,60,6/16/2026,02/02/2025,0
1676,Booth,5,0,60,6/16/2026,2/14/2026,0
1679,Room,5,0,60,6/16/2026,6/17/2026,0
1681,Booth,5,0,60,6/16/2026,7/23/2025,0
1684,Booth,5,0,60,6/16/2026,10/06/2025,0
1685,Booth,5,0,60,6/16/2026,07/02/2026,0
1687,Booth,5,0,60,6/16/2026,6/29/2026,0
1689,Booth,5,0,60,6/16/2026,04/02/2026,0
1690,Booth,5,0,60,6/16/2026,05/06/2025,0
1691,Booth,5,0,60,6/16/2026,12/10/2025,0
1692,Booth,5,0,60,6/16/2026,04/01/2025,0
1693,Booth,5,0,60,6/16/2026,1/22/2026,0
1700,Booth,5,0,60,6/16/2026,3/31/2026,0
1701,Booth,5,0,60,6/16/2026,12/28/2025,0
1702,Booth,5,0,60,6/16/2026,05/04/2025,0
1703,Booth,5,1,210,6/16/2026,6/16/2026,0
1709,Booth,5,0,60,6/16/2026,05/03/2026,0
1710,Booth,5,0,60,6/16/2026,5/13/2025,0
1711,Booth,5,0,60,6/16/2026,10/29/2025,0
1717,Booth,5,0,60,6/16/2026,3/13/2026,0
1718,Booth,5,0,60,6/16/2026,01/06/2026,0
1719,Booth,5,0,60,6/16/2026,3/23/2025,0
1721,Booth,5,0,60,6/16/2026,05/07/2025,0
1726,Booth,6,0,60,6/16/2026,04/02/2026,0
1727,Room,5,0,60,6/16/2026,5/14/2026,0
1730,Booth,5,0,60,6/16/2026,7/13/2025,0
1731,Booth,5,0,60,6/16/2026,5/27/2025,0
1732,Booth,5,0,60,6/16/2026,02/11/2026,0
1737,Booth,5,0,60,6/16/2026,2/16/2025,0
1739,Booth,5,0,60,6/16/2026,4/13/2026,0
1740,Booth,5,0,210,6/16/2026,12/05/2025,0
1743,Booth,5,0,60,6/16/2026,09/03/2025,0
1744,Booth,5,0,60,6/16/2026,4/21/2025,0
1752,Booth,5,0,60,6/16/2026,10/16/2025,0
1754,Booth,5,0,60,6/16/2026,03/06/2025,0
1757,Booth,5,0,60,6/16/2026,3/29/2025,0
1758,Booth,6,0,60,6/16/2026,7/25/2025,0
1759,Room,5,1,75,6/16/2026,6/16/2026,0
1763,Booth,5,0,15,6/16/2026,12/30/2025,0
1764,Booth,5,0,60,6/16/2026,6/18/2025,0
1765,Booth,5,0,60,6/16/2026,03/10/2026,0
1768,Room,5,0,60,6/16/2026,3/31/2025,0
1771,Room,5,0,60,6/16/2026,04/03/2026,0
1775,Booth,5,0,105,6/16/2026,05/09/2025,0
1776,Booth,5,0,60,6/16/2026,11/05/2025,0
1777,Booth,5,0,60,6/16/2026,4/23/2026,0
1779,Booth,5,0,60,6/16/2026,5/24/2025,0
1780,Booth,5,0,60,6/16/2026,11/20/2025,0
1782,Booth,5,0,60,6/16/2026,4/18/2026,0
1783,Booth,5,0,60,6/16/2026,12/30/2025,0
1784,Booth,5,0,60,6/16/2026,6/22/2025,1
1786,Booth,5,0,60,6/16/2026,4/15/2025,0
1789,Booth,5,0,60,6/16/2026,1/14/2026,0
1791,Booth,5,0,60,6/16/2026,9/25/2025,0
1792,Booth,5,0,60,6/16/2026,10/22/2025,0
1793,Booth,5,0,60,6/16/2026,3/15/2026,0
1803,Booth,5,0,60,6/16/2026,11/05/2025,0
1805,Booth,5,0,180,6/16/2026,12/22/2025,0
1807,Booth,5,0,60,6/16/2026,6/21/2025,0
1808,Booth,5,0,60,6/16/2026,03/12/2026,0
1810,Booth,5,0,60,6/16/2026,2/13/2025,0
1812,Room,5,0,60,6/16/2026,07/12/2026,0
1816,Booth,5,0,60,6/16/2026,8/26/2025,0
1817,Booth,5,0,60,6/16/2026,3/21/2025,0
1818,Booth,5,0,60,6/16/2026,3/23/2026,0
1821,Booth,5,0,60,6/16/2026,9/16/2025,0
1823,Booth,5,0,15,6/16/2026,10/08/2025,0
1833,Booth,6,0,60,6/16/2026,1/22/2026,0
1835,Booth,5,0,105,6/16/2026,5/31/2025,0
1836,Booth,5,0,60,6/16/2026,5/29/2026,0
1837,Booth,5,0,60,6/16/2026,01/01/2026,0
1838,Booth,6,0,60,6/16/2026,05/05/2025,0
1843,Booth,5,0,60,6/16/2026,12/20/2025,0
1845,Room,6,0,60,6/16/2026,03/03/2025,0
1847,Booth,5,1,60,6/16/2026,6/16/2026,0
1848,Booth,5,0,60,6/16/2026,10/19/2025,0
1849,Room,5,0,60,6/16/2026,03/06/2025,0
1852,Booth,5,0,60,6/16/2026,5/20/2025,0
1854,Booth,5,0,60,6/16/2026,7/18/2025,0
1856,Booth,5,0,60,6/16/2026,2/13/2025,0
1859,Booth,5,0,60,6/16/2026,12/02/2025,0
1860,Booth,5,1,105,6/16/2026,6/16/2026,0
1863,Booth,5,0,60,6/16/2026,1/18/2026,0
1870,Booth,5,0,60,6/16/2026,06/02/2026,0
1872,Booth,5,0,60,6/16/2026,10/30/2025,0
1873,Booth,5,0,210,6/16/2026,04/01/2025,1
1875,Booth,5,0,60,6/16/2026,6/25/2026,0
1877,Booth,5,1,60,6/16/2026,6/16/2026,0
1879,Booth,5,0,60,6/16/2026,2/22/2026,0
1882,Booth,5,0,60,6/16/2026,5/24/2026,0
1883,Booth,5,0,60,6/16/2026,5/27/2026,0
1884,Booth,5,0,60,6/16/2026,7/25/2026,1
1890,Booth,5,0,60,6/16/2026,10/24/2025,1
1891,Booth,5,0,60,6/16/2026,6/15/2025,0
1892,Booth,5,0,60,6/16/2026,1/22/2026,0
1896,Booth,5,0,60,6/16/2026,2/27/2025,0
1897,Booth,5,1,60,6/16/2026,6/16/2026,0
1899,Booth,5,0,105,6/16/2026,09/09/2025,0
1901,Booth,5,0,60,6/16/2026,1/13/2026,0
1903,Booth,5,0,75,6/16/2026,03/07/2025,0
1904,Booth,5,0,60,6/16/2026,12/22/2025,1
1905,Booth,5,0,60,6/16/2026,3/13/2026,0
1907,Booth,5,0,60,6/16/2026,8/16/2025,0
1908,Booth,5,0,60,6/16/2026,8/29/2025,0
1910,Booth,6,0,60,6/16/2026,03/07/2026,0
1911,Booth,5,0,60,6/16/2026,01/03/2026,0
1918,Room,5,1,60,6/16/2026,6/16/2026,0
1923,Booth,5,0,60,6/16/2026,10/14/2025,0
1925,Booth,5,0,60,6/16/2026,04/11/2025,0
1927,Booth,5,0,60,6/16/2026,6/22/2025,0
1930,Booth,5,0,75,6/16/2026,4/27/2026,0
1932,Booth,5,0,60,6/16/2026,11/29/2025,0
1937,Booth,5,0,60,6/16/2026,10/02/2025,0
1938,Booth,5,1,60,6/16/2026,6/16/2026,0
1942,Booth,5,0,60,6/16/2026,10/18/2025,0
1943,Booth,5,0,60,6/16/2026,7/15/2025,0
1945,Booth,5,0,60,6/16/2026,8/17/2025,0
1948,Booth,5,0,60,6/16/2026,02/08/2026,0
1949,Booth,5,0,60,6/16/2026,07/12/2026,0
1952,Booth,5,0,60,6/16/2026,08/11/2025,0
1953,Booth,5,0,60,6/16/2026,11/12/2025,0
1955,Booth,5,0,75,6/16/2026,7/25/2025,0
1956,Booth,5,0,60,6/16/2026,11/14/2025,0
1959,Booth,5,0,60,6/16/2026,2/15/2026,0
1961,Booth,5,0,60,6/16/2026,2/25/2026,0
1962,Booth,5,0,60,6/16/2026,04/12/2026,0
1969,Booth,5,0,75,6/16/2026,04/03/2026,0
1972,Booth,5,0,60,6/16/2026,03/08/2026,0
1973,Booth,5,0,60,6/16/2026,3/19/2026,0
1974,Room,5,0,60,6/16/2026,5/17/2025,0
1976,Room,5,0,60,6/16/2026,2/15/2026,0
1978,Booth,5,0,60,6/16/2026,06/11/2025,0
1980,Booth,5,0,30,6/16/2026,3/13/2026,0
1981,Booth,5,0,60,6/16/2026,06/12/2025,0
1983,Booth,7,0,60,6/16/2026,05/06/2026,0
1984,Booth,5,0,60,6/16/2026,7/25/2025,0
1985,Booth,6,0,60,6/16/2026,11/12/2025,0
1987,Booth,5,0,60,6/16/2026,11/03/2025,0
1989,Booth,5,1,60,6/16/2026,6/16/2026,0
1990,Booth,5,0,60,6/16/2026,03/03/2026,0
1991,Booth,5,0,60,6/16/2026,4/13/2025,0
1994,Booth,5,0,105,6/16/2026,6/26/2026,0
1995,Booth,6,1,60,6/16/2026,6/16/2026,0
1996,Booth,5,1,210,6/16/2026,6/16/2026,0
1997,Booth,5,0,60,6/16/2026,06/01/2025,1
2001,Booth,5,0,60,6/16/2026,3/13/2025,0
2002,Booth,5,0,60,6/16/2026,7/22/2025,0
2005,Booth,5,0,60,6/16/2026,1/21/2026,0
2006,Booth,5,0,60,6/16/2026,07/04/2026,0
2008,Booth,5,0,60,6/16/2026,7/20/2026,0
2013,Booth,5,0,60,6/16/2026,03/06/2025,0
2015,Room,5,0,60,6/16/2026,5/14/2025,0
2016,Booth,5,0,60,6/16/2026,05/01/2026,0
2017,Booth,5,0,60,6/16/2026,07/02/2025,0
2018,Booth,5,0,60,6/16/2026,6/22/2025,0
2028,Booth,5,0,60,6/16/2026,09/02/2025,1
2031,Room,5,0,105,6/16/2026,07/01/2025,0
2032,Booth,5,0,60,6/16/2026,4/26/2026,0
2035,Booth,5,0,60,6/16/2026,05/05/2026,0
2039,Booth,5,1,60,6/16/2026,6/16/2026,0
2041,Room,5,0,60,6/16/2026,5/23/2026,0
2043,Booth,5,0,60,6/16/2026,2/19/2026,0
2048,Booth,6,0,60,6/16/2026,5/28/2025,0
2049,Booth,5,0,60,6/16/2026,3/20/2026,0
2051,Booth,5,0,60,6/16/2026,7/18/2026,0
2052,Booth,6,0,60,6/16/2026,10/13/2025,0
2058,Booth,5,0,60,6/16/2026,03/12/2025,0
2060,Room,6,0,60,6/16/2026,11/23/2025,0
2061,Booth,6,0,210,6/16/2026,03/01/2026,1
2063,Booth,6,0,60,6/16/2026,05/10/2026,0
2070,Room,5,0,60,6/16/2026,7/15/2026,0
2072,Room,5,0,60,6/16/2026,4/18/2026,0
2075,Booth,5,0,60,6/16/2026,06/11/2025,0
2077,Booth,5,0,60,6/16/2026,11/08/2025,0
2080,Booth,5,1,60,6/16/2026,6/16/2026,0
2081,Booth,5,0,60,6/16/2026,4/27/2026,0
2082,Booth,6,0,60,6/16/2026,01/01/2026,0
2086,Booth,5,0,60,6/16/2026,09/12/2025,0
2089,Booth,5,0,105,6/16/2026,11/03/2025,0
2090,Booth,5,0,60,6/16/2026,4/17/2026,0
2091,Booth,5,0,210,6/16/2026,9/17/2025,0
2092,Booth,5,0,60,6/16/2026,2/27/2025,0
2095,Room,5,0,60,6/16/2026,4/28/2026,0
2098,Booth,5,1,60,6/16/2026,6/16/2026,0
2100,Booth,5,0,60,6/16/2026,04/10/2025,0
2102,Booth,5,0,60,6/16/2026,04/10/2025,0
2104,Booth,5,0,60,6/16/2026,5/31/2025,0
2113,Booth,5,0,60,6/16/2026,08/01/2025,0
2114,Booth,5,0,75,6/16/2026,5/28/2025,0
2116,Booth,5,0,60,6/16/2026,12/07/2025,0
2120,Booth,5,0,60,6/16/2026,11/10/2025,0
2124,Booth,5,0,60,6/16/2026,03/07/2025,0
2126,Booth,5,0,60,6/16/2026,09/08/2025,1
2128,Booth,5,1,60,6/16/2026,6/16/2026,0
2129,Booth,5,0,60,6/16/2026,9/25/2025,0
2130,Booth,5,0,105,6/16/2026,10/02/2025,0
2131,Booth,5,0,60,6/16/2026,01/11/2026,0
2132,Room,5,0,60,6/16/2026,08/05/2026,0
2133,Booth,5,0,60,6/16/2026,2/18/2026,0
2137,Booth,5,1,60,6/16/2026,6/16/2026,0
2138,Booth,5,1,60,6/16/2026,6/16/2026,0
2139,Booth,5,0,60,6/16/2026,6/13/2025,0
2141,Booth,5,0,60,6/16/2026,7/22/2025,0
2142,Booth,5,0,60,6/16/2026,03/04/2025,0
2146,Booth,5,0,60,6/16/2026,3/30/2025,0
2147,Booth,5,0,60,6/16/2026,1/16/2026,0
2151,Booth,5,0,60,6/16/2026,4/21/2025,0
2153,Booth,5,0,60,6/16/2026,10/04/2025,0
2154,Room,6,0,75,6/16/2026,1/18/2026,1
2156,Booth,5,1,60,6/16/2026,6/16/2026,0
2159,Booth,5,0,60,6/16/2026,05/09/2025,0
2163,Booth,5,0,60,6/16/2026,2/26/2025,0
2164,Booth,5,0,60,6/16/2026,1/23/2026,0
2166,Booth,5,0,60,6/16/2026,02/05/2026,0
2171,Booth,6,0,60,6/16/2026,07/05/2025,0
2172,Booth,5,0,60,6/16/2026,2/26/2026,0
2175,Booth,5,0,60,6/16/2026,05/04/2025,0
2176,Room,5,0,60,6/16/2026,6/18/2026,0
2177,Room,5,0,60,6/16/2026,07/02/2025,0
2178,Booth,5,0,60,6/16/2026,01/07/2026,0
2182,Room,5,0,60,6/16/2026,02/04/2026,0
2184,Booth,5,0,60,6/16/2026,7/26/2026,0
2185,Booth,5,0,180,6/16/2026,7/23/2026,0
2189,Booth,5,1,60,6/16/2026,6/16/2026,0
2190,Booth,5,0,60,6/16/2026,02/04/2026,0
2194,Booth,5,0,60,6/16/2026,05/02/2025,0
2198,Booth,5,0,60,6/16/2026,5/15/2026,0
2200,Booth,5,0,60,6/16/2026,03/04/2026,0
2201,Booth,5,1,60,6/16/2026,6/16/2026,0
2203,Booth,5,0,60,6/16/2026,6/13/2026,0
2204,Booth,5,0,210,6/16/2026,06/06/2025,0
2205,Booth,5,0,60,6/16/2026,5/13/2025,0
2206,Booth,5,0,60,6/16/2026,03/01/2026,0
2209,Booth,5,0,60,6/16/2026,3/20/2026,0
2211,Room,5,0,60,6/16/2026,02/05/2026,0
2215,Booth,5,0,60,6/16/2026,2/14/2025,0
2217,Booth,5,0,60,6/16/2026,2/15/2026,0
2222,Booth,5,0,60,6/16/2026,6/22/2025,1
2225,Booth,5,0,60,6/16/2026,8/13/2025,0
2228,Booth,5,0,60,6/16/2026,10/19/2025,0
2230,Room,5,0,60,6/16/2026,8/29/2025,0
2232,Booth,5,0,210,6/16/2026,03/11/2025,0
2240,Booth,5,0,60,6/16/2026,01/10/2026,0
2241,Booth,5,0,60,6/16/2026,4/22/2026,1
2245,Booth,5,0,60,6/16/2026,7/17/2026,0
2248,Booth,5,0,60,6/16/2026,6/27/2026,1
2253,Booth,5,0,60,6/16/2026,05/01/2026,0
2260,Booth,5,1,60,6/16/2026,6/16/2026,0
2261,Booth,5,0,60,6/16/2026,5/14/2026,0
2262,Booth,5,0,60,6/16/2026,01/02/2026,0
2267,Room,5,0,60,6/16/2026,8/16/2025,0
2268,Room,5,0,60,6/16/2026,4/30/2026,0
2271,Booth,5,0,60,6/16/2026,11/26/2025,0
2273,Room,5,0,60,6/16/2026,04/02/2025,0
2276,Room,5,0,75,6/16/2026,02/01/2026,0
2278,Booth,5,0,60,6/16/2026,9/28/2025,0
2280,Booth,5,0,60,6/16/2026,1/28/2026,0
2281,Booth,5,0,60,6/16/2026,4/29/2026,0
2282,Booth,5,0,60,6/16/2026,9/13/2025,0
2284,Booth,5,1,60,6/16/2026,6/16/2026,0
2286,Booth,5,1,60,6/16/2026,6/16/2026,0
2290,Booth,5,0,60,6/16/2026,7/29/2025,0
2292,Booth,5,0,60,6/16/2026,7/19/2026,0
2294,Booth,5,0,60,6/16/2026,3/14/2025,0
2298,Room,5,0,60,6/16/2026,4/29/2025,0
2302,Room,5,0,60,6/16/2026,7/31/2025,0
2305,Booth,6,0,60,6/16/2026,09/02/2025,0
2308,Booth,5,0,60,6/16/2026,07/10/2026,0
2310,Room,5,0,60,6/16/2026,02/06/2026,0
2314,Booth,5,0,60,6/16/2026,07/03/2026,0
2318,Booth,5,0,105,6/16/2026,10/09/2025,0
2320,Booth,6,0,60,6/16/2026,5/25/2025,0
2322,Booth,5,0,60,6/16/2026,1/20/2026,0
2328,Booth,5,0,60,6/16/2026,11/19/2025,0
2330,Room,5,0,60,6/16/2026,7/29/2025,0
2332,Booth,5,0,60,6/16/2026,12/04/2025,0
2335,Booth,5,0,60,6/16/2026,06/09/2025,0
2337,Booth,6,0,60,6/16/2026,09/07/2025,0
2339,Booth,5,0,60,6/16/2026,07/04/2025,0
2342,Booth,5,1,60,6/16/2026,6/16/2026,0
2343,Room,5,0,60,6/16/2026,11/21/2025,0
2349,Booth,5,0,90,6/16/2026,09/09/2025,1
2350,Booth,5,0,210,6/16/2026,05/01/2026,0
2351,Booth,5,0,60,6/16/2026,6/29/2025,0
2354,Booth,5,0,60,6/16/2026,6/17/2026,0
2355,Booth,5,0,60,6/16/2026,4/24/2025,0
2359,Booth,5,0,60,6/16/2026,06/08/2025,0
2362,Room,5,0,60,6/16/2026,06/04/2025,0
2363,Booth,5,0,60,6/16/2026,12/27/2025,0
2366,Booth,5,0,60,6/16/2026,3/27/2025,0
2368,Room,5,0,60,6/16/2026,07/04/2026,0
2372,Booth,5,0,60,6/16/2026,7/29/2026,1
2373,Booth,5,0,60,6/16/2026,04/03/2026,0
2374,Booth,6,0,60,6/16/2026,4/19/2025,0
2377,Booth,5,0,60,6/16/2026,4/13/2025,0
2378,Room,5,0,60,6/16/2026,03/09/2026,0
2383,Booth,5,0,60,6/16/2026,7/20/2026,0
2390,Booth,5,0,60,6/16/2026,02/09/2026,0
2391,Booth,5,0,60,6/16/2026,12/07/2025,1
2392,Room,5,0,60,6/16/2026,10/23/2025,0
2393,Booth,5,0,60,6/16/2026,9/20/2025,0
2394,Booth,5,0,60,6/16/2026,06/03/2025,0
2395,Booth,5,0,60,6/16/2026,4/27/2026,0
2397,Booth,6,0,60,6/16/2026,12/21/2025,0
2400,Booth,5,0,60,6/16/2026,5/16/2026,0
2401,Booth,5,0,60,6/16/2026,12/29/2025,0
2402,Booth,5,0,60,6/16/2026,4/27/2025,0
2407,Booth,5,0,60,6/16/2026,2/22/2025,0
2408,Booth,5,0,60,6/16/2026,12/14/2025,0
2411,Booth,6,0,60,6/16/2026,3/31/2025,0
2413,Booth,5,0,60,6/16/2026,09/03/2025,0
2415,Booth,5,0,60,6/16/2026,9/20/2025,0
2416,Booth,5,0,90,6/16/2026,04/02/2026,0
2417,Booth,5,0,60,6/16/2026,07/05/2025,0
2419,Booth,5,0,60,6/16/2026,5/20/2026,0
2421,Booth,5,0,60,6/16/2026,04/11/2025,0
2422,Booth,5,0,60,6/16/2026,02/08/2026,0
2427,Booth,5,0,60,6/16/2026,01/04/2026,0
2433,Booth,5,0,60,6/16/2026,1/19/2026,0
2436,Booth,5,0,60,6/16/2026,03/08/2025,0
2441,Booth,5,0,60,6/16/2026,7/23/2026,0
2445,Booth,5,0,60,6/16/2026,05/05/2025,0
2450,Booth,5,0,105,6/16/2026,1/31/2026,0
2451,Booth,5,0,60,6/16/2026,9/20/2025,0
2452,Booth,5,0,60,6/16/2026,5/26/2025,0
2457,Booth,5,0,60,6/16/2026,10/11/2025,0
2459,Booth,5,0,60,6/16/2026,3/13/2026,0
2464,Booth,5,1,90,6/16/2026,6/16/2026,0
2470,Booth,5,0,60,6/16/2026,10/01/2025,0
2476,Booth,5,0,60,6/16/2026,4/13/2025,0
2480,Booth,6,0,180,6/16/2026,07/05/2026,0
2481,Booth,5,0,60,6/16/2026,08/04/2025,0
2483,Booth,5,0,60,6/16/2026,11/27/2025,0
2485,Booth,5,0,60,6/16/2026,7/19/2025,0
2486,Booth,5,0,60,6/16/2026,1/15/2026,0
2487,Booth,5,0,60,6/16/2026,05/03/2026,0
2490,Room,5,0,60,6/16/2026,08/08/2025,0
2492,Booth,5,0,60,6/16/2026,12/10/2025,0
2493,Booth,5,0,60,6/16/2026,09/02/2025,0
2495,Room,6,0,60,6/16/2026,7/27/2026,0
2497,Booth,5,0,60,6/16/2026,11/24/2025,0
2501,Booth,5,0,60,6/16/2026,10/12/2025,0
2505,Booth,5,0,60,6/16/2026,6/20/2026,0
2508,Room,5,0,75,6/16/2026,2/16/2026,0
2511,Booth,5,0,60,6/16/2026,5/13/2026,0
2514,Booth,5,0,60,6/16/2026,5/22/2025,0
2517,Booth,5,0,60,6/16/2026,3/13/2026,0
2520,Booth,5,0,60,6/16/2026,2/13/2025,0
2521,Room,5,0,60,6/16/2026,5/26/2026,0
2523,Booth,5,0,60,6/16/2026,07/12/2026,0
2526,Room,5,0,60,6/16/2026,1/23/2026,0
2531,Booth,6,0,60,6/16/2026,07/08/2026,0
2533,Booth,5,0,60,6/16/2026,01/10/2026,0
2535,Booth,5,0,60,6/16/2026,08/05/2025,0
2537,Booth,5,0,60,6/16/2026,07/09/2025,0
2538,Booth,5,1,60,6/16/2026,6/16/2026,0
2541,Room,5,0,60,6/16/2026,10/02/2025,0
2543,Booth,5,0,105,6/16/2026,2/27/2025,0
2545,Booth,5,0,60,6/16/2026,2/28/2026,0
2547,Booth,5,0,60,6/16/2026,4/24/2025,0
2553,Booth,5,0,60,6/16/2026,6/15/2026,0
2556,Booth,5,0,60,6/16/2026,5/21/2025,0
2557,Booth,5,0,60,6/16/2026,1/25/2026,0
2559,Booth,5,0,60,6/16/2026,07/07/2026,0
2560,Booth,5,1,60,6/16/2026,6/16/2026,0
2561,Booth,5,0,60,6/16/2026,07/04/2026,0
2562,Booth,5,0,60,6/16/2026,01/06/2026,0
2575,Booth,5,0,60,6/16/2026,08/03/2025,0
2580,Booth,5,0,60,6/16/2026,5/24/2025,0
2587,Booth,5,0,60,6/16/2026,04/12/2025,0
2595,Booth,5,0,60,6/16/2026,04/11/2025,0
2599,Booth,5,1,210,6/16/2026,6/16/2026,0
2603,Booth,5,0,60,6/16/2026,6/16/2026,0
2605,Booth,5,0,60,6/16/2026,6/18/2026,0
2608,Booth,6,0,60,6/16/2026,07/04/2026,0
2609,Booth,5,0,60,6/16/2026,2/28/2026,0
2610,Booth,5,0,60,6/16/2026,1/19/2026,0
2613,Booth,5,0,60,6/16/2026,7/24/2025,0
2614,Booth,5,0,60,6/16/2026,5/26/2026,0
2618,Room,5,0,60,6/16/2026,2/27/2025,0
2622,Booth,5,0,60,6/16/2026,7/29/2026,0
2625,Room,5,0,60,6/16/2026,9/29/2025,0
2629,Booth,5,0,60,6/16/2026,12/03/2025,0
2630,Booth,5,0,60,6/16/2026,7/29/2025,0
2632,Booth,5,0,60,6/16/2026,01/12/2026,0
2634,Booth,5,0,60,6/16/2026,10/24/2025,0
2636,Booth,5,0,60,6/16/2026,2/23/2026,0
2637,Room,5,0,60,6/16/2026,9/22/2025,0
2642,Booth,5,0,60,6/16/2026,12/11/2025,0
2643,Booth,5,0,60,6/16/2026,6/27/2025,0
2645,Booth,5,1,60,6/16/2026,6/16/2026,0
2647,Booth,5,0,60,6/16/2026,10/12/2025,0
2651,Room,5,0,60,6/16/2026,04/11/2026,0
2656,Booth,5,0,210,6/16/2026,06/09/2026,0
2659,Booth,5,0,60,6/16/2026,02/08/2025,0
2662,Booth,6,0,60,6/16/2026,07/11/2026,0
2663,Booth,5,0,60,6/16/2026,12/18/2025,0
2664,Booth,5,0,105,6/16/2026,11/09/2025,0
2667,Booth,6,0,60,6/16/2026,5/28/2025,0
2668,Booth,5,0,60,6/16/2026,7/19/2025,0
2669,Booth,5,0,60,6/16/2026,04/02/2025,0
2670,Booth,5,0,60,6/16/2026,6/30/2026,0
2672,Booth,5,0,60,6/16/2026,03/03/2026,0
2673,Booth,5,0,60,6/16/2026,5/22/2025,0
2677,Booth,5,0,60,6/16/2026,12/01/2025,0
2682,Booth,5,0,60,6/16/2026,7/16/2025,0
2686,Room,7,0,60,6/16/2026,08/01/2026,0
2689,Booth,5,0,60,6/16/2026,4/21/2026,0
2690,Booth,5,0,90,6/16/2026,5/14/2026,0
2691,Room,5,0,60,6/16/2026,08/09/2025,0
2696,Booth,5,0,60,6/16/2026,07/10/2026,0
2698,Booth,6,0,60,6/16/2026,7/18/2026,1
2702,Booth,5,0,60,6/16/2026,7/13/2025,0
2703,Room,5,0,60,6/16/2026,6/22/2025,0
2706,Booth,5,0,60,6/16/2026,12/16/2025,0
2707,Booth,5,0,60,6/16/2026,5/20/2026,0
2708,Room,5,0,60,6/16/2026,10/25/2025,0
2709,Booth,5,0,60,6/16/2026,10/22/2025,0
2710,Booth,6,0,60,6/16/2026,5/29/2026,0
2713,Booth,5,0,60,6/16/2026,05/08/2026,0
2715,Booth,5,0,60,6/16/2026,01/10/2026,0
2718,Booth,5,0,60,6/16/2026,7/25/2025,0
2719,Booth,5,0,60,6/16/2026,05/04/2025,0
2722,Booth,6,0,60,6/16/2026,6/23/2026,0
2727,Booth,5,0,60,6/16/2026,10/30/2025,0
2728,Booth,5,0,60,6/16/2026,07/11/2026,0
2729,Booth,5,0,60,6/16/2026,12/27/2025,0
2731,Room,5,0,60,6/16/2026,07/01/2025,0
2735,Booth,5,0,60,6/16/2026,4/21/2026,0
2737,Booth,5,0,60,6/16/2026,01/01/2026,0
2743,Booth,5,0,60,6/16/2026,11/21/2025,0
2744,Room,5,0,60,6/16/2026,12/17/2025,0
2747,Booth,5,0,60,6/16/2026,03/03/2026,0
2752,Booth,5,0,75,6/16/2026,12/30/2025,0
2754,Booth,5,0,60,6/16/2026,02/08/2025,0
2755,Booth,5,0,60,6/16/2026,10/28/2025,0
2757,Booth,5,0,60,6/16/2026,2/18/2026,0
2759,Booth,5,0,60,6/16/2026,05/09/2025,0
2760,Booth,5,0,60,6/16/2026,5/22/2025,0
2763,Booth,5,0,60,6/16/2026,5/15/2026,0
2764,Booth,5,0,60,6/16/2026,05/11/2025,0
2765,Booth,5,0,60,6/16/2026,6/16/2025,0
2766,Booth,5,0,60,6/16/2026,3/25/2025,0
2772,Booth,5,0,60,6/16/2026,05/09/2026,0
2776,Room,5,0,60,6/16/2026,12/28/2025,1
2778,Booth,5,0,60,6/16/2026,2/17/2026,0
2780,Booth,5,0,60,6/16/2026,6/14/2025,0
2783,Booth,5,0,60,6/16/2026,2/23/2025,0
2784,Booth,5,0,60,6/16/2026,3/20/2025,0
2787,Booth,5,0,60,6/16/2026,02/01/2025,0
2792,Booth,6,0,60,6/16/2026,11/11/2025,0
2794,Booth,5,1,60,6/16/2026,6/16/2026,0
2799,Booth,5,1,210,6/16/2026,6/16/2026,0
2801,Booth,5,0,60,6/16/2026,9/20/2025,0
2804,Room,5,0,60,6/16/2026,2/26/2025,0
2805,Booth,5,0,60,6/16/2026,07/04/2026,1
2810,Booth,5,0,60,6/16/2026,05/12/2026,0
2813,Booth,6,0,60,6/16/2026,1/13/2026,0
2814,Booth,5,0,60,6/16/2026,05/07/2026,0
2815,Booth,5,0,60,6/16/2026,07/11/2025,0
2818,Booth,5,0,60,6/16/2026,3/24/2025,0
2819,Booth,5,0,60,6/16/2026,04/07/2025,0
2821,Booth,5,0,210,6/16/2026,05/12/2025,0
2823,Booth,5,0,60,6/16/2026,7/28/2025,0
2825,Booth,5,0,60,6/16/2026,7/25/2025,0
2828,Booth,5,0,60,6/16/2026,6/27/2025,0
2831,Room,5,0,60,6/16/2026,7/28/2026,0
2832,Booth,5,0,60,6/16/2026,1/25/2026,0
2835,Booth,5,0,60,6/16/2026,02/03/2025,0
2836,Booth,5,0,60,6/16/2026,2/16/2025,0
2837,Booth,5,0,60,6/16/2026,3/31/2026,0
2838,Booth,5,0,60,6/16/2026,11/06/2025,0
2841,Booth,5,0,60,6/16/2026,02/03/2026,0
2842,Booth,5,0,60,6/16/2026,04/01/2026,0
2849,Booth,5,1,60,6/16/2026,6/16/2026,0
2850,Booth,5,0,60,6/16/2026,10/09/2025,0
2856,Booth,5,0,60,6/16/2026,9/16/2025,0
2857,Booth,5,0,60,6/16/2026,05/09/2026,0
2858,Booth,5,0,60,6/16/2026,9/13/2025,0
2859,Booth,5,0,60,6/16/2026,08/11/2025,0
2867,Booth,5,0,60,6/16/2026,01/03/2026,0
2868,Booth,5,0,60,6/16/2026,2/15/2026,0
2871,Booth,5,0,60,6/16/2026,10/01/2025,0
2875,Booth,5,0,105,6/16/2026,9/17/2025,0
2878,Booth,5,1,60,6/16/2026,6/16/2026,0
2879,Booth,5,0,60,6/16/2026,07/12/2025,0
2881,Booth,5,0,60,6/16/2026,6/14/2026,0
2887,Booth,5,0,60,6/16/2026,11/30/2025,0
2888,Booth,5,1,105,6/16/2026,6/16/2026,0
2889,Booth,5,0,60,6/16/2026,7/31/2026,0
2891,Booth,5,0,60,6/16/2026,2/16/2025,0
2893,Booth,5,1,60,6/16/2026,6/16/2026,0
2896,Room,6,0,60,6/16/2026,5/14/2025,0
2901,Booth,5,0,60,6/16/2026,9/20/2025,0
2903,Booth,5,0,60,6/16/2026,5/22/2026,0
2907,Booth,5,0,60,6/16/2026,2/28/2025,0
2911,Booth,5,0,60,6/16/2026,1/20/2026,0
2912,Booth,5,0,210,6/16/2026,7/18/2026,0
2915,Room,5,0,60,6/16/2026,9/26/2025,0
2916,Booth,5,0,60,6/16/2026,7/30/2026,0
2921,Booth,5,0,60,6/16/2026,8/16/2025,1
2932,Booth,5,0,60,6/16/2026,9/20/2025,0
2933,Booth,5,0,60,6/16/2026,03/04/2025,0
2934,Booth,5,0,60,6/16/2026,4/19/2025,0
2936,Booth,5,0,105,6/16/2026,2/22/2025,1
2942,Booth,5,0,30,6/16/2026,6/16/2026,0
2943,Booth,5,0,60,6/16/2026,4/25/2026,0
2944,Room,5,0,60,6/16/2026,01/05/2026,0
2954,Booth,5,0,60,6/16/2026,02/09/2026,0
2955,Booth,5,0,60,6/16/2026,11/02/2025,0
2957,Booth,6,0,60,6/16/2026,7/28/2025,0
2962,Booth,5,0,60,6/16/2026,09/05/2025,0
2963,Booth,5,0,60,6/16/2026,05/12/2026,0
2965,Booth,5,0,60,6/16/2026,10/15/2025,0
2975,Booth,5,0,60,6/16/2026,9/22/2025,0
2980,Booth,5,0,60,6/16/2026,08/06/2025,0
2981,Booth,5,0,60,6/16/2026,2/18/2025,0
2982,Booth,5,0,60,6/16/2026,7/20/2026,0
2983,Room,5,0,60,6/16/2026,3/19/2026,0
2984,Booth,5,0,60,6/16/2026,03/06/2026,0
2986,Booth,5,0,105,6/16/2026,12/02/2025,0
2987,Booth,5,0,210,6/16/2026,04/03/2026,0
2991,Booth,5,0,60,6/16/2026,9/23/2025,0
2992,Booth,5,1,60,6/16/2026,6/16/2026,0
2994,Booth,5,0,180,6/16/2026,02/08/2026,0
2996,Booth,5,0,60,6/16/2026,05/02/2026,0
3002,Booth,5,0,105,6/16/2026,05/07/2026,0
3004,Room,6,0,60,6/16/2026,11/12/2025,0
3009,Booth,5,0,60,6/16/2026,1/15/2026,0
3015,Booth,5,0,60,6/16/2026,2/17/2025,0
3016,Booth,5,0,60,6/16/2026,08/01/2025,0
3017,Booth,5,0,60,6/16/2026,02/04/2025,0
3019,Booth,5,0,60,6/16/2026,4/16/2025,0
3025,Booth,5,0,105,6/16/2026,2/28/2026,0
3026,Booth,5,0,60,6/16/2026,2/21/2026,0
3032,Booth,5,0,60,6/16/2026,06/10/2025,0
3034,Booth,5,0,60,6/16/2026,5/31/2026,0
3035,Booth,5,0,75,6/16/2026,3/16/2025,0
3036,Booth,5,0,60,6/16/2026,09/08/2025,0
3038,Booth,5,0,60,6/16/2026,06/06/2025,0
3039,Booth,5,0,60,6/16/2026,6/13/2025,0
3040,Room,5,0,60,6/16/2026,4/26/2025,0
3042,Booth,5,0,60,6/16/2026,5/25/2025,0
3043,Booth,5,0,60,6/16/2026,08/06/2025,0
3045,Room,5,0,60,6/16/2026,10/29/2025,0
3047,Booth,5,0,60,6/16/2026,04/04/2026,0
3051,Booth,5,0,60,6/16/2026,11/29/2025,0
3052,Booth,5,0,60,6/16/2026,01/09/2026,0
3054,Booth,5,0,75,6/16/2026,11/21/2025,0
3062,Booth,5,0,60,6/16/2026,10/11/2025,0
3073,Booth,5,0,60,6/16/2026,7/29/2025,0
3074,Booth,6,0,60,6/16/2026,8/28/2025,0
3075,Booth,6,0,60,6/16/2026,06/03/2026,0
3078,Booth,5,0,60,6/16/2026,3/30/2026,0
3079,Booth,5,0,60,6/16/2026,7/16/2025,0
3083,Booth,5,0,60,6/16/2026,2/16/2026,0
3084,Booth,5,0,180,6/16/2026,4/23/2025,0
3085,Booth,5,0,60,6/16/2026,6/29/2026,0
3087,Room,5,0,60,6/16/2026,10/03/2025,0
3091,Room,5,0,60,6/16/2026,5/17/2026,1
3093,Booth,5,0,60,6/16/2026,07/09/2025,0
3094,Booth,5,0,60,6/16/2026,4/19/2025,0
3096,Booth,5,0,60,6/16/2026,08/07/2025,0
3097,Booth,5,1,60,6/16/2026,6/16/2026,0
3098,Booth,5,0,60,6/16/2026,6/29/2026,0
3105,Booth,5,0,60,6/16/2026,10/26/2025,0
3107,Booth,5,0,60,6/16/2026,10/31/2025,0
3111,Booth,6,1,60,6/16/2026,6/16/2026,0
3115,Booth,5,0,90,6/16/2026,09/11/2025,0
3117,Booth,5,0,60,6/16/2026,9/30/2025,0
3121,Booth,5,0,60,6/16/2026,2/24/2026,0
3127,Booth,5,0,60,6/16/2026,04/05/2025,0
3130,Booth,5,0,60,6/16/2026,12/20/2025,0
3132,Booth,5,0,60,6/16/2026,11/01/2025,0
3133,Booth,5,0,60,6/16/2026,02/01/2025,0
3134,Booth,5,0,60,6/16/2026,8/15/2025,0
3140,Booth,5,0,60,6/16/2026,5/22/2026,0
3141,Booth,6,0,60,6/16/2026,5/25/2025,0
3142,Booth,5,0,60,6/16/2026,06/11/2026,0
3145,Booth,5,0,60,6/16/2026,11/16/2025,0
3147,Booth,5,0,210,6/16/2026,12/23/2025,0
3148,Room,5,0,60,6/16/2026,5/26/2026,0
3150,Booth,5,0,60,6/16/2026,02/09/2026,0
3151,Booth,5,0,60,6/16/2026,2/13/2026,0
3152,Booth,5,0,60,6/16/2026,05/08/2026,0
3153,Booth,5,0,60,6/16/2026,04/12/2025,0
3155,Booth,5,0,60,6/16/2026,4/15/2026,0
3156,Booth,5,1,60,6/16/2026,6/16/2026,0
3157,Booth,5,0,60,6/16/2026,02/01/2026,0
3159,Booth,5,0,60,6/16/2026,06/01/2026,0
3160,Booth,5,0,60,6/16/2026,07/08/2026,0
3161,Booth,5,0,60,6/16/2026,12/01/2025,1
3163,Booth,5,0,60,6/16/2026,07/07/2026,0
3164,Booth,5,0,60,6/16/2026,06/03/2025,0
3166,Booth,5,0,60,6/16/2026,4/24/2025,0
3167,Booth,5,0,60,6/16/2026,1/17/2026,0
3171,Booth,5,0,75,6/16/2026,5/27/2026,0
3174,Booth,5,0,60,6/16/2026,04/06/2025,0
3178,Booth,5,0,60,6/16/2026,7/28/2026,0
3182,Booth,5,0,60,6/16/2026,02/12/2025,0
3185,Booth,5,0,60,6/16/2026,03/09/2026,0
3188,Booth,5,0,60,6/16/2026,03/03/2026,0
3190,Booth,5,0,60,6/16/2026,04/07/2025,0
3192,Booth,5,1,60,6/16/2026,6/16/2026,0
3196,Booth,5,0,60,6/16/2026,3/15/2025,0
3198,Booth,5,0,60,6/16/2026,5/31/2026,0
3199,Booth,5,0,60,6/16/2026,9/19/2025,1
3202,Room,5,0,60,6/16/2026,01/07/2026,0
3203,Booth,5,0,60,6/16/2026,07/02/2026,0
3206,Booth,5,0,60,6/16/2026,08/02/2025,0
3207,Booth,5,0,60,6/16/2026,06/11/2026,0
3210,Booth,5,0,60,6/16/2026,07/10/2026,0
3215,Booth,6,0,60,6/16/2026,7/13/2026,0
3219,Booth,5,0,60,6/16/2026,2/27/2026,0
3220,Booth,5,0,60,6/16/2026,11/21/2025,0
3221,Booth,5,0,60,6/16/2026,3/14/2026,0
3222,Booth,5,0,60,6/16/2026,08/12/2025,0
3223,Booth,5,0,60,6/16/2026,1/29/2026,0
3224,Booth,5,0,60,6/16/2026,01/12/2026,0
3228,Booth,5,0,60,6/16/2026,10/19/2025,0
3229,Room,5,0,105,6/16/2026,5/17/2026,0
3230,Booth,5,0,60,6/16/2026,07/07/2025,0
3242,Booth,5,0,60,6/16/2026,5/13/2026,0
3244,Booth,5,0,60,6/16/2026,11/25/2025,0
3250,Booth,6,1,60,6/16/2026,6/16/2026,0
3251,Room,5,0,60,6/16/2026,3/29/2026,0
3256,Booth,5,0,60,6/16/2026,2/16/2025,0
3259,Booth,6,0,60,6/16/2026,2/26/2026,0
3262,Booth,5,0,60,6/16/2026,04/05/2025,0
3265,Booth,5,0,60,6/16/2026,08/04/2025,0
3266,Booth,5,0,60,6/16/2026,5/20/2025,0
3268,Booth,5,0,60,6/16/2026,1/22/2026,0
3270,Room,5,0,60,6/16/2026,06/09/2025,0
3271,Room,5,0,60,6/16/2026,04/06/2026,0
3274,Booth,5,0,60,6/16/2026,3/28/2026,0
3275,Booth,5,0,60,6/16/2026,2/26/2026,0
3277,Booth,6,0,60,6/16/2026,04/04/2026,0
3283,Booth,6,0,60,6/16/2026,09/11/2025,0
3285,Room,5,0,60,6/16/2026,4/28/2026,0
3286,Booth,5,0,60,6/16/2026,3/21/2026,0
3298,Booth,5,0,60,6/16/2026,04/03/2026,0
3299,Booth,5,0,60,6/16/2026,02/05/2026,0
3301,Booth,5,0,60,6/16/2026,5/28/2026,0
3302,Booth,5,0,60,6/16/2026,04/09/2026,0
3304,Booth,5,0,60,6/16/2026,05/08/2026,0
3307,Booth,5,1,60,6/16/2026,6/16/2026,0
3316,Booth,5,0,60,6/16/2026,10/02/2025,0
3321,Booth,5,0,60,6/16/2026,5/18/2025,0
3322,Booth,5,0,60,6/16/2026,4/19/2026,0
3323,Booth,5,0,180,6/16/2026,03/07/2025,0
3324,Booth,5,0,60,6/16/2026,4/19/2026,0
3327,Booth,5,0,60,6/16/2026,05/08/2026,0
3328,Booth,5,0,60,6/16/2026,1/17/2026,0
3332,Booth,5,0,60,6/16/2026,03/07/2025,0
3334,Room,5,0,60,6/16/2026,12/10/2025,0
3336,Booth,5,0,60,6/16/2026,10/03/2025,0
3341,Booth,5,0,60,6/16/2026,06/02/2025,0
3342,Booth,6,1,60,6/16/2026,6/16/2026,0
3345,Booth,5,0,60,6/16/2026,05/01/2025,0
3347,Booth,5,0,60,6/16/2026,5/13/2026,0
3348,Booth,5,0,60,6/16/2026,5/26/2026,0
3349,Booth,5,0,60,6/16/2026,2/26/2025,0
3352,Booth,5,0,60,6/16/2026,5/27/2026,0
3353,Booth,5,0,60,6/16/2026,6/22/2025,0
3355,Booth,5,0,60,6/16/2026,4/15/2025,0
3357,Room,5,0,60,6/16/2026,4/23/2026,0
3358,Booth,5,0,60,6/16/2026,03/11/2026,0
3359,Booth,5,0,60,6/16/2026,2/24/2025,0
3360,Room,5,0,15,6/16/2026,4/28/2025,0
3362,Booth,6,0,60,6/16/2026,03/11/2025,0
3363,Booth,6,0,210,6/16/2026,5/14/2026,0
3365,Booth,5,0,105,6/16/2026,03/04/2026,0
3366,Room,5,0,60,6/16/2026,7/15/2026,0
3367,Booth,5,0,60,6/16/2026,02/03/2025,0
3368,Booth,5,0,60,6/16/2026,8/24/2025,0
3369,Booth,5,0,60,6/16/2026,10/20/2025,0
3380,Booth,5,0,60,6/16/2026,7/27/2026,0
3384,Booth,5,0,105,6/16/2026,4/14/2025,0
3385,Booth,5,0,75,6/16/2026,7/15/2026,0
3387,Booth,5,0,60,6/16/2026,5/13/2025,0
3388,Booth,5,0,105,6/16/2026,06/10/2025,0
3391,Booth,5,0,60,6/16/2026,7/15/2026,0
3396,Booth,5,0,210,6/16/2026,9/16/2025,0
3397,Booth,5,0,60,6/16/2026,10/11/2025,0
3399,Booth,5,0,60,6/16/2026,9/19/2025,0
3400,Booth,5,0,60,6/16/2026,05/05/2026,0
3406,Booth,5,0,60,6/16/2026,1/28/2026,0
3414,Room,6,0,60,6/16/2026,3/27/2026,0
3419,Booth,5,0,75,6/16/2026,12/29/2025,0
3420,Booth,5,0,60,6/16/2026,2/26/2025,1
3424,Booth,5,0,60,6/16/2026,02/12/2026,0
3427,Booth,6,0,60,6/16/2026,7/19/2025,0
3429,Booth,5,0,60,6/16/2026,01/06/2026,1
3430,Booth,5,0,105,6/16/2026,09/04/2025,0
3433,Booth,5,0,60,6/16/2026,04/06/2026,0
3434,Booth,5,1,60,6/16/2026,6/16/2026,0
3438,Room,5,0,60,6/16/2026,9/25/2025,0
3439,Room,5,0,60,6/16/2026,10/13/2025,0
3440,Booth,5,1,60,6/16/2026,6/16/2026,0
3441,Booth,5,0,60,6/16/2026,07/12/2026,0
3443,Booth,5,0,60,6/16/2026,4/19/2026,0
3445,Room,5,0,60,6/16/2026,02/09/2026,0
3448,Booth,5,0,60,6/16/2026,10/24/2025,0
3452,Booth,5,0,60,6/16/2026,04/07/2025,0
3455,Booth,5,0,60,6/16/2026,02/09/2026,0
3457,Booth,5,0,105,6/16/2026,06/09/2025,0
3459,Booth,5,0,60,6/16/2026,7/16/2025,1
3460,Booth,5,0,60,6/16/2026,6/27/2025,0
3461,Booth,5,0,60,6/16/2026,07/01/2025,0
3466,Booth,5,0,60,6/16/2026,06/05/2025,0
3469,Booth,5,0,60,6/16/2026,4/28/2026,0
3471,Booth,5,0,60,6/16/2026,8/30/2025,0
3473,Booth,5,0,60,6/16/2026,2/14/2026,1
3474,Booth,5,0,60,6/16/2026,4/27/2025,0
3475,Booth,5,0,60,6/16/2026,2/17/2025,0
3476,Room,5,0,60,6/16/2026,3/24/2026,0
3477,Booth,5,0,60,6/16/2026,12/01/2025,0
3478,Room,5,0,60,6/16/2026,4/28/2026,0
3479,Booth,5,0,60,6/16/2026,10/26/2025,0
3480,Booth,5,0,60,6/16/2026,11/30/2025,0
3485,Booth,5,0,60,6/16/2026,9/19/2025,0
3489,Booth,5,1,60,6/16/2026,6/16/2026,0
3492,Booth,5,0,60,6/16/2026,12/30/2025,0
3497,Booth,5,0,60,6/16/2026,08/12/2025,0
3498,Booth,6,0,105,6/16/2026,11/26/2025,0
3500,Booth,5,0,60,6/16/2026,02/08/2025,0
3505,Booth,5,0,60,6/16/2026,03/10/2025,0
3508,Booth,5,0,60,6/16/2026,05/10/2025,0
3514,Booth,5,0,60,6/16/2026,02/10/2025,0
3515,Booth,5,0,60,6/16/2026,5/22/2025,0
3516,Booth,5,0,60,6/16/2026,09/04/2025,0
3518,Booth,5,0,60,6/16/2026,7/13/2025,0
3519,Booth,5,0,180,6/16/2026,2/18/2025,0
3520,Booth,5,0,60,6/16/2026,3/24/2025,0
3521,Booth,5,0,60,6/16/2026,04/12/2025,0
3523,Booth,5,0,60,6/16/2026,2/25/2025,1
3524,Booth,5,0,60,6/16/2026,1/23/2026,0
3525,Booth,5,0,60,6/16/2026,07/04/2025,0
3526,Room,5,0,60,6/16/2026,02/01/2026,0
3529,Booth,5,0,60,6/16/2026,4/24/2026,0
3537,Booth,5,0,60,6/16/2026,05/10/2026,0
3539,Booth,5,0,60,6/16/2026,3/26/2026,0
3542,Booth,5,0,60,6/16/2026,6/25/2026,0
3543,Booth,5,0,60,6/16/2026,9/22/2025,0
3548,Booth,5,0,60,6/16/2026,7/13/2025,0
3550,Booth,5,1,60,6/16/2026,6/16/2026,0
3551,Booth,5,0,60,6/16/2026,12/10/2025,0
3553,Booth,5,0,60,6/16/2026,05/11/2025,0
3557,Booth,5,0,60,6/16/2026,02/01/2025,0
3563,Booth,5,0,60,6/16/2026,6/20/2026,0
3564,Booth,5,0,60,6/16/2026,3/26/2025,0
3566,Room,6,0,60,6/16/2026,04/07/2026,0
3569,Booth,5,0,60,6/16/2026,08/06/2025,0
3570,Booth,5,0,60,6/16/2026,1/25/2026,0
3574,Room,5,0,60,6/16/2026,01/04/2026,0
3576,Booth,5,0,60,6/16/2026,06/02/2026,0
3578,Booth,5,0,60,6/16/2026,07/04/2025,0
3579,Booth,5,0,105,6/16/2026,08/04/2026,0
3581,Booth,5,0,30,6/16/2026,5/25/2026,0
3582,Booth,5,0,60,6/16/2026,06/06/2025,0
3584,Booth,5,0,60,6/16/2026,4/21/2026,0
3585,Room,5,0,60,6/16/2026,2/22/2025,0
3588,Booth,5,0,90,6/16/2026,7/18/2025,0
3592,Booth,5,0,60,6/16/2026,4/20/2026,0
3593,Booth,5,0,105,6/16/2026,2/19/2026,0
3599,Booth,5,0,105,6/16/2026,5/21/2026,0
3600,Booth,5,0,105,6/16/2026,08/08/2025,0
3601,Room,5,0,30,6/16/2026,8/20/2025,0
3602,Booth,5,0,60,6/16/2026,7/27/2026,0
3604,Booth,5,0,60,6/16/2026,04/02/2026,0
3608,Booth,5,0,15,6/16/2026,1/31/2026,0
3609,Booth,5,0,60,6/16/2026,9/16/2025,0
3611,Booth,5,0,105,6/16/2026,08/05/2025,0
3615,Booth,5,0,60,6/16/2026,3/18/2026,0
3620,Booth,5,0,60,6/16/2026,11/19/2025,0
3626,Booth,5,0,60,6/16/2026,8/28/2025,0
3627,Booth,5,0,30,6/16/2026,12/20/2025,0
3629,Booth,5,0,60,6/16/2026,2/20/2026,0
3631,Booth,5,0,60,6/16/2026,10/28/2025,0
3632,Booth,6,0,105,6/16/2026,2/26/2025,0
3633,Room,6,0,60,6/16/2026,11/29/2025,0
3634,Booth,5,0,60,6/16/2026,07/10/2026,0
3640,Room,5,0,105,6/16/2026,01/11/2026,0
3643,Booth,5,0,60,6/16/2026,5/14/2026,0
3648,Booth,5,0,60,6/16/2026,5/15/2025,0
3649,Booth,5,0,60,6/16/2026,5/19/2025,0
3650,Booth,5,0,60,6/16/2026,11/17/2025,0
3659,Room,5,0,105,6/16/2026,7/26/2025,0
3663,Booth,5,0,60,6/16/2026,07/09/2025,0
3665,Booth,5,0,60,6/16/2026,11/22/2025,0
3667,Booth,5,0,210,6/16/2026,5/19/2026,0
3672,Booth,5,1,60,6/16/2026,6/16/2026,0
3677,Booth,5,0,60,6/16/2026,2/23/2025,0
3680,Booth,5,0,75,6/16/2026,2/27/2025,0
3685,Room,5,1,60,6/16/2026,6/16/2026,0
3686,Booth,5,0,60,6/16/2026,04/01/2025,0
3687,Booth,5,0,60,6/16/2026,7/14/2025,0
3688,Booth,5,0,60,6/16/2026,12/14/2025,0
3689,Booth,5,0,60,6/16/2026,04/08/2025,0
3698,Booth,5,0,60,6/16/2026,06/04/2025,0
3700,Booth,5,0,60,6/16/2026,6/24/2025,0
3703,Booth,5,0,60,6/16/2026,8/27/2025,0
3704,Booth,5,0,60,6/16/2026,09/01/2025,0
3709,Booth,5,0,60,6/16/2026,2/24/2025,0
3711,Booth,5,1,60,6/16/2026,6/16/2026,0
3712,Booth,5,0,15,6/16/2026,4/21/2026,0
3714,Booth,5,0,60,6/16/2026,11/01/2025,0
3717,Booth,6,0,60,6/16/2026,07/09/2026,1
3718,Booth,5,0,60,6/16/2026,10/07/2025,0
3722,Booth,5,0,60,6/16/2026,10/30/2025,0
3726,Booth,5,0,60,6/16/2026,06/08/2026,0
3730,Booth,5,0,60,6/16/2026,05/12/2026,0
3735,Booth,5,0,60,6/16/2026,04/08/2026,0
3737,Booth,5,0,60,6/16/2026,01/11/2026,0
3738,Room,5,0,60,6/16/2026,5/29/2026,0
3739,Booth,5,0,60,6/16/2026,7/25/2025,0
3743,Booth,5,0,90,6/16/2026,12/03/2025,0
3744,Booth,5,0,60,6/16/2026,04/06/2025,0
3749,Booth,5,0,60,6/16/2026,3/18/2026,0
3752,Booth,5,0,60,6/16/2026,7/17/2025,0
3758,Booth,5,0,60,6/16/2026,11/20/2025,0
3759,Booth,5,0,60,6/16/2026,7/31/2025,0
3760,Booth,5,1,60,6/16/2026,6/16/2026,0
3763,Booth,5,0,60,6/16/2026,12/22/2025,0
3764,Booth,5,0,60,6/16/2026,5/14/2026,0
3765,Booth,5,0,60,6/16/2026,05/10/2026,0
3766,Booth,5,0,60,6/16/2026,8/24/2025,0
3770,Booth,5,0,60,6/16/2026,2/27/2026,0
3772,Booth,6,0,105,6/16/2026,6/24/2025,0
3776,Booth,5,0,105,6/16/2026,6/18/2026,0
3777,Booth,5,0,60,6/16/2026,2/15/2026,0
3780,Booth,5,0,60,6/16/2026,06/02/2026,0
3781,Booth,5,0,60,6/16/2026,5/27/2026,0
3783,Booth,5,0,60,6/16/2026,02/02/2026,0
3785,Room,5,0,60,6/16/2026,7/25/2026,0
3788,Booth,5,0,60,6/16/2026,02/02/2025,0
3789,Booth,5,0,60,6/16/2026,2/26/2026,0
3791,Booth,5,0,60,6/16/2026,4/27/2026,0
3794,Booth,6,0,60,6/16/2026,5/31/2026,0
3797,Booth,5,0,60,6/16/2026,10/21/2025,0
3798,Booth,5,0,60,6/16/2026,12/21/2025,0
3800,Booth,5,1,60,6/16/2026,6/16/2026,0
3801,Booth,5,0,60,6/16/2026,04/08/2025,0
3802,Booth,5,0,60,6/16/2026,6/28/2025,0
3803,Booth,5,0,105,6/16/2026,5/30/2025,0
3804,Booth,5,0,60,6/16/2026,04/02/2026,0
3808,Booth,5,0,60,6/16/2026,11/28/2025,0
3809,Booth,5,1,60,6/16/2026,6/16/2026,0
3811,Booth,5,0,60,6/16/2026,4/20/2026,0
3814,Booth,5,0,90,6/16/2026,5/26/2026,0
3816,Booth,5,1,60,6/16/2026,6/16/2026,0
3817,Booth,5,0,60,6/16/2026,12/13/2025,0
3821,Booth,5,0,60,6/16/2026,07/07/2026,0
3822,Booth,5,0,60,6/16/2026,3/28/2025,0
3823,Booth,5,0,60,6/16/2026,1/13/2026,0
3824,Booth,5,0,60,6/16/2026,04/05/2025,0
3825,Booth,5,0,60,6/16/2026,04/09/2025,0
3826,Booth,5,0,60,6/16/2026,03/11/2025,0
3827,Room,5,0,60,6/16/2026,9/20/2025,0
3828,Booth,5,0,60,6/16/2026,7/22/2026,0
3829,Booth,5,0,60,6/16/2026,04/12/2025,0
3830,Booth,5,0,60,6/16/2026,10/24/2025,0
3832,Booth,5,0,60,6/16/2026,3/31/2025,0
3833,Booth,5,0,60,6/16/2026,07/08/2025,0
3834,Booth,5,1,60,6/16/2026,6/16/2026,0
3835,Booth,5,0,60,6/16/2026,08/01/2026,1
3842,Booth,5,0,60,6/16/2026,9/21/2025,0
3844,Room,5,0,105,6/16/2026,06/06/2026,0
3845,Booth,5,0,60,6/16/2026,5/27/2026,0
3846,Booth,5,0,60,6/16/2026,10/20/2025,0
3847,Booth,5,0,60,6/16/2026,12/07/2025,0
3848,Booth,5,0,60,6/16/2026,6/23/2026,0
3851,Booth,5,0,60,6/16/2026,04/06/2025,0
3852,Booth,5,0,60,6/16/2026,03/05/2025,0
3853,Booth,5,0,60,6/16/2026,3/18/2025,0
3855,Booth,5,0,60,6/16/2026,6/18/2026,0
3856,Booth,5,0,60,6/16/2026,10/19/2025,0
3857,Booth,5,1,60,6/16/2026,6/16/2026,0
3863,Booth,5,0,60,6/16/2026,6/24/2026,0
3864,Booth,5,0,60,6/16/2026,4/23/2026,0
3865,Booth,5,0,60,6/16/2026,06/09/2026,0
3868,Booth,5,0,60,6/16/2026,12/20/2025,0
3869,Booth,5,0,60,6/16/2026,04/09/2025,0
3874,Booth,5,0,75,6/16/2026,10/27/2025,0
3875,Booth,5,0,60,6/16/2026,5/25/2026,0
3881,Booth,5,0,60,6/16/2026,07/01/2026,0
3882,Booth,6,0,60,6/16/2026,3/27/2025,0
3885,Booth,6,0,60,6/16/2026,10/07/2025,0
3887,Booth,5,0,60,6/16/2026,10/29/2025,0
3890,Booth,5,0,90,6/16/2026,1/14/2026,0
3892,Booth,5,0,60,6/16/2026,4/19/2025,0
3893,Booth,5,0,60,6/16/2026,3/27/2026,0
3894,Booth,5,0,60,6/16/2026,6/14/2025,0
3896,Booth,5,1,60,6/16/2026,6/16/2026,0
3897,Booth,5,0,60,6/16/2026,9/15/2025,0
3901,Booth,5,0,60,6/16/2026,05/01/2025,0
3902,Booth,5,0,60,6/16/2026,12/10/2025,0
3905,Booth,5,0,60,6/16/2026,07/09/2026,0
3908,Booth,5,0,60,6/16/2026,11/29/2025,0
3910,Booth,5,0,60,6/16/2026,08/10/2025,0
3912,Booth,5,0,60,6/16/2026,04/03/2025,0
3913,Booth,5,0,60,6/16/2026,2/25/2026,0
3914,Booth,5,0,60,6/16/2026,08/12/2025,0
3917,Booth,5,0,60,6/16/2026,6/17/2026,0
3921,Booth,5,0,60,6/16/2026,04/05/2026,0
3926,Booth,5,0,60,6/16/2026,3/31/2025,0
3928,Booth,5,0,60,6/16/2026,3/13/2025,0
3933,Booth,5,0,60,6/16/2026,05/03/2026,0
3934,Booth,5,0,30,6/16/2026,4/25/2026,0
3935,Booth,6,0,60,6/16/2026,11/08/2025,0
3936,Booth,5,0,60,6/16/2026,06/03/2025,0
3937,Booth,5,0,60,6/16/2026,7/29/2025,0
3939,Booth,5,0,60,6/16/2026,8/13/2025,0
3944,Booth,5,0,60,6/16/2026,2/20/2026,0
3945,Booth,6,0,60,6/16/2026,2/27/2025,0
3949,Booth,5,0,60,6/16/2026,03/11/2025,0
3950,Booth,5,0,60,6/16/2026,05/06/2025,0
3952,Booth,6,0,105,6/16/2026,6/20/2026,0
3953,Booth,5,0,60,6/16/2026,02/04/2025,0
3958,Booth,5,0,60,6/16/2026,10/11/2025,0
3963,Booth,5,0,90,6/16/2026,6/22/2026,0
3966,Booth,5,0,60,6/16/2026,04/03/2026,0
3968,Booth,5,0,210,6/16/2026,1/16/2026,0
3970,Booth,5,0,60,6/16/2026,10/19/2025,0
3973,Booth,5,0,60,6/16/2026,3/15/2025,0
3974,Booth,5,0,60,6/16/2026,5/14/2026,0
3977,Booth,5,0,60,6/16/2026,08/02/2026,0
3979,Room,5,0,60,6/16/2026,6/30/2026,0
3981,Booth,5,0,60,6/16/2026,01/09/2026,0
3983,Booth,5,0,60,6/16/2026,6/16/2026,0
3989,Booth,5,0,60,6/16/2026,09/07/2025,0
3991,Booth,5,0,60,6/16/2026,4/30/2025,0
3994,Booth,5,0,60,6/16/2026,7/15/2026,0
3998,Booth,5,0,60,6/16/2026,6/29/2025,0
4003,Booth,5,0,60,6/16/2026,02/04/2026,0
4006,Booth,5,0,30,6/16/2026,2/21/2025,0
4009,Room,5,0,60,6/16/2026,4/26/2026,0
4015,Room,5,0,60,6/16/2026,1/21/2026,0
4016,Booth,5,1,210,6/16/2026,6/16/2026,0
4019,Booth,5,0,60,6/16/2026,11/14/2025,0
4022,Room,5,0,60,6/16/2026,02/12/2025,0
4025,Booth,5,0,60,6/16/2026,5/15/2025,0
4033,Booth,5,0,60,6/16/2026,04/02/2025,0
4034,Booth,5,0,105,6/16/2026,5/30/2025,0
4039,Booth,5,0,105,6/16/2026,3/26/2026,0
4040,Booth,6,0,60,6/16/2026,6/30/2025,0
4043,Booth,5,0,210,6/16/2026,4/25/2026,0
4044,Booth,6,0,60,6/16/2026,4/17/2026,0
4047,Booth,5,1,60,6/16/2026,6/16/2026,1
4049,Room,5,0,30,6/16/2026,3/23/2025,0
4052,Booth,5,0,60,6/16/2026,2/25/2025,0
4060,Booth,5,0,60,6/16/2026,3/20/2026,0
4061,Booth,5,0,60,6/16/2026,6/30/2025,0
4065,Booth,5,1,60,6/16/2026,6/16/2026,0
4067,Booth,5,1,60,6/16/2026,6/16/2026,0
4079,Booth,5,0,60,6/16/2026,12/10/2025,0
4082,Booth,5,0,60,6/16/2026,8/29/2025,0
4086,Booth,5,0,60,6/16/2026,7/23/2026,0
4087,Booth,5,0,60,6/16/2026,08/12/2025,0
4089,Booth,5,0,60,6/16/2026,2/18/2026,0
4092,Booth,5,0,60,6/16/2026,03/09/2025,0
4096,Booth,5,0,60,6/16/2026,06/11/2025,0
4101,Booth,5,0,75,6/16/2026,04/08/2026,0
4102,Room,5,0,60,6/16/2026,10/12/2025,0
4104,Booth,5,0,60,6/16/2026,4/19/2026,0
4109,Booth,5,0,15,6/16/2026,02/09/2025,0
4110,Booth,5,0,60,6/16/2026,1/22/2026,0
4112,Booth,6,0,60,6/16/2026,08/06/2025,0
4113,Booth,5,0,60,6/16/2026,10/29/2025,0
4114,Booth,5,0,60,6/16/2026,12/15/2025,0
4115,Booth,5,0,60,6/16/2026,11/22/2025,0
4116,Booth,5,0,60,6/16/2026,3/31/2026,0
4120,Booth,5,0,60,6/16/2026,02/07/2026,0
4122,Booth,5,0,60,6/16/2026,2/22/2026,0
4126,Booth,6,0,60,6/16/2026,5/22/2026,0
4127,Booth,5,0,60,6/16/2026,5/20/2026,0
4129,Room,5,1,105,6/16/2026,6/16/2026,0
4136,Booth,5,0,60,6/16/2026,4/29/2026,1
4142,Booth,5,0,60,6/16/2026,08/05/2026,0
4146,Booth,5,0,60,6/16/2026,7/18/2026,0
4163,Booth,5,0,60,6/16/2026,2/24/2026,0
4164,Booth,5,0,60,6/16/2026,5/24/2026,0
4165,Booth,5,0,60,6/16/2026,9/25/2025,0
4166,Booth,5,0,60,6/16/2026,4/21/2026,0
4168,Booth,5,0,60,6/16/2026,01/09/2026,0
4169,Booth,5,0,60,6/16/2026,7/16/2025,0
4173,Booth,5,0,105,6/16/2026,10/20/2025,1
4175,Booth,5,0,60,6/16/2026,12/11/2025,0
4182,Booth,5,0,60,6/16/2026,11/24/2025,0
4184,Booth,5,0,60,6/16/2026,4/14/2026,0
4185,Booth,5,0,60,6/16/2026,2/27/2026,0
4186,Booth,5,0,105,6/16/2026,2/25/2026,0
4192,Booth,5,0,60,6/16/2026,08/05/2026,0
4193,Room,5,0,60,6/16/2026,3/19/2025,0
4196,Booth,5,0,60,6/16/2026,11/01/2025,0
4199,Booth,6,0,60,6/16/2026,5/22/2026,0
4202,Booth,5,0,60,6/16/2026,7/28/2026,0
4209,Booth,5,0,60,6/16/2026,5/22/2026,0
4210,Booth,5,0,60,6/16/2026,07/09/2025,0
4211,Room,5,0,75,6/16/2026,5/19/2025,0
4213,Booth,5,0,60,6/16/2026,11/23/2025,0
4216,Booth,5,1,60,6/16/2026,6/16/2026,0
4219,Booth,5,0,60,6/16/2026,05/01/2025,0
4220,Booth,5,0,60,6/16/2026,7/25/2025,0
4222,Booth,5,0,60,6/16/2026,05/01/2026,0
4224,Booth,5,0,60,6/16/2026,10/03/2025,0
4227,Booth,5,0,60,6/16/2026,06/08/2025,0
4229,Room,5,0,60,6/16/2026,5/31/2026,0
4234,Booth,5,1,60,6/16/2026,6/16/2026,0
4238,Room,6,0,60,6/16/2026,4/25/2025,0
4242,Booth,5,0,75,6/16/2026,06/07/2026,0
4245,Booth,5,0,60,6/16/2026,7/14/2026,0
4247,Booth,5,1,60,6/16/2026,6/16/2026,0
4250,Booth,5,0,60,6/16/2026,2/13/2026,0
4251,Room,5,0,60,6/16/2026,04/08/2026,0
4253,Booth,5,0,60,6/16/2026,12/01/2025,0
4256,Booth,5,0,60,6/16/2026,09/12/2025,0
4258,Booth,5,0,60,6/16/2026,09/09/2025,0
4259,Booth,5,0,60,6/16/2026,4/13/2026,0
4263,Booth,6,0,60,6/16/2026,7/26/2026,0
4264,Booth,5,0,60,6/16/2026,6/26/2025,0
4269,Booth,5,0,60,6/16/2026,7/17/2026,0
4271,Booth,5,0,60,6/16/2026,3/31/2026,0
4275,Booth,5,0,60,6/16/2026,5/23/2025,0
4276,Booth,6,0,60,6/16/2026,9/30/2025,0
4277,Booth,5,0,75,6/16/2026,4/17/2025,0
4278,Booth,5,1,60,6/16/2026,6/16/2026,0
4282,Booth,5,0,60,6/16/2026,10/03/2025,0
4286,Booth,5,0,60,6/16/2026,5/17/2026,0
4287,Booth,5,0,60,6/16/2026,2/28/2026,0
4288,Room,5,1,60,6/16/2026,6/16/2026,0
4289,Booth,6,0,60,6/16/2026,05/09/2025,0
4290,Booth,5,0,60,6/16/2026,1/30/2026,1
4291,Booth,5,1,60,6/16/2026,6/16/2026,0
4293,Booth,5,0,60,6/16/2026,12/29/2025,0
4294,Booth,5,0,60,6/16/2026,3/22/2025,0
4295,Booth,5,0,60,6/16/2026,4/16/2026,0
4296,Room,5,0,60,6/16/2026,4/18/2025,0
4301,Booth,5,0,60,6/16/2026,07/06/2026,0
4302,Booth,5,0,60,6/16/2026,12/04/2025,0
4304,Booth,5,0,60,6/16/2026,06/05/2026,0
4309,Booth,5,0,60,6/16/2026,06/09/2025,0
4312,Booth,5,0,60,6/16/2026,6/22/2026,0
4313,Booth,5,0,60,6/16/2026,10/02/2025,0
4316,Booth,5,0,105,6/16/2026,4/20/2026,0
4318,Booth,5,0,60,6/16/2026,07/10/2026,0
4319,Booth,5,0,60,6/16/2026,08/04/2025,0
4321,Booth,5,0,60,6/16/2026,6/21/2026,0
4325,Booth,5,0,75,6/16/2026,04/09/2026,0
4327,Booth,5,0,60,6/16/2026,02/05/2026,0
4330,Booth,5,0,60,6/16/2026,07/12/2026,0
4332,Booth,5,0,60,6/16/2026,07/02/2025,0
4336,Booth,5,0,60,6/16/2026,12/23/2025,0
4340,Booth,5,0,60,6/16/2026,7/28/2025,0
4342,Room,5,0,60,6/16/2026,7/21/2026,0
4344,Booth,5,0,60,6/16/2026,08/04/2025,0
4346,Room,6,0,60,6/16/2026,9/25/2025,0
4350,Booth,5,0,60,6/16/2026,03/10/2026,0
4352,Room,6,0,60,6/16/2026,11/12/2025,0
4354,Booth,5,0,60,6/16/2026,1/25/2026,1
4355,Booth,5,0,60,6/16/2026,7/29/2026,0
4356,Booth,6,0,60,6/16/2026,4/16/2026,0
4357,Booth,5,0,60,6/16/2026,08/10/2025,1
4362,Booth,5,0,60,6/16/2026,05/06/2025,0
4368,Booth,5,0,60,6/16/2026,09/09/2025,1
4372,Booth,5,0,60,6/16/2026,4/18/2026,0
4374,Booth,5,1,60,6/16/2026,6/16/2026,0
4375,Booth,5,1,60,6/16/2026,6/16/2026,0
4379,Booth,5,0,60,6/16/2026,7/15/2025,0
4380,Booth,5,0,60,6/16/2026,8/14/2025,0
4381,Booth,5,0,60,6/16/2026,12/23/2025,0
4386,Booth,5,0,60,6/16/2026,4/18/2026,0
4387,Booth,5,0,60,6/16/2026,6/30/2026,1
4388,Booth,5,0,60,6/16/2026,3/22/2025,0
4393,Booth,5,0,60,6/16/2026,10/04/2025,0
4397,Booth,5,0,180,6/16/2026,04/09/2026,0
4398,Booth,5,0,105,6/16/2026,6/19/2025,1
4399,Booth,6,0,60,6/16/2026,6/14/2025,0
4401,Booth,5,0,60,6/16/2026,7/21/2025,0
4402,Booth,6,0,60,6/16/2026,7/20/2025,0
4405,Booth,5,0,60,6/16/2026,08/02/2025,0
4406,Room,5,0,60,6/16/2026,12/14/2025,0
4410,Room,5,0,60,6/16/2026,8/20/2025,0
4413,Booth,5,0,60,6/16/2026,4/27/2026,0
4414,Booth,5,1,60,6/16/2026,6/16/2026,0
4415,Booth,6,0,15,6/16/2026,4/18/2025,0
4418,Booth,5,0,60,6/16/2026,3/20/2026,0
4420,Room,5,0,60,6/16/2026,08/01/2025,0
4424,Booth,5,0,60,6/16/2026,9/18/2025,0
4432,Booth,5,0,60,6/16/2026,05/06/2025,0
4434,Booth,5,1,60,6/16/2026,6/16/2026,0
4437,Booth,5,0,60,6/16/2026,11/17/2025,0
4438,Booth,5,0,60,6/16/2026,5/17/2026,0
4439,Booth,5,0,60,6/16/2026,08/10/2025,0
4440,Booth,5,0,60,6/16/2026,10/30/2025,0
4443,Booth,5,0,105,6/16/2026,4/16/2026,0
4449,Booth,5,0,15,6/16/2026,05/12/2025,0
4452,Booth,5,0,60,6/16/2026,12/20/2025,0
4453,Booth,5,0,60,6/16/2026,07/05/2025,0
4455,Room,5,0,60,6/16/2026,2/14/2026,0
4457,Booth,5,0,60,6/16/2026,12/04/2025,0
4458,Booth,5,0,105,6/16/2026,6/17/2025,0
4462,Booth,5,0,60,6/16/2026,1/26/2026,0
4463,Booth,5,0,60,6/16/2026,6/17/2025,1
4465,Room,5,0,30,6/16/2026,9/14/2025,0
4466,Booth,5,0,60,6/16/2026,8/23/2025,0
4467,Booth,5,0,60,6/16/2026,5/27/2026,0
4469,Booth,5,0,60,6/16/2026,07/09/2026,0
4473,Booth,5,0,60,6/16/2026,10/11/2025,0
4474,Booth,5,0,60,6/16/2026,01/06/2026,0
4475,Booth,5,0,30,6/16/2026,4/23/2025,0
4480,Booth,5,0,60,6/16/2026,7/16/2026,0
4488,Booth,5,0,60,6/16/2026,04/09/2025,0
4491,Booth,5,0,60,6/16/2026,7/19/2025,0
4492,Booth,6,0,60,6/16/2026,02/03/2026,0
4500,Booth,5,0,105,6/16/2026,06/02/2025,0
4501,Booth,5,0,105,6/16/2026,4/28/2025,0
4502,Booth,5,0,60,6/16/2026,12/29/2025,0
4507,Booth,5,0,60,6/16/2026,5/15/2026,0
4509,Booth,5,0,60,6/16/2026,5/21/2025,0
4510,Booth,5,0,60,6/16/2026,7/30/2026,0
4511,Booth,5,0,60,6/16/2026,2/25/2026,0
4513,Booth,5,0,60,6/16/2026,2/18/2025,0
4514,Booth,5,0,60,6/16/2026,8/14/2025,0
4515,Room,5,0,60,6/16/2026,03/02/2026,0
4516,Booth,5,0,60,6/16/2026,01/07/2026,0
4518,Room,5,1,60,6/16/2026,6/16/2026,0
4522,Booth,5,0,210,6/16/2026,4/26/2026,0
4524,Booth,5,0,60,6/16/2026,4/21/2026,0
4525,Booth,5,0,60,6/16/2026,3/16/2026,0
4526,Booth,5,0,60,6/16/2026,07/05/2026,0
4527,Booth,5,0,60,6/16/2026,11/06/2025,0
4530,Booth,5,0,60,6/16/2026,06/12/2026,0
4532,Booth,5,0,60,6/16/2026,03/07/2026,0
4534,Room,5,0,60,6/16/2026,1/26/2026,0
4536,Booth,6,0,60,6/16/2026,04/02/2026,0
4541,Booth,5,0,60,6/16/2026,11/13/2025,0
4545,Booth,5,0,60,6/16/2026,01/10/2026,0
4547,Booth,5,0,60,6/16/2026,8/22/2025,0
4548,Booth,5,0,60,6/16/2026,2/21/2025,0
4552,Room,5,0,60,6/16/2026,05/01/2026,0
4554,Booth,5,0,60,6/16/2026,5/19/2025,0
4559,Booth,5,0,60,6/16/2026,04/03/2026,0
4564,Booth,5,0,60,6/16/2026,10/01/2025,0
4566,Booth,5,0,60,6/16/2026,05/09/2026,1
4573,Booth,5,0,60,6/16/2026,3/13/2025,0
4574,Booth,5,0,60,6/16/2026,4/17/2025,0
4576,Room,5,0,60,6/16/2026,04/03/2025,0
4578,Booth,6,0,60,6/16/2026,6/30/2026,0
4580,Booth,5,0,60,6/16/2026,04/02/2026,0
4583,Booth,5,0,60,6/16/2026,10/31/2025,0
4584,Booth,5,1,60,6/16/2026,6/16/2026,0
4586,Booth,5,1,60,6/16/2026,6/16/2026,0
4598,Booth,5,0,60,6/16/2026,11/14/2025,0
4600,Booth,5,0,60,6/16/2026,02/02/2026,0
4602,Booth,5,0,60,6/16/2026,05/04/2025,0
4603,Booth,5,0,60,6/16/2026,6/17/2026,0
4604,Booth,5,0,60,6/16/2026,01/09/2026,0
4612,Booth,5,1,60,6/16/2026,6/16/2026,0
4615,Booth,5,0,60,6/16/2026,10/18/2025,0
4616,Booth,5,0,60,6/16/2026,7/23/2026,0
4619,Booth,5,0,60,6/16/2026,08/06/2025,0
4620,Booth,5,0,60,6/16/2026,04/08/2025,0
4622,Room,6,0,60,6/16/2026,5/31/2026,0
4624,Booth,5,0,60,6/16/2026,03/08/2025,0
4626,Booth,5,0,60,6/16/2026,06/05/2026,0
4628,Booth,5,0,60,6/16/2026,06/07/2025,0
4631,Room,5,0,60,6/16/2026,7/20/2025,0
4632,Booth,5,0,60,6/16/2026,5/22/2025,0
4634,Booth,5,0,60,6/16/2026,5/17/2026,0
4638,Booth,5,0,60,6/16/2026,03/03/2025,0
4641,Booth,5,0,60,6/16/2026,11/06/2025,0
4642,Booth,5,0,60,6/16/2026,04/05/2026,0
4647,Booth,5,0,60,6/16/2026,5/27/2026,0
4648,Booth,5,0,60,6/16/2026,03/07/2026,0
4649,Booth,5,0,60,6/16/2026,11/15/2025,0
4650,Booth,5,0,60,6/16/2026,9/28/2025,0
4653,Room,5,0,60,6/16/2026,7/26/2026,0
4656,Booth,5,0,60,6/16/2026,1/27/2026,0
4662,Room,5,0,60,6/16/2026,04/06/2025,0
4666,Booth,5,0,60,6/16/2026,04/08/2025,0
4667,Booth,5,0,60,6/16/2026,10/05/2025,0
4670,Booth,5,1,60,6/16/2026,6/16/2026,0
4671,Booth,5,0,60,6/16/2026,03/04/2025,0
4672,Booth,5,0,60,6/16/2026,5/28/2025,0
4673,Booth,5,0,60,6/16/2026,05/02/2025,0
4675,Booth,5,0,60,6/16/2026,2/23/2026,0
4682,Booth,5,0,60,6/16/2026,06/04/2026,0
4684,Booth,5,0,60,6/16/2026,5/19/2025,0
4686,Booth,5,0,60,6/16/2026,4/17/2025,0
4689,Booth,5,0,180,6/16/2026,06/02/2026,0
4691,Booth,5,0,60,6/16/2026,12/25/2025,0
4699,Room,5,0,60,6/16/2026,4/19/2026,0
4703,Booth,5,0,60,6/16/2026,07/06/2025,0
4704,Booth,5,0,60,6/16/2026,3/21/2025,0
4706,Room,5,0,105,6/16/2026,6/16/2025,0
4710,Room,5,0,60,6/16/2026,2/17/2025,0
4711,Room,5,0,60,6/16/2026,12/31/2025,0
4713,Booth,5,0,60,6/16/2026,06/09/2026,1
4714,Booth,5,0,60,6/16/2026,6/26/2026,0
4717,Booth,5,0,60,6/16/2026,09/04/2025,0
4718,Booth,5,0,60,6/16/2026,01/09/2026,0
4719,Booth,5,0,105,6/16/2026,7/13/2026,0
4724,Room,5,0,60,6/16/2026,1/30/2026,0
4729,Booth,5,0,60,6/16/2026,04/09/2025,0
4731,Room,5,0,60,6/16/2026,05/05/2026,0
4733,Booth,5,0,60,6/16/2026,6/14/2026,0
4735,Booth,6,0,60,6/16/2026,2/28/2025,0
4737,Booth,5,0,60,6/16/2026,4/27/2026,0
4741,Booth,5,0,60,6/16/2026,06/05/2026,0
4742,Booth,5,0,60,6/16/2026,01/10/2026,1
4743,Booth,5,0,60,6/16/2026,07/03/2025,0
4746,Room,5,0,60,6/16/2026,3/16/2025,1
4750,Booth,5,1,60,6/16/2026,6/16/2026,0
4752,Booth,5,0,60,6/16/2026,12/27/2025,0
4754,Booth,5,0,60,6/16/2026,08/02/2026,0
4759,Booth,5,0,60,6/16/2026,09/04/2025,0
4760,Booth,5,0,60,6/16/2026,1/31/2026,0
4764,Booth,5,1,60,6/16/2026,6/16/2026,0
4765,Booth,5,0,60,6/16/2026,3/27/2026,0
4769,Booth,5,0,60,6/16/2026,2/19/2025,0
4771,Booth,5,0,60,6/16/2026,4/25/2026,0
4772,Booth,5,0,60,6/16/2026,06/04/2026,0
4774,Booth,5,0,60,6/16/2026,04/04/2025,0
4781,Booth,5,0,60,6/16/2026,5/22/2026,0
4783,Booth,5,0,105,6/16/2026,06/09/2025,0
4784,Booth,5,0,60,6/16/2026,11/21/2025,0
4786,Room,5,0,60,6/16/2026,12/31/2025,0
4790,Booth,5,0,60,6/16/2026,6/19/2025,0
4796,Booth,5,0,75,6/16/2026,11/21/2025,0
4797,Booth,5,0,60,6/16/2026,5/27/2026,0
4799,Booth,5,0,105,6/16/2026,3/21/2026,0
4800,Booth,5,0,60,6/16/2026,3/16/2026,0
4801,Booth,5,0,60,6/16/2026,08/05/2025,0
4805,Booth,5,0,60,6/16/2026,6/28/2026,0
4808,Room,5,0,60,6/16/2026,02/05/2026,0
4812,Booth,5,0,60,6/16/2026,2/18/2026,0
4816,Booth,5,0,60,6/16/2026,7/25/2025,0
4818,Booth,5,0,60,6/16/2026,9/15/2025,0
4820,Booth,5,0,60,6/16/2026,03/10/2025,0
4824,Booth,6,0,60,6/16/2026,10/29/2025,0
4829,Booth,5,0,105,6/16/2026,7/29/2025,0
4830,Booth,5,0,60,6/16/2026,9/26/2025,0
4831,Booth,5,0,60,6/16/2026,02/02/2026,0
4840,Booth,5,0,60,6/16/2026,12/13/2025,0
4843,Booth,6,0,60,6/16/2026,11/23/2025,0
4847,Booth,5,0,60,6/16/2026,05/05/2026,0
4848,Booth,5,0,60,6/16/2026,12/17/2025,0
4849,Booth,5,0,60,6/16/2026,4/25/2026,1
4850,Booth,5,0,60,6/16/2026,10/31/2025,0
4855,Booth,5,0,60,6/16/2026,5/19/2025,0
4857,Booth,5,0,60,6/16/2026,7/25/2026,0
4858,Room,5,0,60,6/16/2026,6/25/2025,0
4859,Booth,5,0,60,6/16/2026,7/31/2025,0
4869,Booth,5,1,60,6/16/2026,6/16/2026,0
4870,Room,5,0,60,6/16/2026,02/05/2025,0
4871,Booth,5,0,60,6/16/2026,7/26/2025,0
4874,Room,5,0,60,6/16/2026,03/06/2025,1
4875,Booth,5,0,60,6/16/2026,6/17/2026,0
4877,Booth,6,0,60,6/16/2026,04/06/2025,1
4878,Booth,5,0,60,6/16/2026,3/15/2026,0
4889,Booth,5,0,60,6/16/2026,4/17/2026,0
4893,Booth,5,0,60,6/16/2026,03/11/2025,0
4894,Booth,5,0,180,6/16/2026,09/05/2025,0
4895,Booth,5,0,75,6/16/2026,4/20/2025,0
4896,Booth,5,0,60,6/16/2026,08/12/2025,0
4897,Room,5,0,60,6/16/2026,4/23/2026,0
4900,Room,5,0,60,6/16/2026,4/25/2025,0
4901,Booth,5,0,60,6/16/2026,10/26/2025,0
4903,Booth,5,0,60,6/16/2026,03/02/2025,0
4910,Booth,5,0,60,6/16/2026,2/15/2025,0
4914,Booth,6,0,60,6/16/2026,2/20/2026,0
4917,Booth,5,0,60,6/16/2026,12/06/2025,0
4919,Booth,5,0,75,6/16/2026,4/13/2025,0
4923,Booth,5,0,60,6/16/2026,3/16/2026,0
4924,Booth,5,0,60,6/16/2026,6/27/2026,0
4925,Booth,5,0,60,6/16/2026,3/30/2026,0
4926,Booth,5,0,60,6/16/2026,07/11/2026,0
4927,Booth,5,0,105,6/16/2026,10/23/2025,0
4928,Booth,6,0,60,6/16/2026,1/27/2026,0
4929,Booth,6,0,60,6/16/2026,06/07/2025,0
4931,Booth,5,0,60,6/16/2026,03/07/2026,0
4933,Booth,5,0,60,6/16/2026,12/25/2025,0
4938,Room,5,0,60,6/16/2026,12/31/2025,0
4939,Booth,5,0,60,6/16/2026,01/10/2026,0
4941,Booth,5,0,60,6/16/2026,04/08/2026,0
4950,Booth,5,0,60,6/16/2026,6/22/2025,0
4951,Booth,5,0,30,6/16/2026,1/17/2026,0
4953,Booth,5,0,60,6/16/2026,3/28/2026,0
4955,Booth,5,0,30,6/16/2026,12/21/2025,0
4956,Booth,5,0,60,6/16/2026,04/02/2025,0
4959,Booth,5,0,210,6/16/2026,3/21/2025,0
4961,Booth,5,0,60,6/16/2026,04/06/2025,0
4962,Booth,5,0,75,6/16/2026,12/11/2025,0
4963,Booth,5,0,60,6/16/2026,08/03/2025,0
4964,Booth,5,1,60,6/16/2026,6/16/2026,0
4965,Booth,5,1,60,6/16/2026,6/16/2026,0
4966,Booth,5,0,60,6/16/2026,09/12/2025,0
4968,Booth,5,0,60,6/16/2026,04/08/2025,0
4971,Booth,5,0,60,6/16/2026,12/13/2025,0
4974,Booth,6,0,60,6/16/2026,5/16/2026,0
4976,Booth,6,0,105,6/16/2026,07/12/2025,0
4977,Booth,5,0,60,6/16/2026,7/20/2026,0
4978,Booth,5,0,60,6/16/2026,06/04/2026,0
4979,Room,5,0,60,6/16/2026,1/16/2026,0
4981,Booth,5,0,60,6/16/2026,05/08/2026,0
4983,Booth,5,0,105,6/16/2026,11/29/2025,0
4985,Booth,5,1,60,6/16/2026,6/16/2026,0
4988,Booth,5,0,60,6/16/2026,4/15/2026,0
4989,Booth,5,0,60,6/16/2026,2/16/2026,0
4992,Booth,5,0,60,6/16/2026,04/04/2025,0
4993,Booth,5,0,180,6/16/2026,6/29/2026,0
4997,Booth,5,0,60,6/16/2026,07/10/2025,0
5004,Booth,5,0,60,6/16/2026,04/03/2025,0
5010,Room,5,0,60,6/16/2026,11/28/2025,0
5011,Booth,5,0,60,6/16/2026,11/20/2025,0
5012,Booth,5,0,60,6/16/2026,1/19/2026,0
5014,Booth,5,0,105,6/16/2026,7/26/2026,0
5020,Booth,5,0,60,6/16/2026,2/25/2026,0
5022,Booth,5,0,60,6/16/2026,05/05/2025,0
5028,Booth,5,0,60,6/16/2026,5/21/2025,0
5029,Booth,5,0,60,6/16/2026,11/17/2025,0
5030,Booth,5,0,60,6/16/2026,6/16/2025,0
5031,Booth,5,1,60,6/16/2026,6/16/2026,0
5032,Booth,5,0,60,6/16/2026,10/15/2025,0
5034,Booth,5,0,60,6/16/2026,6/20/2025,0
5036,Booth,5,0,60,6/16/2026,1/22/2026,0
5037,Booth,5,0,60,6/16/2026,2/26/2025,0
5040,Booth,5,0,60,6/16/2026,03/10/2025,0
5042,Booth,5,0,105,6/16/2026,01/05/2026,1
5047,Booth,5,1,60,6/16/2026,6/16/2026,0
5048,Booth,5,0,60,6/16/2026,6/17/2026,0
5051,Booth,5,0,60,6/16/2026,05/09/2026,0
5055,Booth,6,0,60,6/16/2026,2/21/2026,0
5060,Booth,5,0,60,6/16/2026,11/15/2025,0
5062,Booth,5,0,60,6/16/2026,8/29/2025,0
5065,Booth,5,0,90,6/16/2026,6/13/2025,0
5066,Booth,5,0,60,6/16/2026,07/06/2025,0
5067,Booth,5,0,60,6/16/2026,5/19/2026,0
5068,Booth,5,0,60,6/16/2026,11/24/2025,0
5071,Booth,5,0,180,6/16/2026,2/14/2025,0
5072,Room,5,0,60,6/16/2026,07/03/2026,0
5076,Room,6,0,60,6/16/2026,2/18/2026,0
5078,Booth,5,0,60,6/16/2026,4/20/2025,0
5083,Booth,5,0,60,6/16/2026,10/27/2025,0
5084,Booth,5,0,60,6/16/2026,6/20/2026,0
5085,Booth,5,0,60,6/16/2026,04/04/2025,0
5087,Booth,5,0,60,6/16/2026,05/04/2026,0
5088,Booth,5,1,60,6/16/2026,6/16/2026,0
5091,Booth,5,0,60,6/16/2026,2/16/2026,0
5094,Booth,5,0,60,6/16/2026,06/12/2026,0
5099,Booth,5,0,60,6/16/2026,7/30/2026,0
5105,Room,6,0,60,6/16/2026,12/05/2025,0
5106,Booth,5,0,105,6/16/2026,10/07/2025,0
5108,Booth,5,0,60,6/16/2026,04/11/2026,0
5112,Booth,5,0,60,6/16/2026,11/22/2025,0
5115,Booth,5,0,60,6/16/2026,4/16/2026,0
5117,Booth,5,0,60,6/16/2026,11/14/2025,0
5123,Booth,5,0,60,6/16/2026,02/03/2026,0
5130,Booth,5,0,60,6/16/2026,02/09/2026,0
5133,Booth,6,0,60,6/16/2026,7/26/2025,0
5139,Booth,5,0,60,6/16/2026,3/22/2026,0
5146,Booth,5,0,60,6/16/2026,3/22/2026,0
5152,Booth,5,0,60,6/16/2026,10/16/2025,0
5153,Booth,5,0,105,6/16/2026,06/03/2026,0
5154,Booth,5,0,60,6/16/2026,11/20/2025,0
5155,Booth,5,0,60,6/16/2026,7/26/2025,0
5156,Booth,5,0,60,6/16/2026,07/04/2026,0
5161,Booth,5,0,60,6/16/2026,10/10/2025,0
5162,Booth,5,0,60,6/16/2026,10/07/2025,0
5163,Booth,6,1,60,6/16/2026,6/16/2026,0
5169,Booth,5,0,60,6/16/2026,5/14/2026,0
5172,Booth,5,0,105,6/16/2026,11/20/2025,0
5173,Booth,5,0,60,6/16/2026,11/06/2025,0
5174,Booth,5,0,60,6/16/2026,7/20/2026,0
5176,Room,5,0,60,6/16/2026,07/05/2026,0
5177,Booth,5,0,60,6/16/2026,07/12/2026,0
5179,Booth,5,0,60,6/16/2026,11/11/2025,0
5183,Booth,5,0,60,6/16/2026,8/30/2025,0
5185,Booth,5,0,60,6/16/2026,4/25/2026,0
5193,Booth,5,0,90,6/16/2026,03/12/2026,0
5194,Booth,5,0,60,6/16/2026,10/08/2025,0
5196,Room,5,0,60,6/16/2026,02/07/2026,0
5199,Booth,5,0,90,6/16/2026,1/26/2026,0
5200,Booth,5,0,60,6/16/2026,02/02/2026,0
5201,Booth,5,0,15,6/16/2026,4/15/2025,1
5202,Booth,5,0,60,6/16/2026,4/20/2025,0
5206,Booth,6,0,60,6/16/2026,8/22/2025,0
5208,Booth,5,0,60,6/16/2026,3/17/2025,0
5209,Booth,5,0,60,6/16/2026,5/27/2025,0
5210,Booth,5,0,60,6/16/2026,7/19/2025,0
5212,Booth,5,0,60,6/16/2026,1/30/2026,0
5216,Booth,5,0,210,6/16/2026,02/04/2025,0
5218,Booth,5,0,60,6/16/2026,02/02/2025,0
5219,Booth,5,0,60,6/16/2026,5/21/2025,0
5221,Booth,5,0,60,6/16/2026,6/24/2025,0
5225,Booth,5,0,60,6/16/2026,06/11/2026,0
5226,Booth,5,0,60,6/16/2026,06/12/2025,0
5227,Booth,5,1,60,6/16/2026,6/16/2026,0
5234,Booth,5,1,60,6/16/2026,6/16/2026,0
5235,Booth,5,0,60,6/16/2026,4/27/2026,0
5237,Room,5,0,60,6/16/2026,4/25/2026,0
5239,Booth,5,0,60,6/16/2026,2/17/2026,0
5240,Room,5,0,60,6/16/2026,10/16/2025,0
5247,Booth,5,0,60,6/16/2026,6/23/2025,0
5250,Booth,5,0,60,6/16/2026,06/09/2025,0
5254,Booth,5,0,75,6/16/2026,1/27/2026,0
5255,Booth,5,0,60,6/16/2026,8/27/2025,0
5256,Booth,5,0,60,6/16/2026,7/29/2025,0
5257,Booth,5,0,60,6/16/2026,9/16/2025,0
5258,Booth,5,0,60,6/16/2026,12/21/2025,0
5259,Booth,5,0,60,6/16/2026,5/30/2025,0
5260,Booth,5,0,60,6/16/2026,05/11/2026,0
5261,Booth,5,1,60,6/16/2026,6/16/2026,0
5262,Room,5,0,60,6/16/2026,06/02/2025,0
5264,Booth,5,0,60,6/16/2026,01/10/2026,0
5265,Booth,5,0,60,6/16/2026,04/02/2025,0
5268,Booth,5,0,210,6/16/2026,8/30/2025,0
5269,Booth,6,0,60,6/16/2026,07/08/2026,0
5271,Booth,5,0,60,6/16/2026,1/17/2026,0
5272,Booth,5,0,60,6/16/2026,08/05/2025,0
5275,Room,5,0,60,6/16/2026,09/05/2025,1
5276,Room,5,0,60,6/16/2026,07/10/2025,0
5279,Booth,5,0,60,6/16/2026,12/17/2025,0
5281,Booth,5,0,60,6/16/2026,3/17/2026,0
5282,Booth,5,0,60,6/16/2026,12/17/2025,0
5286,Booth,5,0,60,6/16/2026,1/21/2026,0
5287,Booth,5,0,60,6/16/2026,10/09/2025,0
5288,Booth,5,0,60,6/16/2026,07/02/2025,0
5290,Booth,5,0,60,6/16/2026,11/03/2025,0
5294,Booth,5,0,105,6/16/2026,11/14/2025,0
5297,Booth,5,0,60,6/16/2026,2/13/2026,1
5298,Booth,5,0,60,6/16/2026,9/18/2025,0
5304,Booth,5,0,60,6/16/2026,05/09/2025,0
5309,Booth,5,0,75,6/16/2026,04/10/2025,0
5312,Booth,5,0,60,6/16/2026,4/28/2026,0
5313,Booth,5,0,210,6/16/2026,01/02/2026,0
5314,Booth,5,0,60,6/16/2026,5/22/2026,0
5316,Booth,5,0,60,6/16/2026,12/11/2025,1
5326,Booth,5,0,60,6/16/2026,03/12/2025,0
5332,Booth,5,0,60,6/16/2026,02/04/2025,0
5334,Booth,5,0,60,6/16/2026,07/06/2025,0
5335,Booth,5,0,60,6/16/2026,6/19/2026,0
5337,Booth,5,0,210,6/16/2026,06/01/2026,0
5338,Booth,5,0,60,6/16/2026,04/06/2026,0
5339,Booth,5,0,60,6/16/2026,04/01/2026,0
5340,Booth,5,0,60,6/16/2026,4/18/2026,0
5342,Booth,5,1,60,6/16/2026,6/16/2026,0
5347,Booth,5,0,60,6/16/2026,02/01/2025,0
5352,Booth,5,0,60,6/16/2026,07/11/2026,0
5353,Booth,5,0,60,6/16/2026,4/22/2026,0
5354,Booth,5,0,60,6/16/2026,08/08/2025,0
5356,Booth,5,1,105,6/16/2026,6/16/2026,0
5357,Booth,5,0,15,6/16/2026,8/22/2025,0
5358,Booth,5,0,30,6/16/2026,3/16/2026,0
5359,Booth,5,0,60,6/16/2026,3/22/2025,0
5360,Booth,5,0,60,6/16/2026,6/30/2026,0
5364,Booth,5,0,60,6/16/2026,6/27/2026,0
5367,Booth,5,1,60,6/16/2026,6/16/2026,1
5369,Booth,5,0,60,6/16/2026,11/23/2025,0
5371,Booth,5,0,60,6/16/2026,02/07/2025,0
5372,Booth,5,0,105,6/16/2026,6/29/2025,0
5373,Booth,5,0,60,6/16/2026,06/08/2025,0
5374,Booth,5,0,60,6/16/2026,3/15/2025,0
5375,Booth,5,0,60,6/16/2026,3/18/2025,0
5376,Booth,5,0,60,6/16/2026,06/11/2025,0
5377,Booth,5,0,60,6/16/2026,5/24/2026,0
5378,Booth,5,0,60,6/16/2026,3/27/2025,0
5390,Booth,5,0,60,6/16/2026,7/24/2026,0
5394,Booth,5,1,60,6/16/2026,6/16/2026,0
5395,Booth,5,0,60,6/16/2026,1/30/2026,0
5404,Booth,5,0,60,6/16/2026,1/27/2026,0
5408,Booth,5,0,60,6/16/2026,5/21/2026,0
5413,Booth,5,0,60,6/16/2026,8/23/2025,0
5415,Booth,5,0,60,6/16/2026,7/20/2025,0
5416,Booth,5,0,60,6/16/2026,6/17/2025,0
5417,Booth,5,0,30,6/16/2026,9/17/2025,0
5420,Booth,5,0,30,6/16/2026,3/25/2025,0
5421,Booth,6,0,60,6/16/2026,12/21/2025,0
5422,Booth,5,0,60,6/16/2026,6/27/2025,1
5423,Booth,5,0,60,6/16/2026,2/26/2025,0
5424,Booth,5,0,60,6/16/2026,10/09/2025,0
5425,Booth,5,0,60,6/16/2026,4/28/2025,0
5426,Booth,5,0,60,6/16/2026,05/08/2026,0
5427,Room,5,0,60,6/16/2026,05/12/2026,0
5429,Booth,5,0,60,6/16/2026,10/13/2025,0
5433,Booth,5,0,60,6/16/2026,04/08/2025,0
5435,Booth,5,0,60,6/16/2026,3/13/2026,0
5437,Booth,6,0,60,6/16/2026,7/16/2025,0
5438,Booth,5,0,60,6/16/2026,06/12/2026,0
5439,Room,5,0,60,6/16/2026,04/04/2025,0
5441,Booth,5,0,60,6/16/2026,3/26/2025,0
5442,Booth,5,0,60,6/16/2026,4/13/2025,0
5448,Room,5,0,75,6/16/2026,7/24/2025,0
5449,Booth,6,0,60,6/16/2026,5/25/2025,0
5452,Booth,6,0,90,6/16/2026,02/07/2026,0
5453,Booth,5,0,60,6/16/2026,02/01/2025,0
5455,Booth,5,1,60,6/16/2026,6/16/2026,0
5457,Room,5,0,60,6/16/2026,10/25/2025,0
5459,Booth,5,0,60,6/16/2026,2/19/2025,0
5461,Booth,5,0,60,6/16/2026,06/06/2026,0
5463,Booth,5,0,60,6/16/2026,4/28/2026,0
5470,Booth,6,0,60,6/16/2026,07/04/2026,0
5473,Booth,5,0,60,6/16/2026,5/31/2026,0
5475,Booth,5,0,60,6/16/2026,7/27/2026,0
5476,Booth,5,0,60,6/16/2026,4/18/2026,0
5477,Booth,5,0,60,6/16/2026,6/28/2025,0
5478,Room,5,0,60,6/16/2026,10/21/2025,0
5485,Booth,5,0,180,6/16/2026,6/29/2026,0
5486,Booth,5,0,60,6/16/2026,11/05/2025,0
5487,Booth,5,0,60,6/16/2026,10/05/2025,0
5488,Booth,5,0,60,6/16/2026,06/08/2025,0
5492,Booth,5,0,60,6/16/2026,09/12/2025,0
5498,Booth,5,0,60,6/16/2026,6/16/2025,0
5506,Room,5,0,60,6/16/2026,5/13/2026,0
5507,Booth,5,0,60,6/16/2026,03/08/2025,0
5508,Booth,5,0,60,6/16/2026,2/20/2026,0
5511,Booth,6,0,60,6/16/2026,6/21/2025,0
5512,Booth,5,1,15,6/16/2026,6/16/2026,0
5516,Booth,5,0,60,6/16/2026,03/07/2025,0
5518,Booth,5,0,60,6/16/2026,5/30/2025,0
5523,Booth,5,1,60,6/16/2026,6/16/2026,0
5525,Booth,5,0,60,6/16/2026,4/24/2026,0
5527,Booth,5,0,60,6/16/2026,11/25/2025,0
5531,Booth,5,0,60,6/16/2026,5/23/2025,0
5533,Booth,5,0,60,6/16/2026,9/28/2025,0
5536,Room,5,0,60,6/16/2026,5/23/2026,0
5537,Booth,5,0,75,6/16/2026,4/28/2026,0
5539,Room,5,0,60,6/16/2026,4/17/2026,0
5541,Booth,5,0,180,6/16/2026,01/05/2026,0
5543,Booth,5,0,60,6/16/2026,4/28/2025,1
5544,Booth,6,0,60,6/16/2026,12/15/2025,0
5545,Booth,5,0,60,6/16/2026,7/31/2026,0
5548,Booth,5,0,60,6/16/2026,07/02/2026,0
5549,Booth,5,0,60,6/16/2026,04/07/2026,0
5554,Room,5,0,60,6/16/2026,06/06/2025,0
5557,Booth,5,1,105,6/16/2026,6/16/2026,0
5560,Booth,5,0,60,6/16/2026,08/03/2025,0
5563,Booth,5,0,60,6/16/2026,06/01/2026,0
5565,Booth,5,0,60,6/16/2026,6/19/2025,0
5568,Booth,5,0,60,6/16/2026,8/13/2025,0
5571,Booth,5,0,60,6/16/2026,1/27/2026,0
5576,Booth,5,0,60,6/16/2026,09/10/2025,0
5578,Booth,5,0,210,6/16/2026,5/14/2026,0
5579,Booth,5,0,60,6/16/2026,12/09/2025,0
5581,Booth,5,0,60,6/16/2026,4/26/2026,0
5583,Room,5,0,60,6/16/2026,04/12/2025,0
5586,Booth,5,0,60,6/16/2026,02/03/2026,0
5587,Booth,5,0,60,6/16/2026,01/06/2026,0
5589,Booth,5,0,60,6/16/2026,10/08/2025,0
5590,Booth,5,0,60,6/16/2026,5/21/2026,0
5592,Booth,5,0,60,6/16/2026,3/21/2026,0
5593,Booth,5,0,60,6/16/2026,4/20/2026,0
5596,Booth,5,0,60,6/16/2026,7/29/2026,0
5597,Booth,5,0,60,6/16/2026,1/29/2026,0
5599,Booth,5,0,60,6/16/2026,04/02/2026,0
5602,Booth,5,0,60,6/16/2026,08/04/2025,0
5604,Booth,5,1,60,6/16/2026,6/16/2026,0
5606,Booth,5,0,60,6/16/2026,5/29/2025,0
5610,Room,5,0,60,6/16/2026,06/04/2026,1
5617,Booth,5,0,60,6/16/2026,7/27/2025,0
5621,Room,5,0,60,6/16/2026,03/09/2025,0
5623,Room,5,0,60,6/16/2026,02/02/2026,0
5624,Booth,5,0,60,6/16/2026,11/30/2025,0
5627,Booth,5,0,60,6/16/2026,04/12/2025,0
5629,Booth,5,0,60,6/16/2026,7/31/2026,0
5631,Booth,5,0,60,6/16/2026,07/11/2026,0
5632,Booth,5,0,60,6/16/2026,11/03/2025,0
5633,Booth,5,0,60,6/16/2026,10/04/2025,0
5635,Booth,5,0,60,6/16/2026,11/17/2025,0
5636,Booth,5,0,60,6/16/2026,06/08/2025,0
5640,Booth,5,0,60,6/16/2026,3/14/2026,0
5645,Booth,5,0,60,6/16/2026,3/26/2026,0
5646,Booth,5,0,60,6/16/2026,7/13/2026,0
5649,Booth,6,0,60,6/16/2026,12/24/2025,0
5652,Room,5,0,60,6/16/2026,02/11/2025,0
5653,Booth,5,0,60,6/16/2026,04/02/2026,0
5655,Booth,5,0,60,6/16/2026,06/12/2025,0
5659,Room,5,0,60,6/16/2026,11/08/2025,0
5660,Booth,5,0,60,6/16/2026,09/07/2025,0
5662,Room,5,0,60,6/16/2026,6/22/2025,0
5664,Booth,5,1,60,6/16/2026,6/16/2026,0
5665,Booth,5,0,60,6/16/2026,12/07/2025,0
5668,Booth,5,0,60,6/16/2026,7/18/2026,0
5670,Booth,5,0,60,6/16/2026,7/18/2025,0
5671,Booth,5,0,60,6/16/2026,11/13/2025,0
5672,Booth,5,0,60,6/16/2026,4/30/2025,0
5674,Room,5,0,60,6/16/2026,07/02/2025,0
5685,Booth,5,0,60,6/16/2026,02/05/2026,0
5686,Booth,5,0,60,6/16/2026,5/31/2026,0
5689,Booth,5,0,60,6/16/2026,10/11/2025,0
5690,Booth,5,0,60,6/16/2026,8/13/2025,0
5691,Booth,5,0,60,6/16/2026,04/07/2026,0
5697,Booth,5,0,60,6/16/2026,02/12/2026,0
5699,Booth,5,1,60,6/16/2026,6/16/2026,0
5701,Booth,5,0,60,6/16/2026,8/23/2025,0
5710,Room,5,0,60,6/16/2026,2/21/2026,0
5713,Booth,5,0,60,6/16/2026,6/15/2026,0
5717,Booth,5,1,60,6/16/2026,6/16/2026,1
5720,Booth,5,0,60,6/16/2026,01/01/2026,0
5722,Booth,5,0,60,6/16/2026,3/30/2026,0
5724,Room,5,1,105,6/16/2026,6/16/2026,0
5727,Booth,5,0,30,6/16/2026,03/03/2025,0
5731,Booth,5,0,60,6/16/2026,05/11/2026,0
5732,Booth,5,0,60,6/16/2026,2/24/2025,0
5735,Booth,5,0,60,6/16/2026,03/10/2025,0
5736,Booth,5,0,60,6/16/2026,10/17/2025,0
5739,Booth,5,0,60,6/16/2026,4/27/2026,0
5740,Booth,6,0,60,6/16/2026,7/20/2025,0
5741,Booth,5,0,60,6/16/2026,4/23/2026,0
5743,Booth,6,0,75,6/16/2026,08/08/2025,0
5746,Booth,5,0,60,6/16/2026,11/03/2025,0
5753,Booth,5,0,60,6/16/2026,9/24/2025,0
5757,Booth,5,0,60,6/16/2026,7/23/2026,0
5758,Booth,6,0,60,6/16/2026,2/14/2026,0
5762,Booth,5,0,60,6/16/2026,1/16/2026,1
5765,Booth,5,0,75,6/16/2026,3/19/2025,0
5767,Booth,5,0,60,6/16/2026,07/01/2026,0
5768,Booth,6,0,60,6/16/2026,3/27/2025,0
5769,Room,5,0,60,6/16/2026,08/08/2025,0
5773,Room,5,0,60,6/16/2026,2/28/2026,0
5775,Booth,5,0,60,6/16/2026,9/13/2025,0
5776,Booth,5,0,60,6/16/2026,02/09/2025,0
5777,Booth,5,0,60,6/16/2026,8/30/2025,0
5779,Booth,6,0,210,6/16/2026,05/09/2025,0
5780,Booth,5,0,60,6/16/2026,04/08/2025,0
5782,Room,5,0,60,6/16/2026,11/21/2025,0
5786,Booth,5,0,60,6/16/2026,07/04/2025,0
5789,Booth,5,0,180,6/16/2026,4/28/2026,1
5792,Booth,5,0,60,6/16/2026,1/25/2026,0
5793,Room,5,0,60,6/16/2026,11/28/2025,0
5795,Booth,5,0,60,6/16/2026,5/17/2025,0
5801,Room,5,0,60,6/16/2026,5/26/2026,0
5803,Room,5,0,60,6/16/2026,7/25/2026,0
5805,Room,5,0,60,6/16/2026,03/09/2025,0
5806,Booth,5,0,60,6/16/2026,02/01/2025,0
5809,Booth,5,0,60,6/16/2026,9/23/2025,0
5812,Booth,6,1,60,6/16/2026,6/16/2026,0
5813,Booth,5,0,60,6/16/2026,4/17/2025,1
5814,Booth,5,0,60,6/16/2026,03/02/2025,0
5815,Booth,5,1,60,6/16/2026,6/16/2026,0
5818,Booth,5,0,105,6/16/2026,2/19/2026,0
5820,Booth,6,0,60,6/16/2026,12/07/2025,0
5822,Booth,5,0,60,6/16/2026,5/13/2026,0
5831,Booth,5,0,60,6/16/2026,05/05/2025,0
5832,Booth,5,0,60,6/16/2026,2/21/2026,0
5833,Room,5,0,60,6/16/2026,6/14/2025,0
5834,Booth,5,0,60,6/16/2026,5/19/2026,0
5836,Booth,5,0,60,6/16/2026,06/08/2025,0
5837,Booth,5,0,60,6/16/2026,09/03/2025,0
5842,Booth,6,0,60,6/16/2026,6/17/2025,0
5846,Booth,5,0,60,6/16/2026,6/22/2026,0
5847,Room,5,0,105,6/16/2026,6/18/2025,0
5854,Booth,5,0,210,6/16/2026,05/12/2025,0
5856,Room,5,0,60,6/16/2026,8/28/2025,0
5857,Booth,5,0,75,6/16/2026,3/27/2026,0
5858,Booth,5,0,60,6/16/2026,6/18/2026,0
5861,Room,5,0,60,6/16/2026,04/12/2025,0
5862,Booth,5,0,105,6/16/2026,9/28/2025,0
5870,Booth,5,0,60,6/16/2026,04/12/2025,0
5871,Booth,5,1,60,6/16/2026,6/16/2026,0
5873,Booth,6,0,60,6/16/2026,08/01/2025,0
5874,Booth,5,0,210,6/16/2026,12/04/2025,0
5875,Booth,5,0,60,6/16/2026,7/31/2025,0
5876,Booth,5,0,60,6/16/2026,9/28/2025,0
5879,Booth,5,0,60,6/16/2026,7/14/2025,0
5880,Booth,5,0,60,6/16/2026,4/18/2025,0
5881,Booth,5,0,60,6/16/2026,10/18/2025,0
5886,Booth,5,0,30,6/16/2026,7/18/2025,0
5891,Booth,5,0,60,6/16/2026,7/23/2025,0
5892,Booth,5,1,60,6/16/2026,6/16/2026,0
5894,Booth,5,0,60,6/16/2026,05/10/2026,0
5895,Booth,5,0,60,6/16/2026,03/11/2026,0
5896,Booth,5,0,60,6/16/2026,7/21/2025,0
5898,Booth,5,0,60,6/16/2026,3/16/2026,0
5899,Booth,5,0,60,6/16/2026,4/16/2025,0
5901,Booth,5,0,60,6/16/2026,6/23/2025,0
5905,Room,5,0,60,6/16/2026,5/17/2026,0
5911,Booth,6,0,60,6/16/2026,3/31/2025,0
5912,Booth,5,0,60,6/16/2026,02/02/2025,0
5915,Room,5,0,60,6/16/2026,6/25/2026,0
5916,Booth,5,0,60,6/16/2026,11/13/2025,0
5918,Booth,5,0,60,6/16/2026,6/15/2025,0
5920,Booth,5,0,60,6/16/2026,10/25/2025,0
5922,Booth,5,0,60,6/16/2026,4/29/2025,0
5926,Booth,5,0,60,6/16/2026,07/12/2026,0
5927,Booth,5,0,60,6/16/2026,07/10/2025,0
5930,Booth,5,0,60,6/16/2026,08/09/2025,0
5931,Booth,5,0,105,6/16/2026,7/29/2026,0
5932,Booth,5,0,60,6/16/2026,11/10/2025,0
5933,Booth,5,0,60,6/16/2026,5/27/2026,0
5936,Booth,5,0,75,6/16/2026,12/27/2025,0
5940,Booth,5,0,105,6/16/2026,1/29/2026,0
5941,Booth,5,0,60,6/16/2026,06/01/2025,0
5948,Booth,5,0,60,6/16/2026,10/18/2025,0
5949,Booth,5,0,60,6/16/2026,11/29/2025,0
5953,Booth,5,0,60,6/16/2026,3/15/2025,0
5957,Booth,5,0,60,6/16/2026,07/07/2026,0
5958,Booth,5,0,60,6/16/2026,08/12/2025,0
5960,Booth,5,0,60,6/16/2026,02/05/2026,1
5961,Booth,5,0,60,6/16/2026,7/13/2025,0
5962,Booth,5,0,60,6/16/2026,03/01/2025,0
5963,Booth,5,0,60,6/16/2026,05/01/2025,0
5964,Booth,5,0,60,6/16/2026,3/18/2025,0
5966,Booth,5,0,60,6/16/2026,04/11/2025,0
5967,Room,5,0,60,6/16/2026,2/28/2026,0
5974,Booth,6,0,60,6/16/2026,2/25/2026,0
5979,Booth,5,0,60,6/16/2026,5/17/2026,0
5981,Booth,6,0,105,6/16/2026,11/22/2025,0
5987,Room,5,0,60,6/16/2026,7/24/2026,0
5988,Booth,5,0,60,6/16/2026,12/01/2025,0
5996,Booth,5,0,60,6/16/2026,06/09/2026,0
5999,Booth,6,0,60,6/16/2026,4/15/2026,0
6002,Booth,5,0,60,6/16/2026,09/08/2025,0
6005,Booth,5,0,60,6/16/2026,4/24/2025,1
6007,Booth,5,0,60,6/16/2026,07/10/2025,0
6009,Booth,5,0,60,6/16/2026,02/04/2026,0
6012,Booth,5,0,60,6/16/2026,6/25/2026,0
6014,Booth,5,0,60,6/16/2026,4/30/2025,0
6015,Booth,5,0,60,6/16/2026,4/30/2025,0
6016,Booth,5,0,60,6/16/2026,5/18/2026,0
6018,Booth,5,0,105,6/16/2026,05/11/2026,0
6021,Room,5,0,30,6/16/2026,06/06/2025,0
6024,Booth,5,0,60,6/16/2026,5/25/2025,1
6027,Booth,5,0,60,6/16/2026,03/08/2026,0
6029,Booth,5,0,60,6/16/2026,6/30/2025,0
6032,Booth,5,0,60,6/16/2026,7/28/2025,0
6033,Booth,5,0,60,6/16/2026,7/24/2026,0
6037,Booth,5,1,105,6/16/2026,6/16/2026,0
6038,Booth,5,0,60,6/16/2026,11/13/2025,0
6039,Booth,5,0,60,6/16/2026,07/09/2025,0
6040,Room,5,0,60,6/16/2026,11/27/2025,0
6042,Booth,5,0,60,6/16/2026,02/10/2025,0
6044,Booth,5,0,60,6/16/2026,2/27/2025,0
6045,Booth,5,0,60,6/16/2026,5/15/2025,0
6046,Booth,5,0,60,6/16/2026,3/13/2026,0
6047,Room,5,0,60,6/16/2026,6/22/2026,0
6054,Booth,5,0,75,6/16/2026,3/30/2025,0
6055,Booth,5,0,210,6/16/2026,12/08/2025,0
6057,Room,5,0,60,6/16/2026,03/06/2026,0
6058,Booth,5,0,60,6/16/2026,11/07/2025,0
6060,Booth,5,0,60,6/16/2026,4/23/2026,0
6063,Booth,5,0,105,6/16/2026,4/18/2026,0
6064,Booth,6,0,60,6/16/2026,7/18/2025,0
6065,Booth,5,0,105,6/16/2026,3/22/2025,0
6066,Room,5,0,60,6/16/2026,11/14/2025,0
6067,Booth,5,0,60,6/16/2026,06/07/2025,0
6069,Room,5,0,60,6/16/2026,05/10/2026,0
6072,Booth,5,1,60,6/16/2026,6/16/2026,0
6073,Booth,5,0,60,6/16/2026,03/12/2026,0
6074,Booth,5,0,60,6/16/2026,04/12/2026,0
6077,Booth,5,0,60,6/16/2026,08/03/2025,0
6081,Booth,5,0,60,6/16/2026,08/11/2025,0
6083,Booth,5,0,60,6/16/2026,2/13/2026,0
6084,Booth,5,0,60,6/16/2026,3/23/2025,0
6085,Booth,5,0,60,6/16/2026,11/29/2025,0
6088,Booth,5,0,60,6/16/2026,5/15/2026,0
6090,Booth,5,0,60,6/16/2026,06/08/2026,1
6092,Booth,5,0,60,6/16/2026,02/06/2025,0
6096,Booth,5,0,60,6/16/2026,05/10/2025,0
6097,Booth,5,0,60,6/16/2026,05/03/2026,0
6098,Booth,5,0,60,6/16/2026,3/24/2026,0
6099,Booth,5,0,60,6/16/2026,03/09/2025,0
6100,Booth,5,0,180,6/16/2026,06/01/2026,0
6101,Booth,5,0,60,6/16/2026,04/05/2025,0
6108,Booth,5,0,60,6/16/2026,6/23/2025,0
6113,Booth,6,0,60,6/16/2026,02/12/2026,0
6115,Booth,5,0,60,6/16/2026,12/04/2025,0
6120,Booth,5,1,60,6/16/2026,6/16/2026,0
6121,Booth,5,0,105,6/16/2026,9/15/2025,0
6124,Booth,5,0,60,6/16/2026,5/24/2025,0
6131,Booth,5,0,60,6/16/2026,04/05/2026,0
6139,Room,5,0,60,6/16/2026,7/31/2026,0
6142,Booth,5,0,60,6/16/2026,5/23/2025,0
6143,Booth,5,0,60,6/16/2026,8/16/2025,1
6144,Booth,5,0,105,6/16/2026,10/12/2025,0
6145,Booth,5,0,60,6/16/2026,05/08/2026,0
6148,Booth,5,0,60,6/16/2026,1/31/2026,0
6151,Booth,5,1,60,6/16/2026,6/16/2026,0
6155,Booth,5,0,60,6/16/2026,11/30/2025,0
6156,Room,5,0,105,6/16/2026,9/25/2025,0
6160,Booth,5,0,60,6/16/2026,11/14/2025,0
6162,Booth,5,0,60,6/16/2026,06/11/2025,0
6167,Booth,5,0,60,6/16/2026,07/06/2026,0
6169,Room,5,0,60,6/16/2026,06/12/2025,0
6170,Booth,5,0,60,6/16/2026,03/04/2026,0
6171,Booth,5,0,60,6/16/2026,4/25/2026,1
6182,Room,5,0,60,6/16/2026,08/06/2025,0
6185,Booth,5,0,105,6/16/2026,4/14/2026,0
6189,Booth,5,0,60,6/16/2026,03/05/2026,0
6192,Booth,5,0,60,6/16/2026,02/09/2026,0
6195,Booth,5,0,60,6/16/2026,04/11/2026,1
6198,Booth,5,0,60,6/16/2026,08/08/2025,0
6200,Booth,5,0,60,6/16/2026,2/18/2025,0
6202,Booth,5,1,60,6/16/2026,6/16/2026,0
6203,Booth,5,0,60,6/16/2026,7/30/2026,0
6204,Booth,5,0,60,6/16/2026,03/09/2026,0
6205,Booth,5,0,60,6/16/2026,05/10/2025,0
6208,Booth,5,0,60,6/16/2026,08/03/2025,0
6209,Booth,5,0,60,6/16/2026,12/22/2025,0
6210,Booth,5,0,60,6/16/2026,7/25/2025,0
6212,Room,5,0,60,6/16/2026,12/21/2025,0
6214,Booth,5,0,60,6/16/2026,7/15/2025,0
6215,Room,5,0,60,6/16/2026,07/05/2025,1
6219,Booth,5,0,60,6/16/2026,1/28/2026,0
6222,Booth,5,0,60,6/16/2026,04/12/2025,1
6226,Booth,5,0,60,6/16/2026,5/29/2025,0
6229,Room,5,0,60,6/16/2026,4/22/2026,0
6232,Booth,5,0,60,6/16/2026,4/18/2025,0
6244,Booth,5,0,60,6/16/2026,3/16/2025,0
6245,Booth,6,1,60,6/16/2026,6/16/2026,0
6246,Booth,5,0,60,6/16/2026,5/25/2026,0
6252,Booth,5,0,60,6/16/2026,2/18/2026,0
6253,Booth,5,0,210,6/16/2026,09/02/2025,0
6256,Booth,5,0,60,6/16/2026,11/04/2025,0
6257,Booth,5,0,60,6/16/2026,7/26/2025,0
6259,Booth,5,0,60,6/16/2026,7/13/2025,0
6261,Booth,5,0,60,6/16/2026,7/18/2026,0
6266,Booth,5,1,60,6/16/2026,6/16/2026,0
6273,Booth,5,0,60,6/16/2026,02/11/2025,0
6275,Booth,5,0,60,6/16/2026,04/10/2025,0
6278,Booth,5,0,60,6/16/2026,5/21/2025,0
6281,Booth,5,0,60,6/16/2026,06/08/2025,0
6284,Booth,5,0,60,6/16/2026,1/15/2026,0
6287,Booth,5,0,60,6/16/2026,3/15/2025,0
6290,Booth,5,0,60,6/16/2026,7/13/2026,0
6293,Booth,5,0,60,6/16/2026,09/07/2025,0
6296,Booth,5,0,60,6/16/2026,2/19/2025,0
6297,Booth,5,0,60,6/16/2026,10/26/2025,0
6299,Room,5,0,210,6/16/2026,07/05/2025,0
6301,Booth,5,0,60,6/16/2026,03/09/2025,0
6304,Booth,5,0,180,6/16/2026,4/21/2025,1
6305,Booth,5,0,15,6/16/2026,8/24/2025,0
6306,Booth,5,0,60,6/16/2026,04/10/2026,0
6309,Room,5,0,60,6/16/2026,8/27/2025,0
6310,Room,5,0,60,6/16/2026,05/11/2025,0
6311,Booth,5,0,60,6/16/2026,10/15/2025,0
6319,Booth,6,0,60,6/16/2026,04/02/2026,1
6320,Booth,5,0,60,6/16/2026,05/06/2026,1
6322,Booth,5,1,60,6/16/2026,6/16/2026,0
6323,Booth,5,0,60,6/16/2026,02/06/2026,0
6324,Booth,5,0,60,6/16/2026,4/22/2025,0
6325,Room,5,0,60,6/16/2026,1/25/2026,0
6326,Booth,5,0,60,6/16/2026,06/10/2026,0
6327,Booth,5,0,105,6/16/2026,07/07/2025,0
6331,Booth,5,0,60,6/16/2026,02/09/2025,0
6334,Booth,5,0,60,6/16/2026,2/18/2026,0
6335,Booth,5,0,60,6/16/2026,11/08/2025,1
6337,Booth,5,0,180,6/16/2026,04/05/2025,0
6340,Booth,5,0,60,6/16/2026,02/07/2025,0
6341,Booth,5,0,60,6/16/2026,5/17/2025,0
6347,Booth,6,0,60,6/16/2026,3/16/2025,0
6348,Booth,5,0,60,6/16/2026,4/13/2026,0
6350,Booth,5,0,60,6/16/2026,7/28/2025,0
6354,Booth,5,0,60,6/16/2026,5/31/2025,0
6363,Booth,5,0,60,6/16/2026,04/04/2026,0
6364,Booth,5,0,60,6/16/2026,2/21/2026,0
6373,Booth,5,1,60,6/16/2026,6/16/2026,0
6374,Booth,5,0,60,6/16/2026,11/28/2025,0
6379,Booth,5,0,60,6/16/2026,4/19/2025,0
6380,Booth,5,0,210,6/16/2026,6/15/2025,0
6381,Booth,5,0,105,6/16/2026,2/21/2025,0
6386,Booth,5,0,60,6/16/2026,2/22/2025,0
6388,Room,5,0,60,6/16/2026,03/01/2025,0
6389,Booth,5,0,60,6/16/2026,5/17/2025,0
6390,Booth,5,0,60,6/16/2026,6/29/2026,0
6394,Booth,6,1,60,6/16/2026,6/16/2026,0
6395,Booth,5,0,60,6/16/2026,2/26/2025,0
6397,Booth,5,0,210,6/16/2026,02/04/2026,0
6399,Booth,5,0,60,6/16/2026,02/07/2026,0
6401,Booth,5,0,60,6/16/2026,2/16/2026,0
6403,Room,5,0,30,6/16/2026,7/29/2026,0
6405,Booth,5,0,60,6/16/2026,3/27/2026,0
6407,Booth,5,0,105,6/16/2026,07/07/2026,0
6410,Booth,5,0,60,6/16/2026,5/21/2026,0
6411,Booth,5,0,105,6/16/2026,11/13/2025,0
6413,Booth,5,0,105,6/16/2026,12/14/2025,0
6414,Room,5,0,60,6/16/2026,12/26/2025,0
6415,Booth,5,0,60,6/16/2026,03/07/2026,0
6418,Booth,5,0,60,6/16/2026,7/13/2026,0
6423,Booth,5,0,60,6/16/2026,3/18/2026,1
6431,Booth,5,0,60,6/16/2026,12/07/2025,0
6432,Booth,5,0,60,6/16/2026,06/07/2026,0
6435,Booth,5,0,60,6/16/2026,11/28/2025,0
6437,Booth,5,0,60,6/16/2026,03/10/2025,0
6438,Booth,5,0,60,6/16/2026,07/08/2025,0
6443,Booth,5,0,60,6/16/2026,05/06/2025,0
6448,Booth,5,0,60,6/16/2026,05/06/2025,0
6451,Booth,5,0,60,6/16/2026,01/07/2026,1
6453,Booth,6,0,60,6/16/2026,6/29/2026,0
6458,Booth,5,0,60,6/16/2026,09/08/2025,0
6460,Booth,5,0,60,6/16/2026,06/05/2026,0
6466,Booth,6,0,75,6/16/2026,4/28/2025,0
6467,Booth,5,0,105,6/16/2026,9/16/2025,0
6468,Room,5,0,30,6/16/2026,10/25/2025,0
6469,Booth,5,0,60,6/16/2026,1/23/2026,0
6474,Booth,5,0,60,6/16/2026,12/16/2025,0
6476,Booth,5,1,60,6/16/2026,6/16/2026,0
6477,Booth,5,0,60,6/16/2026,3/13/2026,0
6481,Booth,5,0,60,6/16/2026,2/19/2025,0
6484,Booth,5,0,90,6/16/2026,05/01/2025,0
6486,Booth,5,0,60,6/16/2026,02/09/2025,0
6487,Booth,5,0,60,6/16/2026,2/20/2025,0
6489,Booth,5,0,60,6/16/2026,3/19/2025,0
6490,Booth,5,0,60,6/16/2026,5/21/2025,0
6491,Booth,5,0,60,6/16/2026,5/16/2025,0
6497,Booth,5,0,60,6/16/2026,7/28/2025,0
6498,Booth,5,0,105,6/16/2026,11/14/2025,0
6501,Booth,5,0,60,6/16/2026,11/19/2025,0
6505,Booth,5,0,60,6/16/2026,5/23/2025,0
6506,Booth,5,0,60,6/16/2026,04/08/2025,0
6511,Booth,5,0,60,6/16/2026,2/20/2025,0
6514,Booth,5,1,60,6/16/2026,6/16/2026,0
6516,Booth,5,0,60,6/16/2026,4/24/2026,0
6519,Room,5,0,60,6/16/2026,3/18/2025,0
6521,Booth,6,0,60,6/16/2026,12/13/2025,0
6524,Room,5,0,210,6/16/2026,6/28/2025,0
6527,Booth,5,0,60,6/16/2026,8/13/2025,1
6528,Booth,5,0,60,6/16/2026,08/06/2025,0
6529,Booth,5,0,60,6/16/2026,5/25/2026,0
6532,Booth,5,0,60,6/16/2026,2/23/2026,0
6535,Room,5,0,60,6/16/2026,08/04/2025,0
6539,Booth,5,0,75,6/16/2026,03/11/2026,0
6541,Room,5,0,210,6/16/2026,6/15/2025,0
6544,Booth,5,0,60,6/16/2026,9/13/2025,0
6549,Booth,5,0,60,6/16/2026,2/26/2026,0
6552,Booth,5,0,105,6/16/2026,3/21/2025,0
6553,Booth,5,0,60,6/16/2026,07/06/2025,0
6555,Room,5,0,15,6/16/2026,08/09/2025,1
6556,Booth,5,0,60,6/16/2026,09/08/2025,0
6557,Booth,5,1,60,6/16/2026,6/16/2026,0
6560,Booth,5,0,60,6/16/2026,8/13/2025,0
6563,Booth,5,0,60,6/16/2026,4/18/2025,0
6564,Booth,5,0,180,6/16/2026,10/05/2025,0
6568,Booth,5,0,60,6/16/2026,03/09/2025,0
6569,Booth,5,0,60,6/16/2026,07/04/2025,0
6570,Booth,5,0,60,6/16/2026,9/18/2025,0
6572,Booth,5,0,60,6/16/2026,06/12/2026,0
6573,Booth,5,0,60,6/16/2026,2/26/2025,0
6575,Booth,6,1,60,6/16/2026,6/16/2026,0
6576,Booth,5,0,90,6/16/2026,01/03/2026,0
6578,Booth,5,0,60,6/16/2026,5/28/2025,0
6581,Booth,5,0,60,6/16/2026,01/10/2026,0
6582,Booth,5,0,60,6/16/2026,4/17/2025,0
6583,Booth,5,0,60,6/16/2026,4/23/2025,0
6585,Booth,5,0,60,6/16/2026,01/11/2026,0
6592,Booth,5,0,60,6/16/2026,1/30/2026,0
6593,Booth,5,0,60,6/16/2026,06/08/2025,0
6596,Booth,5,0,105,6/16/2026,10/12/2025,0
6604,Booth,5,1,60,6/16/2026,6/16/2026,0
6608,Booth,5,0,60,6/16/2026,6/21/2025,0
6614,Booth,5,0,60,6/16/2026,6/23/2026,0
6615,Room,6,0,60,6/16/2026,04/04/2026,0
6616,Booth,5,0,60,6/16/2026,9/14/2025,0
6617,Booth,5,0,60,6/16/2026,08/06/2025,0
6618,Booth,5,0,60,6/16/2026,5/30/2026,0
6624,Booth,5,0,60,6/16/2026,8/26/2025,0
6625,Room,5,0,60,6/16/2026,4/21/2026,0
6629,Room,6,0,60,6/16/2026,9/25/2025,0
6630,Booth,5,0,30,6/16/2026,3/21/2025,0
6634,Booth,5,0,60,6/16/2026,7/26/2025,0
6635,Booth,5,0,60,6/16/2026,8/17/2025,0
6636,Booth,5,0,210,6/16/2026,5/24/2025,0
6637,Booth,5,0,60,6/16/2026,8/31/2025,0
6640,Booth,5,1,60,6/16/2026,6/16/2026,0
6641,Room,5,0,60,6/16/2026,5/30/2026,0
6642,Booth,5,0,60,6/16/2026,04/07/2025,0
6645,Booth,5,1,60,6/16/2026,6/16/2026,0
6650,Booth,5,0,60,6/16/2026,7/16/2025,0
6651,Booth,5,0,60,6/16/2026,03/09/2025,0
6655,Booth,5,0,60,6/16/2026,1/22/2026,0
6662,Booth,6,0,60,6/16/2026,7/21/2025,0
6663,Booth,5,0,60,6/16/2026,2/24/2026,0
6665,Booth,5,0,60,6/16/2026,8/24/2025,0
6667,Booth,5,0,60,6/16/2026,7/26/2025,0
6668,Booth,5,0,60,6/16/2026,01/10/2026,0
6669,Booth,5,1,60,6/16/2026,6/16/2026,0
6671,Booth,5,0,60,6/16/2026,2/25/2026,0
6676,Booth,5,0,60,6/16/2026,01/08/2026,0
6677,Booth,5,0,60,6/16/2026,07/03/2026,0
6678,Booth,5,0,60,6/16/2026,06/03/2025,0
6679,Booth,5,0,60,6/16/2026,12/19/2025,0
6685,Booth,5,0,105,6/16/2026,11/09/2025,0
6689,Booth,5,0,60,6/16/2026,11/22/2025,0
6693,Booth,5,0,60,6/16/2026,12/08/2025,0
6698,Booth,5,0,60,6/16/2026,03/10/2025,0
6701,Booth,5,0,60,6/16/2026,6/30/2026,0
6703,Booth,5,0,60,6/16/2026,5/22/2026,0
6704,Booth,5,0,60,6/16/2026,12/25/2025,0
6705,Booth,5,0,60,6/16/2026,03/12/2026,0
6708,Booth,5,0,60,6/16/2026,04/11/2026,0
6710,Booth,5,0,60,6/16/2026,2/13/2025,0
6711,Booth,5,0,60,6/16/2026,02/08/2025,0
6714,Room,5,0,60,6/16/2026,09/02/2025,0
6715,Booth,5,0,60,6/16/2026,07/01/2026,0
6719,Booth,5,1,60,6/16/2026,6/16/2026,0
6724,Booth,5,0,60,6/16/2026,03/05/2026,0
6725,Booth,5,0,60,6/16/2026,06/09/2025,1
6726,Booth,5,0,60,6/16/2026,8/25/2025,0
6727,Booth,5,0,105,6/16/2026,10/04/2025,0
6728,Booth,5,0,60,6/16/2026,2/21/2026,1
6729,Booth,5,0,60,6/16/2026,3/24/2025,1
6731,Booth,5,0,60,6/16/2026,03/12/2025,0
6733,Booth,5,0,60,6/16/2026,10/05/2025,0
6738,Booth,5,0,60,6/16/2026,5/14/2026,0
6747,Booth,5,0,60,6/16/2026,07/11/2025,0
6750,Booth,5,0,60,6/16/2026,06/04/2026,0
6751,Booth,5,1,60,6/16/2026,6/16/2026,0
6753,Booth,5,0,60,6/16/2026,08/02/2026,0
6756,Booth,5,0,60,6/16/2026,4/24/2025,0
6758,Booth,5,0,60,6/16/2026,6/18/2025,0
6759,Booth,5,0,60,6/16/2026,07/03/2025,0
6762,Booth,5,0,60,6/16/2026,12/29/2025,0
6763,Booth,5,0,60,6/16/2026,02/03/2026,0
6766,Booth,5,0,60,6/16/2026,3/28/2025,0
6772,Booth,5,0,60,6/16/2026,2/23/2026,0
6777,Booth,5,0,60,6/16/2026,3/16/2026,0
6783,Booth,6,0,60,6/16/2026,02/02/2025,0
6784,Booth,5,0,60,6/16/2026,05/07/2026,0
6787,Booth,5,0,60,6/16/2026,5/21/2026,0
6789,Booth,5,0,60,6/16/2026,6/28/2025,0
6795,Booth,5,0,60,6/16/2026,8/28/2025,0
6797,Booth,5,0,180,6/16/2026,3/15/2025,0
6798,Booth,5,1,60,6/16/2026,6/16/2026,0
6800,Booth,5,0,60,6/16/2026,12/20/2025,0
6803,Room,5,0,60,6/16/2026,7/17/2026,0
6804,Booth,5,0,105,6/16/2026,08/03/2025,0
6809,Booth,5,0,105,6/16/2026,4/30/2026,0
6810,Booth,5,0,60,6/16/2026,2/18/2025,0
6811,Booth,5,0,60,6/16/2026,02/10/2025,0
6816,Room,5,0,60,6/16/2026,07/05/2025,0
6818,Booth,5,1,60,6/16/2026,6/16/2026,0
6820,Booth,5,0,60,6/16/2026,02/07/2025,0
6821,Booth,5,1,60,6/16/2026,6/16/2026,0
6822,Room,5,0,105,6/16/2026,8/22/2025,0
6832,Room,5,0,60,6/16/2026,12/19/2025,0
6837,Booth,6,0,60,6/16/2026,3/14/2026,0
6838,Booth,5,0,60,6/16/2026,06/04/2026,0
6839,Booth,5,0,60,6/16/2026,02/06/2025,0
6841,Booth,5,0,60,6/16/2026,2/13/2026,0
6843,Booth,5,0,60,6/16/2026,10/21/2025,0
6853,Booth,5,0,60,6/16/2026,12/28/2025,0
6855,Booth,5,0,60,6/16/2026,9/21/2025,0
6856,Booth,5,0,60,6/16/2026,1/29/2026,0
6858,Booth,5,0,60,6/16/2026,12/04/2025,0
6860,Booth,5,0,60,6/16/2026,3/30/2026,0
6861,Booth,5,0,90,6/16/2026,07/02/2026,0
6864,Room,6,0,60,6/16/2026,4/23/2025,0
6867,Booth,5,0,60,6/16/2026,12/12/2025,0
6870,Booth,5,0,60,6/16/2026,08/04/2026,0
6872,Booth,5,0,60,6/16/2026,4/25/2025,0
6874,Booth,5,0,60,6/16/2026,3/13/2025,0
6875,Booth,5,0,60,6/16/2026,10/17/2025,0
6876,Booth,5,0,60,6/16/2026,7/29/2025,0
6877,Booth,5,0,60,6/16/2026,2/27/2025,0
6879,Booth,5,0,60,6/16/2026,2/16/2026,0
6883,Booth,5,0,60,6/16/2026,04/05/2026,0
6885,Booth,5,0,60,6/16/2026,4/13/2025,0
6892,Booth,5,1,60,6/16/2026,6/16/2026,0
6896,Booth,5,0,60,6/16/2026,4/24/2025,0
6897,Booth,5,0,60,6/16/2026,03/11/2026,0
6898,Booth,5,0,60,6/16/2026,8/24/2025,0
6900,Booth,5,0,60,6/16/2026,12/10/2025,0
6905,Booth,5,0,60,6/16/2026,05/01/2025,0
6907,Booth,5,0,60,6/16/2026,10/09/2025,0
6910,Booth,5,0,60,6/16/2026,03/03/2025,0
6912,Booth,5,0,60,6/16/2026,4/14/2025,0
6918,Booth,5,0,105,6/16/2026,5/23/2026,0
6922,Booth,5,0,60,6/16/2026,07/09/2026,0
6926,Booth,5,0,60,6/16/2026,4/24/2026,0
6928,Booth,5,0,60,6/16/2026,05/06/2026,0
6930,Booth,5,0,60,6/16/2026,04/09/2025,0
6934,Booth,5,0,60,6/16/2026,04/05/2026,0
6936,Booth,6,0,60,6/16/2026,11/24/2025,0
6945,Booth,5,0,60,6/16/2026,03/08/2025,0
6949,Room,5,0,60,6/16/2026,7/30/2026,0
6950,Booth,5,0,60,6/16/2026,07/01/2026,0
6952,Booth,5,1,60,6/16/2026,6/16/2026,0
6953,Booth,5,0,60,6/16/2026,11/22/2025,0
6955,Booth,5,0,60,6/16/2026,7/14/2025,0
6956,Booth,5,0,60,6/16/2026,10/27/2025,1
6961,Booth,5,0,60,6/16/2026,11/14/2025,0
6963,Room,5,1,90,6/16/2026,6/16/2026,0
6970,Booth,5,0,60,6/16/2026,2/13/2026,0
6971,Booth,5,0,60,6/16/2026,04/07/2025,0
6972,Booth,5,0,60,6/16/2026,2/14/2026,0
6974,Booth,5,0,60,6/16/2026,06/10/2025,0
6977,Booth,5,0,60,6/16/2026,2/22/2026,0
6982,Booth,5,0,75,6/16/2026,02/08/2025,0
6983,Booth,5,0,60,6/16/2026,1/18/2026,0
6984,Booth,5,0,60,6/16/2026,06/01/2026,0
6986,Booth,5,0,210,6/16/2026,03/04/2025,0
6987,Booth,5,0,60,6/16/2026,7/23/2025,0
6989,Booth,5,0,60,6/16/2026,7/16/2026,0
6990,Booth,5,0,60,6/16/2026,04/04/2025,0
6995,Booth,5,0,60,6/16/2026,4/27/2025,0
7002,Booth,5,0,60,6/16/2026,02/10/2026,0
7003,Booth,5,0,105,6/16/2026,7/18/2025,0
7006,Booth,5,0,60,6/16/2026,11/24/2025,0
7008,Booth,5,0,90,6/16/2026,8/22/2025,0
7010,Booth,5,0,60,6/16/2026,01/04/2026,0
7011,Booth,5,1,60,6/16/2026,6/16/2026,0
7014,Booth,5,0,60,6/16/2026,9/27/2025,0
7015,Booth,5,0,105,6/16/2026,01/02/2026,0
7016,Booth,5,0,60,6/16/2026,8/24/2025,0
7019,Room,5,1,60,6/16/2026,6/16/2026,0
7020,Booth,5,0,60,6/16/2026,4/30/2026,0
7022,Booth,5,0,105,6/16/2026,12/27/2025,0
7023,Booth,5,0,60,6/16/2026,07/05/2025,0
7025,Booth,5,0,60,6/16/2026,01/11/2026,1
7026,Booth,5,0,60,6/16/2026,06/08/2026,0
7028,Booth,5,0,60,6/16/2026,9/14/2025,0
7029,Booth,5,1,60,6/16/2026,6/16/2026,0
7030,Booth,5,0,60,6/16/2026,09/09/2025,0
7031,Booth,5,0,60,6/16/2026,03/05/2026,0
7037,Booth,5,0,60,6/16/2026,04/12/2026,0
7045,Booth,5,0,60,6/16/2026,1/18/2026,0
7046,Booth,5,0,105,6/16/2026,5/24/2026,0
7052,Booth,5,0,105,6/16/2026,5/17/2025,0
7053,Booth,5,0,60,6/16/2026,11/25/2025,0
7058,Booth,5,0,60,6/16/2026,09/12/2025,0
7060,Room,6,0,60,6/16/2026,4/24/2026,0
7061,Booth,5,0,60,6/16/2026,6/26/2025,0
7062,Booth,5,0,60,6/16/2026,4/23/2026,0
7063,Booth,5,0,60,6/16/2026,07/03/2026,0
7066,Booth,5,0,60,6/16/2026,3/18/2026,0
7068,Booth,5,0,60,6/16/2026,04/09/2026,0
7069,Booth,5,1,60,6/16/2026,6/16/2026,0
7072,Room,5,0,60,6/16/2026,6/20/2026,0
7075,Booth,5,0,60,6/16/2026,11/21/2025,0
7076,Booth,5,0,60,6/16/2026,4/27/2026,0
7080,Booth,5,0,60,6/16/2026,05/12/2025,0
7082,Booth,5,0,60,6/16/2026,8/19/2025,0
7088,Booth,5,0,60,6/16/2026,8/31/2025,1
7089,Booth,5,0,60,6/16/2026,01/05/2026,0
7091,Booth,5,0,105,6/16/2026,10/19/2025,0
7094,Room,5,0,60,6/16/2026,02/08/2025,0
7098,Booth,5,0,60,6/16/2026,12/19/2025,0
7099,Booth,5,0,60,6/16/2026,07/01/2025,0
7104,Booth,5,0,60,6/16/2026,10/20/2025,0
7106,Booth,5,1,60,6/16/2026,6/16/2026,0
7111,Booth,5,0,60,6/16/2026,10/20/2025,0
7118,Booth,5,0,60,6/16/2026,05/02/2025,0
7119,Booth,5,0,60,6/16/2026,04/05/2025,0
7122,Booth,5,0,60,6/16/2026,03/11/2026,0
7128,Booth,5,0,60,6/16/2026,11/05/2025,0
7129,Booth,5,0,60,6/16/2026,6/20/2026,0
7130,Booth,5,0,60,6/16/2026,11/09/2025,0
7132,Booth,5,0,60,6/16/2026,4/18/2026,0
7133,Booth,6,0,180,6/16/2026,04/01/2025,0
7135,Booth,5,0,60,6/16/2026,09/08/2025,0
7136,Booth,5,0,60,6/16/2026,12/27/2025,0
7139,Room,5,0,60,6/16/2026,11/29/2025,0
7141,Booth,5,0,60,6/16/2026,07/12/2026,0
7142,Booth,5,0,60,6/16/2026,05/05/2025,0
7143,Booth,5,0,30,6/16/2026,5/30/2026,0
7144,Booth,5,0,30,6/16/2026,08/02/2025,0
7145,Room,5,0,60,6/16/2026,11/23/2025,0
7149,Booth,5,1,60,6/16/2026,6/16/2026,0
7152,Booth,5,0,60,6/16/2026,04/06/2025,0
7158,Booth,5,0,60,6/16/2026,1/14/2026,0
7163,Booth,5,0,60,6/16/2026,6/27/2025,0
7164,Booth,5,0,60,6/16/2026,03/09/2026,0
7167,Booth,5,0,60,6/16/2026,07/05/2026,0
7175,Booth,5,0,60,6/16/2026,11/21/2025,0
7177,Booth,5,0,60,6/16/2026,05/06/2025,0
7178,Booth,5,0,60,6/16/2026,7/26/2026,0
7179,Room,5,0,60,6/16/2026,01/08/2026,0
7185,Room,5,0,60,6/16/2026,8/28/2025,0
7188,Booth,5,0,60,6/16/2026,3/16/2026,0
7192,Booth,5,0,60,6/16/2026,05/12/2026,0
7194,Booth,5,0,60,6/16/2026,09/08/2025,0
7196,Booth,5,0,60,6/16/2026,11/08/2025,0
7197,Booth,5,0,60,6/16/2026,9/13/2025,0
7199,Booth,5,0,60,6/16/2026,7/26/2026,0
7200,Booth,5,1,60,6/16/2026,6/16/2026,0
7202,Booth,5,0,60,6/16/2026,01/08/2026,0
7206,Room,5,0,60,6/16/2026,9/29/2025,0
7207,Booth,5,0,60,6/16/2026,5/17/2026,0
7208,Booth,6,0,60,6/16/2026,3/24/2026,0
7210,Booth,5,0,60,6/16/2026,07/11/2025,0
7211,Booth,5,0,60,6/16/2026,02/11/2026,0
7212,Booth,5,1,60,6/16/2026,6/16/2026,0
7215,Booth,5,0,210,6/16/2026,06/11/2026,0
7216,Room,5,0,60,6/16/2026,3/16/2026,0
7217,Booth,5,0,60,6/16/2026,12/29/2025,0
7220,Booth,6,0,60,6/16/2026,4/21/2025,0
7221,Booth,5,0,30,6/16/2026,03/12/2025,0
7224,Booth,5,0,105,6/16/2026,03/10/2026,0
7229,Room,5,0,60,6/16/2026,03/09/2025,0
7232,Booth,5,0,30,6/16/2026,4/26/2025,0
7235,Booth,5,0,105,6/16/2026,12/19/2025,0
7243,Booth,5,0,60,6/16/2026,01/08/2026,0
7246,Room,5,0,60,6/16/2026,11/27/2025,0
7249,Booth,5,0,60,6/16/2026,7/29/2025,0
7251,Booth,5,0,60,6/16/2026,08/08/2025,0
7252,Booth,5,0,60,6/16/2026,7/30/2025,0
7255,Booth,5,0,60,6/16/2026,12/27/2025,0
7263,Booth,5,0,60,6/16/2026,7/21/2026,0
7268,Booth,5,0,60,6/16/2026,7/29/2026,0
7271,Booth,5,0,60,6/16/2026,6/18/2026,0
7275,Booth,5,0,210,6/16/2026,06/05/2025,0
7276,Booth,5,1,60,6/16/2026,6/16/2026,0
7277,Booth,5,1,105,6/16/2026,6/16/2026,0
7278,Booth,5,0,60,6/16/2026,11/04/2025,0
7280,Booth,5,0,60,6/16/2026,11/22/2025,0
7282,Room,5,0,60,6/16/2026,03/05/2025,0
7287,Booth,5,0,105,6/16/2026,7/28/2026,0
7291,Booth,5,1,15,6/16/2026,6/16/2026,0
7293,Room,6,0,60,6/16/2026,4/20/2026,0
7295,Room,5,0,60,6/16/2026,3/28/2026,0
7300,Booth,5,0,60,6/16/2026,5/16/2025,0
7301,Booth,5,0,60,6/16/2026,11/25/2025,0
7302,Booth,5,0,60,6/16/2026,3/15/2025,0
7303,Booth,5,0,60,6/16/2026,7/15/2026,0
7305,Booth,5,0,60,6/16/2026,6/19/2025,0
7306,Booth,5,0,60,6/16/2026,08/05/2025,0
7309,Booth,5,0,60,6/16/2026,09/01/2025,0
7310,Booth,6,0,180,6/16/2026,6/28/2026,0
7318,Booth,5,0,60,6/16/2026,06/02/2026,0
7321,Booth,5,0,60,6/16/2026,5/21/2025,0
7325,Booth,5,0,60,6/16/2026,4/13/2025,0
7329,Booth,5,0,60,6/16/2026,10/18/2025,0
7331,Booth,5,0,60,6/16/2026,12/06/2025,0
7334,Booth,5,0,60,6/16/2026,6/28/2026,0
7335,Booth,5,0,210,6/16/2026,05/03/2026,0
7336,Booth,6,0,60,6/16/2026,11/07/2025,0
7338,Booth,5,0,60,6/16/2026,5/27/2026,0
7339,Booth,5,0,60,6/16/2026,04/01/2026,0
7340,Booth,5,0,105,6/16/2026,5/19/2025,0
7342,Booth,5,0,105,6/16/2026,6/16/2026,0
7347,Booth,5,0,105,6/16/2026,05/12/2026,0
7348,Booth,5,0,210,6/16/2026,3/29/2025,1
7349,Booth,5,0,60,6/16/2026,05/12/2025,0
7352,Booth,5,1,60,6/16/2026,6/16/2026,0
7355,Booth,5,0,60,6/16/2026,1/21/2026,0
7356,Booth,5,0,60,6/16/2026,04/09/2025,0
7358,Booth,5,0,60,6/16/2026,5/30/2025,0
7361,Booth,5,0,60,6/16/2026,10/28/2025,0
7365,Booth,5,0,60,6/16/2026,08/07/2025,0
7368,Booth,5,0,60,6/16/2026,1/29/2026,0
7374,Booth,5,0,60,6/16/2026,02/11/2026,0
7376,Room,5,0,60,6/16/2026,1/16/2026,0
7380,Room,6,0,60,6/16/2026,2/26/2025,0
7381,Booth,5,0,60,6/16/2026,6/24/2025,0
7383,Booth,5,0,60,6/16/2026,03/12/2025,0
7387,Room,5,0,60,6/16/2026,4/15/2026,0
7391,Booth,5,0,60,6/16/2026,3/14/2026,0
7394,Booth,5,0,60,6/16/2026,4/21/2025,0
7398,Booth,5,0,60,6/16/2026,6/19/2026,0
7400,Booth,5,0,60,6/16/2026,2/23/2026,0
7402,Booth,5,1,60,6/16/2026,6/16/2026,0
7404,Booth,5,0,60,6/16/2026,04/05/2026,0
7405,Room,5,0,60,6/16/2026,7/14/2026,0
7406,Booth,5,0,60,6/16/2026,5/22/2025,0
7411,Booth,5,0,60,6/16/2026,5/25/2026,0
7412,Booth,5,0,60,6/16/2026,3/19/2026,0
7414,Booth,5,0,60,6/16/2026,11/01/2025,0
7417,Booth,5,0,60,6/16/2026,3/15/2025,0
7423,Booth,5,0,60,6/16/2026,08/04/2025,0
7425,Booth,5,0,60,6/16/2026,4/24/2025,0
7432,Booth,5,0,15,6/16/2026,5/29/2026,0
7434,Booth,5,0,60,6/16/2026,07/04/2026,0
7435,Booth,5,0,60,6/16/2026,6/29/2026,0
7441,Booth,5,0,60,6/16/2026,06/05/2025,0
7443,Booth,5,0,60,6/16/2026,4/20/2025,0
7444,Booth,5,0,30,6/16/2026,1/16/2026,0
7445,Room,5,1,60,6/16/2026,6/16/2026,0
7449,Booth,5,0,60,6/16/2026,02/12/2025,0
7450,Room,5,1,180,6/16/2026,6/16/2026,0
7453,Room,6,0,75,6/16/2026,4/26/2025,0
7455,Room,6,0,60,6/16/2026,12/02/2025,0
7458,Booth,5,0,60,6/16/2026,3/27/2025,0
7460,Booth,5,0,60,6/16/2026,6/25/2025,1
7461,Room,5,0,60,6/16/2026,1/27/2026,0
7462,Booth,5,0,105,6/16/2026,03/11/2026,0
7463,Booth,5,0,60,6/16/2026,4/13/2026,0
7468,Booth,5,0,60,6/16/2026,03/03/2026,0
7472,Booth,5,0,60,6/16/2026,03/11/2025,0
7474,Booth,5,0,90,6/16/2026,12/10/2025,0
7478,Booth,5,0,60,6/16/2026,06/12/2026,0
7480,Booth,5,0,60,6/16/2026,3/20/2026,0
7484,Booth,5,0,60,6/16/2026,11/21/2025,0
7489,Booth,5,0,60,6/16/2026,6/29/2026,0
7490,Booth,5,0,60,6/16/2026,6/25/2025,0
7491,Booth,5,0,60,6/16/2026,02/10/2025,0
7492,Booth,5,0,60,6/16/2026,10/31/2025,1
7495,Room,5,0,60,6/16/2026,4/13/2026,0
7498,Booth,5,0,105,6/16/2026,7/31/2026,0
7500,Booth,6,0,60,6/16/2026,3/30/2025,0
7501,Room,5,0,60,6/16/2026,3/30/2025,0
7503,Booth,5,0,60,6/16/2026,11/30/2025,0
7505,Booth,5,0,60,6/16/2026,07/02/2025,0
7509,Booth,5,0,60,6/16/2026,01/04/2026,0
7510,Room,5,0,60,6/16/2026,11/03/2025,0
7512,Booth,5,0,60,6/16/2026,2/17/2026,0
7518,Booth,5,0,60,6/16/2026,06/10/2025,0
7524,Booth,6,0,60,6/16/2026,2/19/2026,0
7526,Booth,5,0,30,6/16/2026,06/11/2025,0
7528,Booth,5,0,60,6/16/2026,09/05/2025,1
7539,Booth,5,0,60,6/16/2026,2/18/2026,0
7543,Booth,5,0,60,6/16/2026,02/10/2025,0
7548,Booth,5,0,60,6/16/2026,4/14/2026,0
7549,Booth,5,0,60,6/16/2026,3/21/2026,0
7551,Booth,5,0,60,6/16/2026,6/21/2026,0
7552,Booth,5,0,60,6/16/2026,02/02/2025,0
7553,Booth,5,0,60,6/16/2026,06/08/2026,0
7554,Booth,5,0,60,6/16/2026,8/31/2025,0
7555,Booth,5,0,60,6/16/2026,9/19/2025,1
7559,Booth,5,0,60,6/16/2026,4/26/2026,0
7560,Booth,5,0,60,6/16/2026,5/20/2026,0
7563,Room,5,0,60,6/16/2026,3/15/2025,0
7567,Room,5,1,60,6/16/2026,6/16/2026,0
7569,Room,5,0,60,6/16/2026,09/03/2025,0
7572,Booth,5,0,75,6/16/2026,03/01/2025,0
7573,Booth,5,0,60,6/16/2026,3/23/2025,0
7577,Booth,5,0,60,6/16/2026,07/09/2025,1
7578,Booth,5,0,60,6/16/2026,7/27/2026,0
7580,Booth,5,0,60,6/16/2026,6/21/2026,0
7581,Booth,5,0,60,6/16/2026,07/07/2026,0
7583,Booth,5,0,60,6/16/2026,02/08/2026,0
7585,Booth,7,0,60,6/16/2026,04/09/2025,0
7586,Room,5,0,60,6/16/2026,03/05/2026,0
7589,Booth,5,0,60,6/16/2026,7/14/2025,0
7593,Booth,5,0,60,6/16/2026,05/04/2025,0
7594,Booth,5,0,60,6/16/2026,02/01/2025,0
7595,Room,5,0,105,6/16/2026,10/03/2025,0
7598,Booth,5,0,60,6/16/2026,5/19/2025,0
7600,Booth,5,0,60,6/16/2026,7/22/2025,0
7603,Booth,5,0,60,6/16/2026,04/07/2026,0
7609,Booth,5,1,60,6/16/2026,6/16/2026,0
7610,Booth,5,0,60,6/16/2026,03/10/2026,0
7611,Booth,5,0,60,6/16/2026,5/26/2025,0
7613,Booth,5,0,60,6/16/2026,11/30/2025,0
7620,Booth,5,0,60,6/16/2026,5/25/2026,0
7622,Booth,5,0,60,6/16/2026,2/15/2026,0
7623,Booth,5,0,60,6/16/2026,3/26/2025,0
7628,Booth,5,0,60,6/16/2026,7/23/2025,0
7630,Booth,5,0,60,6/16/2026,8/28/2025,0
7631,Booth,5,0,60,6/16/2026,11/20/2025,0
7633,Booth,5,0,60,6/16/2026,7/30/2025,0
7634,Booth,5,0,60,6/16/2026,06/04/2025,0
7635,Room,5,0,60,6/16/2026,4/30/2025,0
7636,Booth,6,0,60,6/16/2026,11/06/2025,0
7637,Booth,5,0,60,6/16/2026,4/13/2025,0
7638,Booth,6,0,60,6/16/2026,08/05/2025,0
7641,Booth,5,0,60,6/16/2026,11/19/2025,0
7643,Room,5,0,60,6/16/2026,04/02/2025,0
7645,Booth,5,0,105,6/16/2026,9/13/2025,0
7646,Booth,5,0,60,6/16/2026,09/01/2025,0
7649,Booth,5,0,60,6/16/2026,1/16/2026,0
7653,Booth,5,0,60,6/16/2026,02/01/2026,0
7656,Booth,5,0,60,6/16/2026,08/06/2025,0
7657,Booth,5,0,60,6/16/2026,03/07/2026,0
7658,Room,5,0,60,6/16/2026,03/10/2025,0
7664,Booth,5,0,60,6/16/2026,7/20/2025,0
7666,Booth,5,0,60,6/16/2026,02/09/2026,0
7668,Booth,6,0,60,6/16/2026,1/25/2026,0
7670,Booth,5,0,60,6/16/2026,9/22/2025,0
7672,Room,5,0,60,6/16/2026,4/17/2026,0
7673,Booth,5,0,60,6/16/2026,04/10/2026,0
7685,Booth,5,0,75,6/16/2026,5/31/2026,0
7693,Booth,5,0,60,6/16/2026,05/02/2025,0
7694,Booth,5,1,105,6/16/2026,6/16/2026,0
7697,Booth,5,0,60,6/16/2026,4/22/2026,0
7698,Room,5,0,105,6/16/2026,01/04/2026,0
7699,Booth,5,0,60,6/16/2026,11/01/2025,0
7701,Booth,5,1,60,6/16/2026,6/16/2026,0
7711,Booth,5,0,60,6/16/2026,1/26/2026,0
7712,Booth,5,0,60,6/16/2026,04/04/2026,0
7714,Booth,5,0,105,6/16/2026,10/03/2025,0
7716,Room,5,0,60,6/16/2026,1/15/2026,0
7720,Booth,5,0,60,6/16/2026,2/16/2025,0
7721,Booth,5,0,60,6/16/2026,11/14/2025,0
7722,Booth,5,0,60,6/16/2026,07/12/2026,0
7728,Booth,5,1,60,6/16/2026,6/16/2026,0
7733,Booth,5,0,60,6/16/2026,2/28/2025,0
7737,Booth,5,0,15,6/16/2026,03/01/2025,0
7739,Booth,5,1,60,6/16/2026,6/16/2026,0
7740,Booth,5,0,60,6/16/2026,7/13/2025,0
7742,Booth,5,0,60,6/16/2026,12/15/2025,0
7745,Booth,5,0,60,6/16/2026,7/18/2025,0
7748,Booth,5,0,60,6/16/2026,11/27/2025,0
7749,Booth,5,0,60,6/16/2026,07/01/2026,0
7752,Booth,5,0,60,6/16/2026,3/31/2026,0
7756,Room,5,0,60,6/16/2026,4/21/2026,0
7757,Booth,5,0,60,6/16/2026,08/02/2025,0
7759,Booth,5,0,60,6/16/2026,05/10/2026,0
7761,Booth,5,0,60,6/16/2026,01/11/2026,0
7766,Booth,5,0,90,6/16/2026,7/29/2025,0
7767,Booth,5,0,60,6/16/2026,7/31/2025,0
7774,Booth,5,0,60,6/16/2026,11/06/2025,0
7775,Booth,5,0,60,6/16/2026,3/14/2026,0
7777,Booth,5,1,60,6/16/2026,6/16/2026,0
7778,Booth,5,0,60,6/16/2026,5/16/2025,1
7779,Booth,5,0,60,6/16/2026,10/02/2025,0
7781,Room,5,0,60,6/16/2026,9/15/2025,0
7783,Booth,5,0,60,6/16/2026,7/28/2025,0
7790,Booth,6,0,60,6/16/2026,12/10/2025,0
7793,Booth,5,0,60,6/16/2026,1/19/2026,0
7794,Room,5,0,60,6/16/2026,4/27/2025,0
7795,Booth,5,0,60,6/16/2026,7/30/2025,0
7797,Booth,5,0,60,6/16/2026,2/24/2025,0
7798,Booth,6,0,60,6/16/2026,7/17/2026,0
7799,Booth,5,0,60,6/16/2026,3/27/2026,0
7803,Booth,5,0,60,6/16/2026,6/16/2025,1
7804,Booth,5,0,60,6/16/2026,05/01/2025,1
7806,Booth,5,1,60,6/16/2026,6/16/2026,0
7810,Booth,5,0,60,6/16/2026,2/26/2026,1
7813,Booth,5,0,60,6/16/2026,4/23/2025,0
7814,Booth,5,0,60,6/16/2026,9/16/2025,0
7817,Booth,5,0,60,6/16/2026,6/16/2026,0
7818,Booth,5,0,60,6/16/2026,7/31/2026,0
7821,Room,5,0,75,6/16/2026,8/23/2025,0
7822,Booth,5,0,60,6/16/2026,7/23/2025,0
7827,Booth,5,0,60,6/16/2026,4/22/2025,0
7828,Room,5,0,60,6/16/2026,2/16/2026,0
7831,Booth,5,0,60,6/16/2026,06/02/2025,0
7832,Booth,5,0,60,6/16/2026,03/01/2025,0
7833,Booth,5,0,60,6/16/2026,11/21/2025,0
7834,Booth,5,0,60,6/16/2026,3/22/2026,1
7835,Booth,5,0,60,6/16/2026,2/14/2025,0
7836,Booth,5,1,60,6/16/2026,6/16/2026,0
7839,Booth,5,0,60,6/16/2026,7/17/2026,0
7843,Booth,5,0,60,6/16/2026,11/08/2025,0
7845,Booth,5,0,60,6/16/2026,4/17/2025,0
7846,Booth,5,0,60,6/16/2026,10/23/2025,0
7850,Booth,5,0,60,6/16/2026,02/10/2025,0
7854,Room,5,0,105,6/16/2026,11/16/2025,0
7855,Booth,5,0,60,6/16/2026,3/22/2026,0
7856,Booth,5,0,60,6/16/2026,8/16/2025,0
7857,Room,5,0,60,6/16/2026,11/19/2025,0
7858,Room,5,0,60,6/16/2026,09/12/2025,0
7859,Booth,5,0,60,6/16/2026,4/27/2025,0
7860,Booth,5,0,60,6/16/2026,1/28/2026,0
7861,Booth,5,0,60,6/16/2026,5/17/2025,0
7862,Booth,5,0,60,6/16/2026,08/02/2026,0
7864,Booth,5,0,60,6/16/2026,02/05/2026,0
7866,Booth,5,0,60,6/16/2026,06/09/2026,0
7868,Booth,5,0,60,6/16/2026,4/29/2026,0
7874,Room,5,0,60,6/16/2026,06/11/2025,0
7875,Booth,5,0,210,6/16/2026,11/07/2025,0
7876,Booth,5,0,60,6/16/2026,3/18/2026,0
7878,Booth,5,0,60,6/16/2026,03/11/2026,0
7880,Room,5,0,60,6/16/2026,7/15/2025,0
7884,Booth,5,0,60,6/16/2026,06/02/2026,0
7885,Booth,5,0,60,6/16/2026,10/25/2025,0
7886,Booth,5,0,60,6/16/2026,01/12/2026,0
7888,Booth,6,0,60,6/16/2026,07/04/2025,0
7889,Booth,5,0,60,6/16/2026,8/24/2025,0
7891,Booth,5,0,60,6/16/2026,06/06/2025,0
7896,Booth,5,0,60,6/16/2026,9/20/2025,0
7897,Booth,5,0,60,6/16/2026,10/31/2025,0
7899,Room,5,0,60,6/16/2026,9/30/2025,0
7900,Booth,5,0,60,6/16/2026,5/28/2025,0
7902,Booth,6,0,60,6/16/2026,3/20/2025,0
7904,Booth,5,0,60,6/16/2026,09/09/2025,0
7908,Booth,5,0,180,6/16/2026,01/06/2026,0
7910,Booth,5,0,60,6/16/2026,7/27/2026,0
7911,Booth,5,0,60,6/16/2026,5/14/2025,0
7912,Room,5,0,60,6/16/2026,2/20/2025,0
7915,Booth,5,0,60,6/16/2026,05/11/2025,0
7917,Booth,5,0,60,6/16/2026,07/01/2026,0
7921,Booth,5,0,60,6/16/2026,12/04/2025,0
7924,Booth,5,0,60,6/16/2026,08/01/2025,0
7927,Room,5,0,60,6/16/2026,6/20/2025,0
7932,Booth,5,1,60,6/16/2026,6/16/2026,0
7937,Booth,5,0,60,6/16/2026,3/22/2026,0
7938,Booth,5,0,75,6/16/2026,09/06/2025,0
7939,Room,5,0,60,6/16/2026,12/12/2025,0
7941,Booth,5,0,60,6/16/2026,6/17/2026,0
7943,Booth,5,0,60,6/16/2026,5/20/2026,0
7944,Booth,5,1,60,6/16/2026,6/16/2026,0
7945,Booth,5,0,60,6/16/2026,11/25/2025,0
7959,Booth,5,0,60,6/16/2026,05/05/2025,0
7965,Booth,5,0,60,6/16/2026,6/14/2026,0
7972,Booth,5,1,210,6/16/2026,6/16/2026,0
7980,Booth,5,0,60,6/16/2026,4/24/2026,0
7984,Booth,5,0,60,6/16/2026,10/26/2025,0
7985,Room,5,0,60,6/16/2026,05/03/2026,0
7988,Booth,5,0,60,6/16/2026,03/03/2026,0
7990,Room,5,0,60,6/16/2026,5/18/2025,0
7993,Booth,5,1,60,6/16/2026,6/16/2026,0
7996,Booth,6,0,60,6/16/2026,11/22/2025,1
7998,Booth,5,0,90,6/16/2026,5/25/2026,0
8001,Booth,5,0,60,6/16/2026,05/12/2025,0
8004,Booth,5,0,60,6/16/2026,3/31/2026,0
8005,Booth,5,1,60,6/16/2026,6/16/2026,0
8006,Room,5,1,60,6/16/2026,6/16/2026,0
8009,Booth,6,0,60,6/16/2026,05/08/2026,1
8019,Booth,5,0,60,6/16/2026,2/22/2026,0
8022,Booth,5,0,60,6/16/2026,7/18/2025,0
8029,Booth,5,0,105,6/16/2026,7/21/2025,0
8030,Booth,5,0,60,6/16/2026,4/22/2025,0
8034,Booth,5,0,60,6/16/2026,04/06/2026,0
8035,Booth,5,0,60,6/16/2026,10/14/2025,0
8038,Booth,5,1,60,6/16/2026,6/16/2026,0
8039,Booth,5,0,60,6/16/2026,9/22/2025,0
8040,Booth,5,0,60,6/16/2026,12/18/2025,0
8041,Booth,5,0,60,6/16/2026,06/02/2026,0
8044,Booth,5,0,60,6/16/2026,1/26/2026,0
8045,Booth,5,0,60,6/16/2026,02/08/2026,1
8051,Booth,5,0,60,6/16/2026,12/20/2025,0
8056,Booth,5,0,75,6/16/2026,11/19/2025,0
8057,Room,5,0,180,6/16/2026,03/04/2026,0
8058,Booth,5,0,60,6/16/2026,6/16/2026,0
8059,Booth,5,0,60,6/16/2026,4/29/2025,0
8066,Booth,5,0,60,6/16/2026,07/09/2025,0
8068,Booth,5,0,60,6/16/2026,9/25/2025,0
8069,Booth,5,0,60,6/16/2026,1/15/2026,0
8070,Booth,5,0,60,6/16/2026,06/02/2026,0
8072,Booth,5,0,60,6/16/2026,12/08/2025,0
8073,Booth,5,0,60,6/16/2026,07/09/2025,0
8074,Booth,5,0,60,6/16/2026,1/22/2026,0
8076,Booth,5,1,60,6/16/2026,6/16/2026,0
8079,Booth,5,0,60,6/16/2026,1/25/2026,0
8082,Booth,5,0,60,6/16/2026,7/26/2026,0
8083,Room,5,0,60,6/16/2026,03/10/2025,0
8085,Booth,5,0,60,6/16/2026,7/15/2025,0
8088,Booth,5,0,105,6/16/2026,2/16/2025,0
8090,Booth,5,0,60,6/16/2026,1/23/2026,0
8093,Booth,5,0,60,6/16/2026,07/09/2026,0
8095,Booth,5,0,60,6/16/2026,2/15/2026,0
8099,Booth,5,0,60,6/16/2026,12/29/2025,0
8100,Booth,5,1,60,6/16/2026,6/16/2026,0
8104,Booth,5,0,60,6/16/2026,2/17/2026,0
8106,Booth,5,1,60,6/16/2026,6/16/2026,0
8108,Booth,5,0,60,6/16/2026,5/31/2026,0
8109,Room,5,0,90,6/16/2026,1/15/2026,1
8112,Booth,5,0,60,6/16/2026,12/12/2025,1
8114,Booth,5,1,60,6/16/2026,6/16/2026,0
8117,Booth,5,0,60,6/16/2026,6/23/2025,0
8119,Booth,5,0,60,6/16/2026,2/24/2025,0
8120,Room,5,0,90,6/16/2026,10/06/2025,0
8121,Booth,5,0,60,6/16/2026,2/19/2026,0
8122,Booth,5,0,60,6/16/2026,01/06/2026,0
8125,Booth,5,0,60,6/16/2026,3/21/2026,0
8129,Booth,5,0,60,6/16/2026,6/29/2025,0
8130,Booth,5,0,60,6/16/2026,06/05/2025,0
8132,Booth,5,0,105,6/16/2026,11/29/2025,0
8133,Booth,5,0,60,6/16/2026,7/13/2026,0
8134,Room,5,0,60,6/16/2026,4/14/2026,0
8136,Booth,5,0,60,6/16/2026,01/02/2026,0
8138,Booth,5,0,60,6/16/2026,06/08/2026,0
8139,Booth,5,0,60,6/16/2026,05/07/2025,0
8144,Booth,5,0,60,6/16/2026,3/26/2026,0
8153,Room,5,0,60,6/16/2026,1/30/2026,0
8154,Booth,5,0,60,6/16/2026,10/08/2025,0
8155,Booth,5,0,60,6/16/2026,7/23/2025,0
8157,Booth,5,0,60,6/16/2026,12/23/2025,0
8158,Booth,5,0,60,6/16/2026,3/17/2026,0
8159,Booth,5,0,105,6/16/2026,3/24/2026,0
8160,Booth,6,0,60,6/16/2026,7/23/2026,0
8168,Booth,5,1,60,6/16/2026,6/16/2026,0
8169,Booth,5,0,60,6/16/2026,11/12/2025,0
8171,Booth,5,0,60,6/16/2026,7/20/2026,0
8172,Booth,6,0,60,6/16/2026,2/19/2026,0
8173,Booth,5,1,60,6/16/2026,6/16/2026,0
8176,Booth,5,0,105,6/16/2026,10/23/2025,0
8178,Booth,5,0,60,6/16/2026,2/13/2025,0
8181,Booth,5,0,60,6/16/2026,03/08/2025,0
8185,Booth,5,0,60,6/16/2026,03/10/2026,0
8186,Booth,5,0,60,6/16/2026,07/01/2025,0
8187,Booth,5,0,60,6/16/2026,09/08/2025,0
8188,Booth,5,0,60,6/16/2026,4/14/2025,0
8189,Room,5,0,60,6/16/2026,06/02/2025,0
8194,Booth,5,0,60,6/16/2026,5/29/2025,0
8199,Booth,5,0,60,6/16/2026,10/24/2025,0
8203,Booth,5,0,75,6/16/2026,05/01/2026,0
8204,Booth,5,0,60,6/16/2026,02/08/2026,0
8207,Booth,5,1,60,6/16/2026,6/16/2026,0
8208,Booth,5,0,60,6/16/2026,03/08/2026,0
8212,Booth,5,1,60,6/16/2026,6/16/2026,0
8213,Room,5,0,60,6/16/2026,11/14/2025,0
8214,Room,5,0,75,6/16/2026,2/15/2026,0
8218,Booth,5,0,60,6/16/2026,7/13/2025,0
8222,Booth,5,0,60,6/16/2026,7/20/2026,0
8225,Room,5,0,180,6/16/2026,10/22/2025,0
8228,Booth,5,1,60,6/16/2026,6/16/2026,0
8231,Booth,5,0,60,6/16/2026,3/14/2026,0
8234,Booth,5,1,60,6/16/2026,6/16/2026,0
8238,Booth,5,0,60,6/16/2026,10/03/2025,0
8239,Booth,5,0,60,6/16/2026,3/20/2025,0
8244,Room,5,0,75,6/16/2026,06/02/2025,0
8245,Booth,5,0,60,6/16/2026,3/18/2025,0
8252,Booth,5,0,60,6/16/2026,03/02/2026,0
8256,Booth,5,0,105,6/16/2026,07/02/2025,0
8260,Booth,5,0,60,6/16/2026,7/30/2025,0
8262,Room,5,0,60,6/16/2026,3/27/2026,0
8263,Booth,5,0,60,6/16/2026,11/25/2025,0
8269,Booth,5,0,60,6/16/2026,8/18/2025,0
8275,Booth,5,1,60,6/16/2026,6/16/2026,0
8276,Booth,5,1,60,6/16/2026,6/16/2026,0
8278,Booth,5,0,60,6/16/2026,12/22/2025,0
8282,Booth,5,0,60,6/16/2026,06/04/2025,0
8283,Booth,5,0,60,6/16/2026,6/21/2025,0
8288,Booth,5,0,90,6/16/2026,02/03/2025,0
8290,Booth,7,0,60,6/16/2026,6/20/2026,0
8291,Booth,5,0,60,6/16/2026,8/19/2025,0
8292,Booth,5,0,60,6/16/2026,5/27/2025,0
8296,Booth,5,0,60,6/16/2026,04/10/2025,0
8301,Booth,5,0,60,6/16/2026,4/14/2025,0
8305,Booth,5,0,60,6/16/2026,05/03/2026,0
8307,Booth,5,0,60,6/16/2026,3/21/2026,0
8309,Booth,5,0,60,6/16/2026,3/27/2026,0
8312,Booth,5,0,60,6/16/2026,8/13/2025,0
8314,Booth,5,0,60,6/16/2026,07/07/2026,0
8317,Booth,5,0,60,6/16/2026,11/18/2025,0
8318,Booth,5,0,60,6/16/2026,3/17/2026,0
8320,Booth,5,0,60,6/16/2026,1/23/2026,0
8321,Booth,5,0,60,6/16/2026,07/11/2025,0
8325,Booth,5,1,60,6/16/2026,6/16/2026,0
8327,Booth,5,0,60,6/16/2026,3/24/2026,0
8334,Booth,5,0,60,6/16/2026,7/17/2025,0
8335,Booth,5,0,60,6/16/2026,9/26/2025,0
8339,Booth,5,0,60,6/16/2026,2/16/2026,0
8343,Booth,6,0,105,6/16/2026,06/08/2025,0
8345,Booth,5,1,210,6/16/2026,6/16/2026,0
8348,Room,5,0,60,6/16/2026,10/11/2025,0
8349,Booth,5,0,60,6/16/2026,12/25/2025,0
8350,Booth,5,0,75,6/16/2026,02/12/2025,0
8352,Booth,5,0,60,6/16/2026,05/04/2025,0
8354,Booth,5,0,60,6/16/2026,3/17/2026,0
8355,Booth,5,0,60,6/16/2026,12/15/2025,0
8356,Booth,5,0,60,6/16/2026,09/05/2025,0
8359,Booth,5,0,60,6/16/2026,7/25/2025,0
8362,Booth,5,0,30,6/16/2026,10/25/2025,0
8365,Booth,5,0,60,6/16/2026,6/23/2025,0
8369,Room,5,0,60,6/16/2026,1/20/2026,0
8375,Booth,5,0,60,6/16/2026,08/04/2026,0
8377,Booth,5,0,60,6/16/2026,5/19/2025,0
8378,Booth,5,0,60,6/16/2026,5/30/2026,0
8381,Room,5,0,60,6/16/2026,5/23/2026,0
8382,Booth,5,0,60,6/16/2026,2/17/2025,0
8391,Booth,5,0,60,6/16/2026,2/28/2025,0
8393,Room,5,1,60,6/16/2026,6/16/2026,0
8394,Booth,5,1,60,6/16/2026,6/16/2026,0
8395,Booth,5,0,60,6/16/2026,11/20/2025,0
8397,Booth,5,0,60,6/16/2026,11/22/2025,0
8399,Booth,5,0,60,6/16/2026,3/23/2026,0
8400,Booth,5,0,60,6/16/2026,07/02/2026,0
8403,Booth,5,0,60,6/16/2026,7/29/2026,0
8404,Booth,5,0,60,6/16/2026,08/03/2026,0
8407,Booth,5,0,60,6/16/2026,04/12/2025,0
8408,Booth,5,0,60,6/16/2026,02/11/2025,0
8410,Booth,5,0,60,6/16/2026,10/21/2025,0
8411,Booth,5,0,60,6/16/2026,06/10/2025,0
8415,Booth,5,0,60,6/16/2026,8/24/2025,0
8419,Booth,5,1,60,6/16/2026,6/16/2026,0
8420,Booth,5,0,60,6/16/2026,4/29/2025,0
8421,Booth,5,0,60,6/16/2026,8/18/2025,0
8424,Booth,5,0,60,6/16/2026,08/03/2026,0
8427,Booth,5,1,60,6/16/2026,6/16/2026,0
8429,Booth,5,0,60,6/16/2026,08/08/2025,0
8434,Booth,6,0,60,6/16/2026,12/09/2025,0
8435,Booth,5,0,60,6/16/2026,03/11/2025,0
8437,Booth,5,0,60,6/16/2026,4/17/2025,0
8441,Booth,5,0,60,6/16/2026,05/03/2026,0
8444,Booth,5,0,60,6/16/2026,5/28/2026,0
8445,Booth,5,0,210,6/16/2026,4/17/2026,0
8451,Booth,6,0,60,6/16/2026,05/09/2026,0
8453,Booth,5,0,60,6/16/2026,10/10/2025,0
8454,Booth,5,0,60,6/16/2026,4/28/2025,0
8456,Booth,5,0,60,6/16/2026,2/13/2026,0
8460,Booth,5,0,60,6/16/2026,02/02/2026,0
8461,Booth,5,0,105,6/16/2026,2/19/2026,0
8464,Booth,5,0,60,6/16/2026,6/14/2025,0
8465,Room,5,0,60,6/16/2026,8/28/2025,0
8471,Booth,5,0,60,6/16/2026,5/29/2025,0
8474,Booth,5,0,60,6/16/2026,3/16/2025,0
8476,Booth,5,0,60,6/16/2026,6/27/2026,0
8477,Booth,5,0,60,6/16/2026,10/30/2025,0
8478,Booth,5,0,60,6/16/2026,2/18/2026,0
8479,Booth,5,0,60,6/16/2026,4/24/2025,0
8485,Booth,5,0,60,6/16/2026,05/03/2026,0
8487,Booth,5,0,60,6/16/2026,06/02/2025,0
8488,Booth,5,1,60,6/16/2026,6/16/2026,0
8489,Booth,7,0,75,6/16/2026,6/30/2026,0
8495,Booth,5,0,60,6/16/2026,5/21/2025,0
8497,Booth,5,0,60,6/16/2026,1/24/2026,0
8498,Booth,5,0,60,6/16/2026,03/02/2025,0
8500,Booth,5,0,60,6/16/2026,03/09/2026,0
8501,Booth,5,0,60,6/16/2026,4/13/2026,0
8503,Booth,5,0,60,6/16/2026,01/05/2026,0
8504,Booth,5,1,60,6/16/2026,6/16/2026,0
8505,Booth,5,1,60,6/16/2026,6/16/2026,0
8506,Booth,5,0,60,6/16/2026,12/06/2025,0
8508,Booth,5,0,60,6/16/2026,12/21/2025,0
8511,Booth,5,0,60,6/16/2026,07/05/2026,0
8514,Booth,5,0,60,6/16/2026,10/07/2025,0
8515,Booth,5,0,60,6/16/2026,04/09/2026,0
8516,Booth,5,1,60,6/16/2026,6/16/2026,0
8520,Booth,5,0,60,6/16/2026,07/03/2025,0
8521,Booth,5,1,60,6/16/2026,6/16/2026,0
8527,Booth,6,0,60,6/16/2026,4/17/2026,1
8528,Booth,5,0,60,6/16/2026,11/01/2025,0
8529,Booth,6,0,60,6/16/2026,05/10/2026,0
8531,Room,5,0,60,6/16/2026,7/29/2026,0
8533,Booth,5,1,60,6/16/2026,6/16/2026,0
8535,Booth,5,0,60,6/16/2026,4/20/2026,0
8536,Room,5,0,60,6/16/2026,12/29/2025,0
8538,Booth,5,0,60,6/16/2026,5/28/2025,0
8539,Room,5,0,60,6/16/2026,4/26/2026,0
8543,Booth,5,0,60,6/16/2026,4/27/2026,0
8546,Booth,5,0,60,6/16/2026,02/04/2026,0
8547,Booth,5,0,60,6/16/2026,9/18/2025,0
8549,Room,5,0,60,6/16/2026,12/24/2025,0
8551,Booth,5,0,60,6/16/2026,5/24/2025,0
8553,Booth,5,0,60,6/16/2026,12/27/2025,0
8554,Booth,5,0,60,6/16/2026,7/16/2025,0
8556,Booth,5,0,105,6/16/2026,11/21/2025,0
8557,Booth,5,0,30,6/16/2026,02/09/2026,0
8558,Booth,5,0,60,6/16/2026,7/31/2025,0
8560,Booth,5,0,60,6/16/2026,4/27/2025,0
8561,Booth,5,1,60,6/16/2026,6/16/2026,0
8566,Booth,5,1,60,6/16/2026,6/16/2026,0
8569,Booth,5,0,60,6/16/2026,5/22/2026,0
8572,Booth,5,0,60,6/16/2026,6/19/2026,0
8574,Room,6,0,60,6/16/2026,4/15/2025,0
8575,Room,5,0,60,6/16/2026,04/06/2025,0
8578,Booth,5,0,60,6/16/2026,02/06/2026,0
8579,Booth,5,0,60,6/16/2026,11/22/2025,0
8580,Booth,5,0,75,6/16/2026,8/16/2025,0
8589,Booth,5,0,60,6/16/2026,1/18/2026,0
8591,Booth,5,0,60,6/16/2026,02/02/2025,0
8597,Booth,5,0,60,6/16/2026,11/08/2025,0
8600,Booth,5,0,60,6/16/2026,12/25/2025,0
8605,Booth,5,0,60,6/16/2026,8/22/2025,0
8609,Booth,5,0,60,6/16/2026,08/09/2025,0
8612,Booth,5,0,60,6/16/2026,04/05/2026,0
8613,Booth,5,0,60,6/16/2026,02/01/2025,0
8615,Booth,5,0,15,6/16/2026,06/11/2025,0
8617,Booth,5,0,60,6/16/2026,08/10/2025,0
8620,Booth,5,0,60,6/16/2026,10/20/2025,0
8621,Room,5,0,60,6/16/2026,3/27/2025,0
8623,Booth,5,0,60,6/16/2026,4/15/2025,0
8625,Booth,5,0,60,6/16/2026,1/28/2026,0
8635,Booth,5,0,60,6/16/2026,1/27/2026,0
8636,Booth,5,0,60,6/16/2026,11/02/2025,0
8638,Booth,5,0,60,6/16/2026,02/05/2026,0
8641,Booth,5,0,60,6/16/2026,4/13/2026,0
8642,Booth,5,1,60,6/16/2026,6/16/2026,0
8645,Booth,5,0,60,6/16/2026,3/25/2026,0
8646,Booth,5,0,60,6/16/2026,5/14/2026,0
8649,Booth,5,0,60,6/16/2026,4/28/2025,0
8651,Booth,5,0,60,6/16/2026,02/12/2025,0
8654,Booth,6,0,60,6/16/2026,8/16/2025,0
8657,Booth,5,0,60,6/16/2026,06/07/2026,0
8659,Booth,5,0,60,6/16/2026,6/18/2026,0
8660,Booth,5,1,60,6/16/2026,6/16/2026,0
8661,Booth,5,0,60,6/16/2026,11/23/2025,0
8662,Booth,5,0,60,6/16/2026,9/16/2025,0
8665,Room,5,0,60,6/16/2026,12/12/2025,0
8667,Booth,5,0,60,6/16/2026,5/23/2026,0
8669,Booth,5,0,60,6/16/2026,6/27/2026,0
8671,Booth,5,0,75,6/16/2026,8/30/2025,0
8672,Booth,5,0,60,6/16/2026,7/24/2025,0
8673,Booth,5,0,60,6/16/2026,5/20/2025,0
8674,Booth,5,0,60,6/16/2026,01/01/2026,0
8679,Booth,5,0,60,6/16/2026,3/17/2026,0
8684,Booth,5,0,60,6/16/2026,6/24/2026,0
8685,Booth,5,1,60,6/16/2026,6/16/2026,0
8687,Booth,5,0,60,6/16/2026,07/03/2025,0
8690,Booth,5,0,60,6/16/2026,11/22/2025,0
8691,Booth,5,0,60,6/16/2026,11/13/2025,0
8693,Booth,5,0,60,6/16/2026,02/09/2026,0
8698,Room,5,0,105,6/16/2026,12/13/2025,0
8702,Room,5,0,60,6/16/2026,11/24/2025,0
8706,Booth,5,0,60,6/16/2026,7/16/2026,0
8707,Booth,5,0,60,6/16/2026,2/22/2026,0
8713,Booth,5,0,60,6/16/2026,9/17/2025,1
8715,Booth,5,0,60,6/16/2026,11/09/2025,0
8718,Booth,5,0,60,6/16/2026,7/20/2026,1
8719,Booth,5,0,60,6/16/2026,9/22/2025,0
8720,Booth,5,0,60,6/16/2026,04/04/2025,0
8722,Booth,5,1,60,6/16/2026,6/16/2026,0
8723,Booth,5,0,60,6/16/2026,5/29/2025,0
8728,Booth,5,0,60,6/16/2026,5/19/2025,0
8729,Booth,5,0,60,6/16/2026,10/06/2025,0
8731,Room,5,0,60,6/16/2026,9/19/2025,0
8732,Booth,5,0,60,6/16/2026,09/03/2025,0
8737,Booth,5,0,60,6/16/2026,5/20/2026,0
8740,Booth,5,0,60,6/16/2026,5/21/2026,0
8741,Booth,5,0,60,6/16/2026,6/17/2026,0
8743,Booth,5,0,60,6/16/2026,6/27/2025,0
8752,Booth,5,1,60,6/16/2026,6/16/2026,0
8755,Booth,5,0,60,6/16/2026,11/08/2025,0
8756,Booth,6,0,60,6/16/2026,04/12/2025,0
8757,Booth,5,0,60,6/16/2026,6/14/2025,0
8758,Booth,5,0,60,6/16/2026,12/20/2025,0
8763,Booth,5,0,60,6/16/2026,10/30/2025,0
8765,Booth,5,1,60,6/16/2026,6/16/2026,0
8766,Booth,5,0,15,6/16/2026,06/09/2025,0
8767,Room,5,0,60,6/16/2026,10/26/2025,0
8768,Booth,5,0,60,6/16/2026,12/25/2025,0
8769,Booth,6,0,60,6/16/2026,04/10/2026,0
8771,Booth,5,0,60,6/16/2026,4/15/2026,0
8773,Booth,5,0,60,6/16/2026,10/23/2025,0
8774,Room,5,0,60,6/16/2026,11/15/2025,0
8779,Booth,6,0,75,6/16/2026,7/25/2026,0
8780,Room,5,0,60,6/16/2026,8/15/2025,0
8784,Booth,5,0,60,6/16/2026,3/31/2025,0
8785,Booth,6,0,60,6/16/2026,01/12/2026,0
8792,Booth,5,0,60,6/16/2026,8/22/2025,0
8793,Booth,5,0,60,6/16/2026,05/06/2026,0
8795,Booth,5,0,60,6/16/2026,07/10/2026,0
8799,Booth,5,0,60,6/16/2026,3/15/2026,0
8800,Booth,5,0,60,6/16/2026,10/09/2025,0
8806,Booth,5,1,60,6/16/2026,6/16/2026,0
8807,Room,5,0,60,6/16/2026,11/12/2025,0
8808,Booth,5,0,60,6/16/2026,05/07/2026,0
8813,Booth,5,0,60,6/16/2026,3/14/2026,0
8818,Booth,5,0,105,6/16/2026,11/04/2025,0
8819,Booth,5,0,60,6/16/2026,2/26/2026,0
8820,Booth,5,0,105,6/16/2026,9/24/2025,0
8826,Booth,5,0,60,6/16/2026,5/17/2026,0
8829,Room,5,0,60,6/16/2026,12/01/2025,0
8830,Booth,5,0,15,6/16/2026,10/06/2025,0
8837,Booth,6,0,60,6/16/2026,07/09/2026,0
8838,Booth,5,1,60,6/16/2026,6/16/2026,1
8839,Booth,5,0,60,6/16/2026,1/19/2026,0
8843,Booth,5,0,60,6/16/2026,8/13/2025,0
8845,Booth,5,0,60,6/16/2026,06/05/2025,0
8849,Booth,5,0,105,6/16/2026,7/25/2025,0
8852,Room,5,0,60,6/16/2026,5/24/2026,0
8853,Booth,5,0,60,6/16/2026,02/04/2026,0
8854,Booth,5,0,105,6/16/2026,06/04/2026,0
8855,Booth,5,1,180,6/16/2026,6/16/2026,0
8861,Booth,6,1,60,6/16/2026,6/16/2026,0
8864,Booth,5,0,60,6/16/2026,5/25/2026,0
8868,Room,5,0,60,6/16/2026,4/24/2026,0
8870,Booth,5,0,60,6/16/2026,04/12/2026,0
8874,Booth,6,0,60,6/16/2026,7/26/2026,0
8875,Booth,5,0,105,6/16/2026,5/28/2026,0
8879,Booth,5,0,60,6/16/2026,3/25/2026,0
8882,Booth,5,0,105,6/16/2026,03/05/2026,0
8887,Room,5,0,60,6/16/2026,04/03/2025,0
8888,Booth,5,0,60,6/16/2026,3/16/2026,0
8895,Booth,5,0,60,6/16/2026,2/27/2026,0
8898,Booth,5,0,60,6/16/2026,12/07/2025,0
8906,Booth,5,0,180,6/16/2026,09/10/2025,0
8908,Booth,5,0,60,6/16/2026,05/05/2025,0
8912,Booth,5,0,60,6/16/2026,11/05/2025,0
8921,Booth,5,0,60,6/16/2026,08/01/2026,0
8926,Room,5,0,60,6/16/2026,02/02/2025,1
8928,Booth,5,0,60,6/16/2026,4/22/2025,0
8933,Booth,5,0,60,6/16/2026,2/17/2025,0
8935,Booth,5,0,60,6/16/2026,02/11/2025,0
8938,Booth,5,0,60,6/16/2026,4/28/2025,0
8941,Booth,5,0,60,6/16/2026,07/07/2025,0
8945,Room,6,0,60,6/16/2026,07/06/2025,0
8948,Booth,5,0,60,6/16/2026,6/24/2026,0
8949,Room,5,0,60,6/16/2026,12/29/2025,0
8950,Room,5,0,60,6/16/2026,07/03/2025,0
8954,Booth,5,1,15,6/16/2026,6/16/2026,0
8955,Booth,5,0,60,6/16/2026,06/02/2026,1
8957,Booth,5,0,60,6/16/2026,1/17/2026,0
8958,Booth,5,0,60,6/16/2026,6/19/2026,0
8959,Booth,5,0,210,6/16/2026,10/21/2025,0
8960,Booth,5,0,60,6/16/2026,11/13/2025,0
8962,Booth,5,0,60,6/16/2026,9/14/2025,0
8964,Booth,5,0,60,6/16/2026,12/16/2025,0
8968,Booth,5,0,60,6/16/2026,05/08/2026,0
8970,Booth,5,0,60,6/16/2026,12/21/2025,0
8972,Booth,5,0,60,6/16/2026,03/05/2026,0
8980,Booth,5,0,60,6/16/2026,4/22/2025,0
8981,Room,5,0,60,6/16/2026,9/16/2025,0
8986,Booth,5,0,60,6/16/2026,03/01/2026,0
8987,Room,5,0,60,6/16/2026,7/16/2025,0
8993,Booth,5,0,60,6/16/2026,1/24/2026,0
8996,Booth,5,0,60,6/16/2026,8/27/2025,0
9000,Booth,5,0,60,6/16/2026,6/24/2025,0
9002,Booth,5,0,60,6/16/2026,9/26/2025,0
9003,Booth,5,0,60,6/16/2026,07/10/2026,0
9006,Booth,5,0,60,6/16/2026,8/25/2025,0
9008,Booth,5,0,60,6/16/2026,07/01/2025,0
9009,Booth,5,0,60,6/16/2026,01/04/2026,0
9011,Booth,5,0,60,6/16/2026,5/23/2025,0
9014,Booth,5,0,60,6/16/2026,06/05/2025,0
9016,Room,5,0,60,6/16/2026,7/22/2026,0
9017,Booth,6,1,60,6/16/2026,6/16/2026,0
9019,Booth,6,0,60,6/16/2026,11/01/2025,0
9026,Booth,5,0,210,6/16/2026,07/09/2026,0
9029,Booth,5,0,60,6/16/2026,9/26/2025,0
9033,Booth,5,0,60,6/16/2026,12/11/2025,0
9036,Booth,5,0,60,6/16/2026,03/02/2026,0
9037,Booth,5,0,60,6/16/2026,7/21/2025,0
9038,Booth,5,0,60,6/16/2026,08/02/2025,1
9039,Booth,5,1,30,6/16/2026,6/16/2026,0
9040,Booth,5,0,60,6/16/2026,5/24/2026,0
9041,Booth,5,0,60,6/16/2026,4/20/2025,0
9042,Booth,6,0,60,6/16/2026,02/09/2026,0
9043,Booth,5,0,60,6/16/2026,03/06/2025,0
9052,Booth,6,0,210,6/16/2026,05/01/2026,0
9053,Room,5,0,60,6/16/2026,06/02/2025,0
9063,Booth,5,0,60,6/16/2026,08/01/2026,0
9065,Booth,5,0,60,6/16/2026,7/28/2026,0
9067,Booth,5,0,60,6/16/2026,04/02/2025,0
9070,Booth,5,1,60,6/16/2026,6/16/2026,0
9071,Booth,5,0,60,6/16/2026,03/02/2026,0
9072,Booth,5,0,60,6/16/2026,08/04/2026,0
9075,Booth,5,0,60,6/16/2026,12/08/2025,0
9076,Booth,5,0,60,6/16/2026,11/27/2025,0
9083,Booth,5,0,60,6/16/2026,04/05/2026,0
9085,Room,6,0,60,6/16/2026,2/22/2026,0
9090,Booth,5,0,60,6/16/2026,02/02/2025,0
9093,Booth,5,0,60,6/16/2026,2/16/2026,0
9096,Booth,6,0,60,6/16/2026,03/02/2025,0
9100,Booth,5,0,60,6/16/2026,7/30/2025,1
9101,Booth,5,0,60,6/16/2026,9/18/2025,0
9103,Booth,5,0,60,6/16/2026,1/29/2026,0
9105,Room,5,0,60,6/16/2026,7/15/2025,0
9113,Booth,5,0,30,6/16/2026,9/15/2025,0
9115,Booth,5,0,15,6/16/2026,8/22/2025,0
9124,Booth,5,0,60,6/16/2026,10/05/2025,0
9128,Booth,5,0,60,6/16/2026,1/15/2026,0
9129,Booth,5,0,60,6/16/2026,05/03/2026,0
9133,Booth,5,0,60,6/16/2026,05/06/2025,0
9140,Booth,5,0,60,6/16/2026,06/04/2026,0
9142,Booth,5,0,60,6/16/2026,9/22/2025,0
9146,Booth,5,0,75,6/16/2026,6/16/2025,0
9148,Booth,5,0,60,6/16/2026,10/29/2025,0
9153,Room,5,0,60,6/16/2026,4/18/2026,0
9155,Booth,5,1,60,6/16/2026,6/16/2026,0
9156,Booth,5,0,60,6/16/2026,07/11/2026,0
9157,Booth,5,0,60,6/16/2026,2/19/2026,0
9158,Booth,5,0,60,6/16/2026,02/08/2026,0
9165,Booth,5,0,210,6/16/2026,03/04/2025,0
9170,Booth,5,0,210,6/16/2026,03/06/2026,0
9173,Booth,5,0,60,6/16/2026,11/18/2025,1
9174,Room,5,0,60,6/16/2026,08/09/2025,0
9179,Booth,5,0,60,6/16/2026,10/29/2025,0
9191,Booth,5,0,60,6/16/2026,6/29/2026,0
9193,Booth,5,0,60,6/16/2026,4/25/2026,0
9201,Booth,5,0,60,6/16/2026,3/30/2026,0
9202,Booth,5,0,60,6/16/2026,12/12/2025,0
9205,Booth,5,0,60,6/16/2026,03/08/2025,0
9206,Booth,5,0,15,6/16/2026,2/17/2025,0
9207,Booth,5,0,60,6/16/2026,11/01/2025,0
9209,Room,5,0,75,6/16/2026,7/30/2025,0
9213,Booth,5,0,60,6/16/2026,6/18/2025,0
9214,Room,5,0,60,6/16/2026,08/12/2025,1
9216,Booth,5,0,60,6/16/2026,03/10/2025,0
9219,Booth,5,1,60,6/16/2026,6/16/2026,0
9220,Booth,5,0,60,6/16/2026,11/06/2025,0
9224,Booth,5,0,60,6/16/2026,05/09/2025,0
9225,Booth,5,0,60,6/16/2026,05/10/2026,0
9227,Booth,5,0,60,6/16/2026,10/04/2025,0
9228,Booth,6,0,60,6/16/2026,6/22/2025,0
9230,Booth,5,0,60,6/16/2026,05/05/2025,0
9233,Booth,5,0,60,6/16/2026,6/25/2026,0
9234,Booth,5,0,60,6/16/2026,3/14/2025,0
9236,Booth,6,0,60,6/16/2026,04/10/2025,0
9242,Booth,6,0,60,6/16/2026,3/31/2026,0
9243,Booth,5,0,60,6/16/2026,6/29/2026,0
9244,Booth,5,0,60,6/16/2026,2/21/2025,0
9246,Booth,5,0,60,6/16/2026,02/04/2025,0
9250,Booth,5,0,60,6/16/2026,6/26/2025,0
9251,Booth,5,0,60,6/16/2026,05/10/2026,0
9252,Room,5,0,60,6/16/2026,08/08/2025,0
9254,Booth,5,0,60,6/16/2026,01/06/2026,0
9255,Booth,5,0,60,6/16/2026,7/17/2026,0
9256,Booth,5,0,60,6/16/2026,5/21/2025,0
9258,Booth,6,0,60,6/16/2026,06/09/2025,0
9265,Booth,5,0,60,6/16/2026,07/10/2026,1
9266,Booth,5,0,60,6/16/2026,4/18/2026,0
9267,Room,5,0,60,6/16/2026,2/14/2026,0
9269,Booth,5,0,60,6/16/2026,6/15/2025,0
9270,Booth,5,0,105,6/16/2026,4/17/2026,0
9273,Booth,5,0,60,6/16/2026,5/25/2026,0
9275,Booth,5,1,60,6/16/2026,6/16/2026,0
9278,Booth,6,0,60,6/16/2026,05/06/2025,0
9279,Booth,5,0,60,6/16/2026,5/29/2025,0
9280,Room,5,0,60,6/16/2026,5/15/2026,0
9281,Booth,5,0,105,6/16/2026,05/05/2025,0
9283,Booth,5,1,60,6/16/2026,6/16/2026,0
9284,Booth,5,0,60,6/16/2026,07/11/2025,0
9290,Booth,5,0,60,6/16/2026,06/10/2025,0
9291,Booth,5,0,105,6/16/2026,12/15/2025,0
9292,Booth,5,1,210,6/16/2026,6/16/2026,0
9294,Booth,5,0,60,6/16/2026,06/04/2026,1
9298,Booth,5,0,60,6/16/2026,5/13/2026,0
9304,Booth,5,0,60,6/16/2026,5/20/2025,0
9305,Room,5,0,60,6/16/2026,12/06/2025,0
9310,Booth,5,0,60,6/16/2026,11/30/2025,0
9311,Booth,5,0,60,6/16/2026,8/17/2025,0
9316,Booth,5,0,60,6/16/2026,11/05/2025,0
9323,Booth,5,0,60,6/16/2026,5/29/2026,0
9326,Booth,5,0,60,6/16/2026,4/19/2026,0
9334,Booth,5,0,60,6/16/2026,7/24/2025,0
9336,Booth,5,0,60,6/16/2026,3/24/2025,0
9337,Booth,5,0,60,6/16/2026,04/02/2025,0
9340,Booth,5,0,60,6/16/2026,7/14/2026,0
9342,Booth,5,0,30,6/16/2026,10/03/2025,0
9344,Booth,5,0,180,6/16/2026,5/21/2025,0
9346,Room,5,0,60,6/16/2026,9/29/2025,0
9347,Booth,5,0,60,6/16/2026,01/02/2026,0
9349,Booth,5,0,60,6/16/2026,6/18/2025,0
9358,Booth,6,0,60,6/16/2026,10/18/2025,0
9359,Booth,5,0,105,6/16/2026,2/26/2026,0
9360,Booth,5,0,60,6/16/2026,07/04/2025,0
9366,Room,5,0,60,6/16/2026,08/07/2025,0
9368,Booth,5,0,60,6/16/2026,11/09/2025,0
9370,Booth,5,0,60,6/16/2026,01/01/2026,0
9371,Booth,5,0,60,6/16/2026,5/28/2025,0
9373,Booth,5,1,60,6/16/2026,6/16/2026,0
9374,Booth,5,1,60,6/16/2026,6/16/2026,0
9375,Booth,5,0,60,6/16/2026,02/08/2025,0
9380,Booth,5,0,60,6/16/2026,07/12/2025,0
9381,Booth,5,1,60,6/16/2026,6/16/2026,0
9382,Booth,5,0,30,6/16/2026,03/05/2026,0
9386,Booth,6,0,180,6/16/2026,11/06/2025,0
9389,Booth,5,0,60,6/16/2026,7/26/2026,0
9391,Booth,5,0,60,6/16/2026,10/23/2025,0
9393,Booth,5,0,105,6/16/2026,8/16/2025,0
9395,Booth,5,0,60,6/16/2026,06/02/2026,0
9397,Booth,5,1,105,6/16/2026,6/16/2026,0
9398,Booth,5,0,60,6/16/2026,8/17/2025,1
9399,Booth,5,0,105,6/16/2026,09/12/2025,0
9403,Booth,5,0,210,6/16/2026,11/24/2025,0
9404,Booth,5,0,60,6/16/2026,09/08/2025,0
9406,Booth,5,0,60,6/16/2026,5/17/2025,0
9409,Booth,5,0,60,6/16/2026,12/28/2025,0
9416,Booth,5,0,60,6/16/2026,4/25/2025,0
9418,Room,5,0,60,6/16/2026,7/19/2026,0
9421,Booth,5,0,180,6/16/2026,6/18/2025,0
9425,Booth,5,0,60,6/16/2026,9/23/2025,0
9427,Booth,5,1,105,6/16/2026,6/16/2026,0
9430,Booth,5,1,60,6/16/2026,6/16/2026,0
9431,Room,5,0,60,6/16/2026,06/08/2025,0
9432,Booth,5,0,60,6/16/2026,8/23/2025,0
9433,Booth,5,0,60,6/16/2026,8/31/2025,0
9435,Booth,5,0,75,6/16/2026,4/17/2025,0
9438,Booth,5,0,60,6/16/2026,4/16/2026,0
9440,Booth,5,0,60,6/16/2026,11/10/2025,0
9442,Room,5,0,210,6/16/2026,05/02/2025,0
9446,Booth,5,0,60,6/16/2026,6/30/2026,0
9447,Booth,5,0,60,6/16/2026,12/28/2025,0
9451,Booth,6,0,60,6/16/2026,11/20/2025,0
9453,Booth,5,0,60,6/16/2026,11/16/2025,0
9454,Room,5,0,60,6/16/2026,6/29/2025,0
9455,Booth,5,0,30,6/16/2026,08/04/2025,0
9457,Booth,5,0,60,6/16/2026,4/26/2026,0
9462,Booth,5,0,60,6/16/2026,4/28/2025,0
9463,Booth,5,0,60,6/16/2026,04/07/2025,0
9464,Booth,5,0,60,6/16/2026,2/14/2025,0
9466,Room,5,0,60,6/16/2026,7/30/2026,0
9470,Booth,5,0,60,6/16/2026,11/29/2025,0
9473,Booth,5,0,105,6/16/2026,10/15/2025,0
9475,Booth,5,0,60,6/16/2026,3/16/2025,0
9476,Booth,5,0,60,6/16/2026,4/16/2025,0
9477,Booth,5,0,60,6/16/2026,12/25/2025,0
9479,Booth,5,0,60,6/16/2026,4/28/2026,0
9480,Room,5,0,60,6/16/2026,02/10/2026,0
9483,Booth,5,1,60,6/16/2026,6/16/2026,0
9484,Booth,5,0,60,6/16/2026,07/07/2026,0
9488,Booth,5,0,210,6/16/2026,06/12/2025,1
9489,Booth,5,0,60,6/16/2026,12/25/2025,0
9491,Booth,5,0,60,6/16/2026,07/05/2025,0
9492,Booth,5,0,60,6/16/2026,02/04/2026,0
9493,Booth,5,0,105,6/16/2026,10/23/2025,0
9494,Booth,5,0,60,6/16/2026,3/22/2026,0
9495,Room,5,0,60,6/16/2026,05/08/2026,0
9497,Booth,5,0,60,6/16/2026,08/07/2025,0
9498,Booth,5,0,60,6/16/2026,02/05/2025,0
9499,Booth,5,0,60,6/16/2026,5/26/2025,0
9506,Booth,5,0,60,6/16/2026,05/10/2026,0
9509,Booth,6,0,60,6/16/2026,07/01/2025,0
9511,Booth,5,0,60,6/16/2026,1/21/2026,0
9512,Booth,5,0,60,6/16/2026,6/29/2025,0
9515,Booth,5,0,60,6/16/2026,8/22/2025,0
9520,Booth,5,0,60,6/16/2026,9/23/2025,0
9522,Booth,5,0,105,6/16/2026,10/06/2025,0
9523,Booth,5,0,60,6/16/2026,04/01/2025,0
9526,Room,5,0,210,6/16/2026,09/06/2025,0
9527,Booth,5,0,210,6/16/2026,12/29/2025,0
9528,Booth,6,1,60,6/16/2026,6/16/2026,0
9529,Room,5,0,60,6/16/2026,5/17/2025,0
9530,Booth,5,0,60,6/16/2026,08/12/2025,1
9531,Room,5,0,60,6/16/2026,02/11/2025,0
9532,Booth,5,0,60,6/16/2026,04/04/2025,0
9533,Booth,5,0,60,6/16/2026,05/06/2025,0
9534,Booth,5,0,60,6/16/2026,2/24/2025,0
9537,Booth,5,1,60,6/16/2026,6/16/2026,0
9541,Booth,5,0,60,6/16/2026,1/28/2026,0
9543,Booth,5,0,60,6/16/2026,6/26/2025,0
9546,Room,5,0,60,6/16/2026,10/14/2025,0
9549,Booth,6,0,60,6/16/2026,10/22/2025,0
9550,Booth,5,0,60,6/16/2026,07/06/2026,0
9553,Booth,5,0,105,6/16/2026,2/16/2026,0
9554,Booth,5,0,60,6/16/2026,3/21/2026,0
9555,Booth,5,0,60,6/16/2026,3/28/2026,0
9558,Booth,5,0,60,6/16/2026,8/18/2025,0
9559,Booth,5,0,60,6/16/2026,5/22/2026,0
9561,Booth,5,0,210,6/16/2026,11/17/2025,0
9562,Booth,5,0,105,6/16/2026,10/29/2025,0
9563,Room,5,0,30,6/16/2026,3/24/2026,0
9572,Booth,5,0,60,6/16/2026,3/14/2026,0
9573,Booth,5,0,60,6/16/2026,03/10/2025,0
9576,Booth,5,0,60,6/16/2026,2/13/2025,0
9584,Booth,5,0,60,6/16/2026,06/02/2025,0
9587,Booth,5,0,75,6/16/2026,7/24/2026,0
9593,Booth,5,0,105,6/16/2026,5/17/2025,0
9607,Booth,5,0,60,6/16/2026,4/23/2026,0
9610,Booth,5,0,60,6/16/2026,2/17/2026,0
9611,Booth,5,0,60,6/16/2026,9/22/2025,0
9617,Room,6,0,60,6/16/2026,6/25/2026,0
9619,Booth,5,0,60,6/16/2026,6/24/2025,0
9620,Booth,5,0,60,6/16/2026,12/27/2025,0
9623,Booth,5,0,60,6/16/2026,02/12/2026,0
9625,Booth,5,0,75,6/16/2026,7/29/2025,0
9626,Booth,5,1,60,6/16/2026,6/16/2026,0
9627,Booth,5,0,60,6/16/2026,6/18/2026,0
9629,Booth,5,0,60,6/16/2026,7/15/2026,0
9632,Booth,5,0,60,6/16/2026,05/12/2026,1
9636,Booth,5,0,60,6/16/2026,5/25/2026,0
9639,Booth,5,0,60,6/16/2026,05/03/2026,0
9640,Booth,5,0,60,6/16/2026,04/10/2026,0
9641,Booth,5,0,60,6/16/2026,11/05/2025,0
9642,Booth,5,0,60,6/16/2026,3/25/2026,0
9647,Booth,5,0,60,6/16/2026,08/12/2025,0
9649,Booth,5,0,60,6/16/2026,10/11/2025,0
9650,Booth,5,0,60,6/16/2026,2/20/2025,0
9652,Booth,6,0,60,6/16/2026,2/13/2026,0
9654,Room,5,0,60,6/16/2026,06/05/2025,0
9655,Booth,6,0,60,6/16/2026,2/27/2025,0
9656,Booth,5,0,60,6/16/2026,3/13/2026,0
9658,Booth,5,0,60,6/16/2026,8/23/2025,0
9659,Booth,5,0,75,6/16/2026,3/28/2025,0
9663,Booth,5,0,105,6/16/2026,4/24/2026,0
9664,Booth,5,0,60,6/16/2026,4/13/2026,0
9665,Booth,5,0,60,6/16/2026,04/12/2025,0
9670,Booth,5,1,60,6/16/2026,6/16/2026,0
9671,Booth,5,0,60,6/16/2026,4/29/2026,0
9672,Booth,5,0,60,6/16/2026,3/31/2026,0
9673,Booth,5,0,60,6/16/2026,11/12/2025,0
9675,Booth,5,0,60,6/16/2026,09/09/2025,0
9686,Booth,5,0,60,6/16/2026,01/04/2026,0
9687,Booth,5,0,105,6/16/2026,9/29/2025,0
9688,Booth,5,1,60,6/16/2026,6/16/2026,0
9689,Room,5,0,60,6/16/2026,02/03/2026,0
9691,Booth,5,0,60,6/16/2026,7/31/2025,0
9693,Booth,5,0,60,6/16/2026,4/13/2026,0
9694,Room,5,0,60,6/16/2026,5/26/2025,0
9695,Booth,5,0,60,6/16/2026,7/21/2025,0
9707,Booth,5,0,60,6/16/2026,03/07/2026,0
9709,Booth,5,0,60,6/16/2026,2/24/2025,0
9712,Booth,5,0,60,6/16/2026,06/04/2025,0
9715,Booth,6,0,60,6/16/2026,1/17/2026,0
9718,Booth,5,0,60,6/16/2026,12/02/2025,0
9720,Booth,5,0,60,6/16/2026,1/27/2026,0
9722,Room,6,0,60,6/16/2026,11/19/2025,0
9736,Booth,5,1,60,6/16/2026,6/16/2026,0
9738,Booth,5,0,60,6/16/2026,05/04/2025,0
9739,Booth,5,0,60,6/16/2026,7/22/2026,0
9743,Booth,6,0,60,6/16/2026,07/02/2026,0
9747,Booth,5,0,60,6/16/2026,07/09/2025,0
9749,Booth,5,0,60,6/16/2026,03/09/2025,0
9750,Booth,5,0,60,6/16/2026,11/03/2025,0
9753,Booth,5,0,60,6/16/2026,03/03/2025,0
9754,Booth,6,0,60,6/16/2026,5/26/2025,0
9755,Booth,5,0,60,6/16/2026,07/12/2025,0
9756,Booth,5,0,60,6/16/2026,1/27/2026,0
9760,Booth,5,0,60,6/16/2026,12/20/2025,0
9763,Booth,5,0,60,6/16/2026,10/14/2025,0
9764,Booth,5,1,60,6/16/2026,6/16/2026,0
9765,Booth,5,0,60,6/16/2026,01/07/2026,0
9766,Booth,5,0,60,6/16/2026,9/22/2025,0
9767,Booth,5,0,60,6/16/2026,4/13/2026,0
9769,Booth,5,0,60,6/16/2026,05/11/2026,0
9771,Booth,5,0,60,6/16/2026,06/01/2026,0
9772,Booth,5,1,60,6/16/2026,6/16/2026,0
9776,Booth,5,1,60,6/16/2026,6/16/2026,0
9778,Booth,5,0,60,6/16/2026,05/06/2026,0
9779,Booth,5,0,60,6/16/2026,7/13/2026,0
9782,Booth,5,0,60,6/16/2026,04/09/2026,0
9783,Booth,5,0,60,6/16/2026,2/28/2025,0
9785,Booth,5,0,60,6/16/2026,7/20/2025,0
9786,Booth,5,0,60,6/16/2026,1/26/2026,0
9787,Booth,5,0,60,6/16/2026,8/23/2025,0
9788,Booth,5,0,60,6/16/2026,10/08/2025,0
9790,Booth,5,0,60,6/16/2026,2/19/2025,0
9791,Booth,5,0,60,6/16/2026,01/04/2026,0
9792,Booth,5,0,60,6/16/2026,01/07/2026,0
9796,Booth,5,0,60,6/16/2026,4/28/2026,1
9797,Booth,5,0,60,6/16/2026,5/22/2026,1
9798,Booth,5,0,60,6/16/2026,4/21/2025,0
9799,Booth,5,0,60,6/16/2026,2/14/2026,0
9801,Booth,5,0,60,6/16/2026,09/11/2025,0
9803,Booth,5,0,60,6/16/2026,07/01/2025,0
9806,Booth,5,0,60,6/16/2026,08/03/2025,0
9807,Booth,5,0,60,6/16/2026,8/21/2025,0
9810,Booth,5,0,60,6/16/2026,9/23/2025,0
9812,Booth,5,0,60,6/16/2026,6/19/2025,0
9814,Booth,5,0,60,6/16/2026,04/09/2025,0
9815,Room,5,0,60,6/16/2026,10/14/2025,0
9821,Room,5,0,60,6/16/2026,7/27/2025,0
9822,Booth,5,0,60,6/16/2026,05/10/2026,0
9824,Booth,5,0,60,6/16/2026,12/21/2025,0
9832,Booth,5,0,60,6/16/2026,04/09/2025,0
9833,Room,5,0,60,6/16/2026,05/02/2026,0
9837,Room,5,0,60,6/16/2026,7/22/2026,0
9840,Booth,5,0,60,6/16/2026,11/29/2025,0
9844,Room,5,0,60,6/16/2026,06/06/2026,0
9846,Booth,5,0,60,6/16/2026,05/07/2026,0
9847,Booth,5,0,60,6/16/2026,04/04/2025,0
9851,Room,5,0,60,6/16/2026,3/16/2025,0
9853,Booth,5,0,105,6/16/2026,05/04/2025,0
9855,Booth,5,0,60,6/16/2026,6/16/2026,0
9856,Booth,5,0,60,6/16/2026,01/05/2026,0
9857,Booth,5,0,105,6/16/2026,04/04/2026,0
9858,Booth,5,0,60,6/16/2026,03/03/2026,0
9868,Booth,5,0,60,6/16/2026,4/26/2025,0
9869,Booth,5,0,60,6/16/2026,2/13/2026,1
9872,Booth,5,1,60,6/16/2026,6/16/2026,0
9873,Booth,5,0,60,6/16/2026,2/21/2026,0
9874,Booth,5,0,60,6/16/2026,4/18/2025,0
9878,Booth,5,0,60,6/16/2026,4/14/2025,0
9886,Booth,5,0,60,6/16/2026,3/19/2026,1
9887,Room,5,0,60,6/16/2026,04/10/2026,0
9888,Booth,5,0,60,6/16/2026,09/07/2025,0
9889,Booth,5,0,60,6/16/2026,12/30/2025,0
9895,Room,5,0,60,6/16/2026,3/28/2025,1
9896,Booth,5,0,60,6/16/2026,12/15/2025,0
9898,Booth,5,1,210,6/16/2026,6/16/2026,0
9899,Booth,5,0,60,6/16/2026,9/28/2025,0
9905,Booth,5,0,105,6/16/2026,5/16/2026,0
9907,Booth,5,0,60,6/16/2026,04/11/2026,0
9910,Booth,5,0,60,6/16/2026,03/04/2026,0
9914,Booth,5,0,60,6/16/2026,2/19/2025,0
9916,Booth,5,0,60,6/16/2026,05/12/2026,0
9920,Booth,5,0,60,6/16/2026,3/31/2026,0
9921,Booth,5,0,60,6/16/2026,6/19/2025,0
9922,Room,5,0,60,6/16/2026,2/18/2025,0
9930,Room,5,0,60,6/16/2026,9/20/2025,0
9931,Room,5,0,60,6/16/2026,10/21/2025,0
9932,Booth,5,0,60,6/16/2026,10/11/2025,0
9935,Booth,5,1,60,6/16/2026,6/16/2026,1
9937,Booth,5,1,105,6/16/2026,6/16/2026,0
9939,Booth,5,0,60,6/16/2026,07/01/2025,0
9940,Booth,5,0,60,6/16/2026,03/02/2026,0
9943,Room,5,0,60,6/16/2026,2/26/2025,0
9948,Booth,5,0,60,6/16/2026,4/20/2025,0
9951,Room,5,1,60,6/16/2026,6/16/2026,0
9952,Booth,5,0,60,6/16/2026,6/14/2026,0
9956,Booth,5,0,105,6/16/2026,3/14/2025,0
9961,Booth,5,0,60,6/16/2026,11/20/2025,0
9962,Booth,5,0,60,6/16/2026,11/23/2025,0
9963,Booth,5,0,60,6/16/2026,06/02/2025,0
9965,Booth,6,0,60,6/16/2026,09/07/2025,1
9966,Booth,5,0,60,6/16/2026,12/01/2025,0
9970,Booth,5,0,60,6/16/2026,02/12/2026,0
9971,Booth,5,0,60,6/16/2026,11/12/2025,0
9973,Booth,6,0,60,6/16/2026,10/15/2025,0
9976,Booth,5,0,60,6/16/2026,05/04/2026,0
9979,Booth,5,0,60,6/16/2026,06/04/2025,0
9982,Booth,6,0,60,6/16/2026,7/14/2026,0
9984,Booth,5,0,60,6/16/2026,04/06/2025,1
9986,Booth,5,1,60,6/16/2026,6/16/2026,0
9987,Booth,5,0,60,6/16/2026,4/23/2025,0
9988,Booth,5,0,60,6/16/2026,7/26/2025,0
9989,Booth,5,0,60,6/16/2026,2/26/2025,0
9990,Booth,5,0,60,6/16/2026,06/01/2025,1
9992,Booth,5,0,60,6/16/2026,09/10/2025,0
9993,Booth,5,0,60,6/16/2026,12/02/2025,0
9994,Booth,5,0,60,6/16/2026,06/04/2025,0
9995,Booth,5,0,75,6/16/2026,2/18/2025,0
9997,Booth,5,0,60,6/16/2026,9/26/2025,0
10000,Booth,5,0,60,6/16/2026,3/14/2026,0
117,Room,5,2,60,6/17/2026,7/29/2026,0
280,Booth,5,2,60,6/17/2026,7/29/2026,1
1151,Booth,5,2,60,6/17/2026,7/29/2026,0
3197,Booth,5,2,60,6/17/2026,7/29/2026,0
3418,Booth,5,2,60,6/17/2026,7/29/2026,1
7322,Booth,5,2,60,6/17/2026,7/29/2026,0
9257,Booth,5,2,60,6/17/2026,7/29/2026,0
2640,Room,5,2,60,6/18/2026,7/30/2026,0
4407,Booth,5,2,60,6/18/2026,7/30/2026,0
4834,Booth,6,2,180,6/18/2026,7/30/2026,0
5771,Booth,5,2,105,6/18/2026,7/30/2026,0
6827,Booth,5,2,60,6/18/2026,7/30/2026,1
7829,Booth,5,2,60,6/18/2026,7/30/2026,0
637,Booth,5,2,60,6/19/2026,7/31/2026,0
2865,Room,5,2,60,6/19/2026,7/31/2026,0
2945,Booth,5,2,60,6/19/2026,7/31/2026,0
3108,Booth,5,2,60,6/19/2026,7/31/2026,0
3792,Booth,5,2,60,6/19/2026,7/31/2026,1
8206,Booth,5,2,60,6/19/2026,7/31/2026,0
8700,Booth,5,2,60,6/19/2026,7/31/2026,0
9028,Booth,6,2,60,6/19/2026,7/31/2026,0
9372,Room,5,2,210,6/19/2026,7/31/2026,1
416,Booth,5,2,60,6/20/2026,08/01/2026,0
1274,Booth,5,2,60,6/20/2026,08/01/2026,0
4364,Booth,5,2,60,6/20/2026,08/01/2026,0
6722,Booth,6,2,105,6/20/2026,08/01/2026,0
9646,Room,5,2,60,6/20/2026,08/01/2026,0
5325,Booth,5,2,60,6/21/2026,08/02/2026,0
6125,Booth,5,2,60,6/21/2026,08/02/2026,0
6463,Booth,5,2,60,6/21/2026,08/02/2026,0
8016,Room,5,1,210,6/21/2026,6/21/2026,0
8475,Booth,5,2,60,6/21/2026,08/02/2026,0
9060,Booth,5,2,60,6/21/2026,08/02/2026,0
341,Booth,5,2,60,6/22/2026,08/03/2026,0
1182,Booth,5,2,60,6/22/2026,08/03/2026,0
1424,Booth,5,2,105,6/22/2026,08/03/2026,0
4353,Booth,5,2,60,6/22/2026,08/03/2026,0
4940,Booth,5,2,60,6/22/2026,08/03/2026,0
8174,Booth,5,2,60,6/22/2026,08/03/2026,0
9102,Room,6,2,60,6/22/2026,08/03/2026,0
673,Booth,5,2,60,6/23/2026,08/04/2026,0
768,Booth,5,2,60,6/23/2026,08/04/2026,1
3409,Room,5,2,60,6/23/2026,08/04/2026,0
5331,Room,5,2,60,6/23/2026,08/04/2026,0
6159,Booth,5,2,60,6/23/2026,08/04/2026,0
6607,Room,5,2,60,6/23/2026,08/04/2026,0
9696,Room,5,2,60,6/23/2026,08/04/2026,0
233,Booth,5,3,60,6/24/2026,7/22/2026,0
4512,Booth,5,2,60,6/24/2026,08/05/2026,0
1173,Booth,5,2,60,6/25/2026,08/06/2026,0
2429,Room,5,2,60,6/25/2026,08/06/2026,0
2627,Booth,5,2,60,6/25/2026,08/06/2026,0
4171,Booth,5,2,60,6/25/2026,08/06/2026,0
5925,Booth,5,2,60,6/25/2026,08/06/2026,0
6187,Booth,5,2,60,6/25/2026,08/06/2026,0
41,Booth,5,2,60,6/26/2026,08/07/2026,1
2297,Booth,5,2,60,6/26/2026,08/07/2026,0
7439,Booth,5,2,60,6/26/2026,08/07/2026,0
9583,Booth,5,2,60,6/26/2026,08/07/2026,0
5349,Booth,5,2,60,6/27/2026,08/08/2026,0
8576,Booth,5,2,60,6/27/2026,08/08/2026,1
9226,Booth,5,2,60,6/27/2026,08/08/2026,0
1964,Booth,5,2,90,6/28/2026,08/09/2026,0
2103,Booth,5,1,60,6/28/2026,6/28/2026,0
2264,Booth,5,2,60,6/28/2026,08/09/2026,0
3335,Booth,5,2,60,6/28/2026,08/09/2026,0
4215,Booth,5,2,60,6/28/2026,08/09/2026,0
5070,Room,5,2,60,6/28/2026,08/09/2026,0
5244,Booth,5,3,60,6/28/2026,7/26/2026,0
7319,Booth,5,2,60,6/28/2026,08/09/2026,0
7477,Booth,5,2,60,6/28/2026,08/09/2026,0
8401,Booth,5,2,60,6/28/2026,08/09/2026,0
8590,Booth,5,3,60,6/28/2026,7/26/2026,0
8963,Booth,5,2,60,6/28/2026,08/09/2026,0
9379,Booth,5,2,60,6/28/2026,08/09/2026,0
1485,Booth,5,2,75,6/29/2026,08/10/2026,0
1888,Booth,5,3,60,6/29/2026,7/27/2026,0
3815,Booth,5,2,60,6/29/2026,08/10/2026,0
4212,Booth,5,3,60,6/29/2026,7/27/2026,0
4236,Booth,5,2,60,6/29/2026,08/10/2026,0
4629,Booth,5,2,60,6/29/2026,08/10/2026,0
4860,Booth,5,2,60,6/29/2026,08/10/2026,0
5188,Room,5,2,60,6/29/2026,08/10/2026,0
7487,Room,5,2,60,6/29/2026,08/10/2026,0
9848,Booth,5,2,60,6/29/2026,08/10/2026,0
9942,Room,5,2,60,6/29/2026,08/10/2026,0
1210,Booth,5,2,60,6/30/2026,08/11/2026,0
3755,Booth,5,2,60,6/30/2026,08/11/2026,1
6026,Booth,5,2,60,6/30/2026,08/11/2026,0
6173,Booth,5,2,60,6/30/2026,08/11/2026,0
6735,Booth,5,2,60,6/30/2026,08/11/2026,0
7530,Booth,5,2,60,6/30/2026,08/11/2026,0
9114,Room,5,2,60,6/30/2026,08/11/2026,0
918,Booth,5,3,60,07/01/2026,7/29/2026,0
1677,Booth,5,2,60,07/01/2026,08/12/2026,0
1866,Room,5,2,75,07/01/2026,08/12/2026,0
2665,Room,5,1,105,07/01/2026,07/01/2026,0
401,Booth,5,3,90,07/02/2026,7/30/2026,0
3886,Booth,5,2,60,07/02/2026,8/13/2026,0
4237,Booth,5,2,60,07/02/2026,8/13/2026,0
4315,Booth,5,2,90,07/02/2026,8/13/2026,0
5851,Booth,5,2,60,07/02/2026,8/13/2026,0
6966,Booth,5,2,60,07/02/2026,8/13/2026,0
7901,Booth,5,2,60,07/02/2026,8/13/2026,0
9580,Booth,5,2,60,07/02/2026,8/13/2026,0
431,Booth,5,2,60,07/03/2026,8/14/2026,0
499,Room,5,2,60,07/03/2026,8/14/2026,0
1438,Booth,5,2,60,07/03/2026,8/14/2026,0
4707,Booth,5,1,60,07/03/2026,07/03/2026,0
5073,Booth,5,2,60,07/03/2026,8/14/2026,0
9132,Booth,6,2,60,07/03/2026,8/14/2026,0
285,Booth,5,2,60,07/04/2026,8/15/2026,0
628,Booth,5,2,60,07/04/2026,8/15/2026,0
945,Booth,6,2,75,07/04/2026,8/15/2026,0
1646,Booth,5,2,15,07/04/2026,8/15/2026,1
2227,Booth,5,2,60,07/04/2026,8/15/2026,0
3023,Booth,6,2,60,07/04/2026,8/15/2026,1
6773,Booth,5,2,60,07/04/2026,8/15/2026,0
7018,Booth,5,2,60,07/04/2026,8/15/2026,0
9775,Room,5,2,105,07/04/2026,8/15/2026,0
756,Booth,5,2,60,07/05/2026,8/16/2026,0
774,Booth,5,2,60,07/05/2026,8/16/2026,0
3971,Booth,5,2,60,07/05/2026,8/16/2026,0
5844,Booth,5,2,60,07/05/2026,8/16/2026,0
5959,Booth,5,2,60,07/05/2026,8/16/2026,0
8611,Booth,5,2,75,07/05/2026,8/16/2026,0
9317,Room,5,3,15,07/05/2026,08/02/2026,0
714,Booth,5,2,60,07/06/2026,8/17/2026,0
1360,Booth,5,2,60,07/06/2026,8/17/2026,0
2226,Booth,5,2,60,07/06/2026,8/17/2026,0
2467,Booth,5,3,60,07/06/2026,08/03/2026,0
2513,Booth,5,2,60,07/06/2026,8/17/2026,0
2892,Booth,5,2,60,07/06/2026,8/17/2026,0
4579,Booth,5,2,60,07/06/2026,8/17/2026,1
4627,Booth,5,2,60,07/06/2026,8/17/2026,0
7000,Booth,5,2,60,07/06/2026,8/17/2026,0
7386,Booth,5,2,60,07/06/2026,8/17/2026,0
9600,Booth,5,2,60,07/06/2026,8/17/2026,0
982,Booth,5,2,60,07/07/2026,8/18/2026,0
1935,Booth,5,2,60,07/07/2026,8/18/2026,0
2387,Booth,5,2,60,07/07/2026,8/18/2026,0
3046,Booth,5,2,60,07/07/2026,8/18/2026,0
4139,Booth,5,2,60,07/07/2026,8/18/2026,0
4180,Booth,5,2,60,07/07/2026,8/18/2026,1
4198,Booth,6,2,60,07/07/2026,8/18/2026,0
6522,Room,5,2,60,07/07/2026,8/18/2026,0
7218,Booth,5,2,60,07/07/2026,8/18/2026,0
8148,Booth,5,2,60,07/07/2026,8/18/2026,0
8890,Booth,5,2,60,07/07/2026,8/18/2026,0
9974,Booth,5,2,60,07/07/2026,8/18/2026,0
2465,Booth,5,2,60,07/08/2026,8/19/2026,0
4551,Booth,5,2,60,07/08/2026,8/19/2026,0
4868,Booth,5,2,60,07/08/2026,8/19/2026,0
6470,Booth,5,2,30,07/08/2026,8/19/2026,0
4856,Booth,5,2,60,07/09/2026,8/20/2026,1
15,Booth,6,2,60,07/10/2026,8/21/2026,0
351,Room,5,2,60,07/10/2026,8/21/2026,0
679,Booth,5,2,60,07/10/2026,8/21/2026,0
2993,Booth,5,2,30,07/10/2026,8/21/2026,0
8097,Booth,5,2,60,07/10/2026,8/21/2026,0
8328,Room,5,2,75,07/10/2026,8/21/2026,0
8978,Booth,5,2,60,07/10/2026,8/21/2026,0
316,Booth,5,2,60,07/11/2026,8/22/2026,0
2692,Booth,5,2,60,07/11/2026,8/22/2026,0
6260,Booth,5,1,60,07/11/2026,07/11/2026,0
9134,Booth,5,2,60,07/11/2026,8/22/2026,0
1123,Booth,5,2,60,07/12/2026,8/23/2026,1
3458,Booth,5,2,60,07/12/2026,8/23/2026,0
4504,Booth,5,3,60,07/12/2026,08/09/2026,0
4590,Booth,5,1,60,07/12/2026,07/12/2026,0
4683,Booth,5,1,60,07/12/2026,07/12/2026,0
5246,Booth,6,2,60,07/12/2026,8/23/2026,0
6545,Booth,5,2,60,07/12/2026,8/23/2026,0
3510,Booth,5,2,105,7/13/2026,8/24/2026,0
3841,Booth,5,2,60,7/13/2026,8/24/2026,0
4152,Booth,6,2,60,7/13/2026,8/24/2026,0
4369,Booth,5,2,60,7/13/2026,8/24/2026,0
4382,Booth,5,2,60,7/13/2026,8/24/2026,0
4549,Booth,5,2,60,7/13/2026,8/24/2026,0
4669,Booth,5,2,60,7/13/2026,8/24/2026,0
498,Booth,5,2,60,7/14/2026,8/25/2026,0
627,Booth,5,2,75,7/14/2026,8/25/2026,0
2845,Booth,5,2,60,7/14/2026,8/25/2026,0
4912,Booth,5,2,60,7/14/2026,8/25/2026,0
6051,Booth,5,1,60,7/14/2026,7/14/2026,0
6673,Booth,6,2,60,7/14/2026,8/25/2026,0
9945,Booth,5,2,60,7/14/2026,8/25/2026,0
1909,Booth,5,2,60,7/15/2026,8/26/2026,0
3866,Booth,5,2,60,7/15/2026,8/26/2026,0
3919,Room,5,2,60,7/15/2026,8/26/2026,0
6367,Booth,5,2,60,7/15/2026,8/26/2026,0
7873,Booth,5,2,60,7/15/2026,8/26/2026,0
9167,Booth,5,2,60,7/15/2026,8/26/2026,0
1750,Booth,5,2,180,7/16/2026,8/27/2026,0
2030,Booth,5,2,60,7/16/2026,8/27/2026,0
3549,Booth,5,2,60,7/16/2026,8/27/2026,0
4908,Booth,5,2,60,7/16/2026,8/27/2026,0
5079,Booth,5,2,60,7/16/2026,8/27/2026,0
2011,Booth,5,2,60,7/17/2026,8/28/2026,0
3618,Booth,5,2,60,7/17/2026,8/28/2026,0
3694,Booth,5,2,60,7/17/2026,8/28/2026,0
3831,Booth,6,2,60,7/17/2026,8/28/2026,0
5151,Booth,5,2,60,7/17/2026,8/28/2026,0
8277,Booth,5,2,60,7/17/2026,8/28/2026,0
549,Booth,5,2,75,7/18/2026,8/29/2026,0
953,Booth,5,2,60,7/18/2026,8/29/2026,0
1960,Booth,5,2,60,7/18/2026,8/29/2026,0
2093,Booth,5,2,60,7/18/2026,8/29/2026,0
4187,Booth,5,3,60,7/18/2026,8/15/2026,0
4383,Booth,5,1,60,7/19/2026,7/19/2026,0
6199,Room,5,2,60,7/19/2026,8/30/2026,0
6790,Booth,5,2,210,7/19/2026,8/30/2026,0
9031,Room,5,2,210,7/19/2026,8/30/2026,0
434,Booth,5,2,60,7/20/2026,8/31/2026,0
3204,Booth,5,2,180,7/20/2026,8/31/2026,0
5465,Booth,5,2,60,7/20/2026,8/31/2026,0
6030,Booth,5,2,60,7/20/2026,8/31/2026,0
5937,Booth,5,2,75,7/21/2026,09/01/2026,0
9490,Room,5,2,60,7/21/2026,09/01/2026,0
1145,Room,5,2,60,7/22/2026,09/02/2026,0
2791,Booth,5,2,60,7/22/2026,09/02/2026,0
4390,Booth,5,2,60,7/22/2026,09/02/2026,0
5728,Booth,5,2,60,7/22/2026,09/02/2026,0
7905,Booth,5,1,60,7/22/2026,7/22/2026,0
8942,Booth,5,2,60,7/22/2026,09/02/2026,0
82,Booth,5,3,210,7/23/2026,8/20/2026,0
1429,Booth,5,2,60,7/23/2026,09/03/2026,0
2995,Booth,5,2,60,7/23/2026,09/03/2026,0
4756,Room,5,1,60,7/23/2026,7/23/2026,0
6095,Booth,5,2,60,7/23/2026,09/03/2026,0
7209,Booth,5,2,60,7/23/2026,09/03/2026,0
7879,Booth,6,2,60,7/23/2026,09/03/2026,0
8233,Booth,5,1,60,7/23/2026,7/23/2026,0
9091,Booth,5,2,60,7/23/2026,09/03/2026,1
9925,Booth,5,2,60,7/23/2026,09/03/2026,0
500,Booth,5,2,210,7/24/2026,09/04/2026,0
4942,Room,5,1,60,7/24/2026,7/24/2026,0
5827,Room,5,2,60,7/24/2026,09/04/2026,0
6551,Booth,5,3,60,7/24/2026,8/21/2026,0
6948,Booth,5,2,60,7/24/2026,09/04/2026,0
8459,Room,5,2,60,7/24/2026,09/04/2026,0
1587,Booth,5,2,60,7/25/2026,09/05/2026,0
4482,Booth,5,2,60,7/25/2026,09/05/2026,0
5311,Booth,5,2,60,7/25/2026,09/05/2026,0
6613,Booth,5,2,90,7/25/2026,09/05/2026,0
9423,Booth,5,2,60,7/25/2026,09/05/2026,0
9681,Booth,5,2,60,7/25/2026,09/05/2026,0
1914,Booth,5,2,60,7/26/2026,09/06/2026,0
5305,Booth,5,2,60,7/26/2026,09/06/2026,0
8196,Booth,6,2,15,7/26/2026,09/06/2026,0
8836,Booth,5,2,60,7/26/2026,09/06/2026,0
2732,Booth,5,2,60,7/27/2026,09/07/2026,0
4240,Booth,5,2,60,7/27/2026,09/07/2026,0
7438,Booth,5,2,60,7/27/2026,09/07/2026,0
9834,Booth,5,2,60,7/27/2026,09/07/2026,0
2111,Booth,5,3,60,7/28/2026,8/25/2026,0
4709,Booth,5,2,60,7/28/2026,09/08/2026,0
4915,Room,6,2,60,7/28/2026,09/08/2026,0
5103,Booth,5,2,60,7/28/2026,09/08/2026,0
5482,Room,5,2,60,7/28/2026,09/08/2026,1
5903,Room,5,2,60,7/28/2026,09/08/2026,0
5977,Booth,5,2,60,7/28/2026,09/08/2026,0
6646,Booth,5,2,60,7/28/2026,09/08/2026,0
7317,Booth,5,2,60,7/28/2026,09/08/2026,0
7770,Booth,6,2,60,7/28/2026,09/08/2026,0
1605,Booth,5,2,60,7/29/2026,09/09/2026,0
2027,Booth,5,2,60,7/29/2026,09/09/2026,0
9164,Booth,5,2,60,7/29/2026,09/09/2026,0
370,Booth,5,2,60,7/30/2026,09/10/2026,0
4075,Booth,5,2,60,7/30/2026,09/10/2026,0
6217,Booth,5,2,60,7/30/2026,09/10/2026,0
6236,Booth,5,2,210,7/30/2026,09/10/2026,0
7690,Booth,5,2,75,7/30/2026,09/10/2026,1
2685,Booth,5,2,60,7/31/2026,09/11/2026,0
7174,Booth,5,2,60,7/31/2026,09/11/2026,0
7481,Booth,5,2,15,7/31/2026,09/11/2026,0
7738,Room,5,2,60,7/31/2026,09/11/2026,0
319,Booth,5,2,60,08/01/2026,09/12/2026,0
805,Booth,5,2,60,08/01/2026,09/12/2026,0
7107,Room,5,2,60,08/01/2026,09/12/2026,0
7239,Booth,5,2,60,08/01/2026,09/12/2026,0
7681,Booth,5,2,60,08/01/2026,09/12/2026,0
1071,Booth,5,2,60,08/02/2026,9/13/2026,0
1787,Booth,5,2,60,08/02/2026,9/13/2026,0
7084,Booth,5,2,60,08/02/2026,9/13/2026,0
1338,Booth,5,2,60,08/03/2026,9/14/2026,0
2697,Booth,5,2,60,08/03/2026,9/14/2026,0
9163,Booth,6,2,60,08/03/2026,9/14/2026,0
9210,Room,5,2,60,08/03/2026,9/14/2026,0
9500,Booth,5,2,60,08/03/2026,9/14/2026,0
9662,Booth,6,2,60,08/03/2026,9/14/2026,0
1426,Booth,5,2,60,08/04/2026,9/15/2026,0
2303,Booth,5,2,60,08/04/2026,9/15/2026,0
2826,Booth,5,2,60,08/04/2026,9/15/2026,0
3927,Booth,5,2,60,08/04/2026,9/15/2026,0
5434,Booth,5,2,60,08/04/2026,9/15/2026,0
6372,Room,5,2,60,08/04/2026,9/15/2026,0
9745,Booth,5,2,60,08/04/2026,9/15/2026,0
1526,Booth,5,2,60,08/05/2026,9/16/2026,0
7240,Booth,5,2,60,08/05/2026,9/16/2026,0
2150,Booth,5,2,60,08/06/2026,9/17/2026,0
2935,Booth,5,2,60,08/06/2026,9/17/2026,0
3089,Booth,5,2,60,08/06/2026,9/17/2026,0
3169,Booth,5,2,60,08/06/2026,9/17/2026,0
5467,Booth,5,1,60,08/06/2026,08/06/2026,0
6919,Booth,5,2,60,08/06/2026,9/17/2026,0
7661,Booth,5,2,60,08/06/2026,9/17/2026,0
8683,Booth,5,2,60,08/06/2026,9/17/2026,0
356,Booth,5,2,60,08/07/2026,9/18/2026,0
583,Booth,5,2,60,08/07/2026,9/18/2026,0
2544,Room,5,2,60,08/07/2026,9/18/2026,0
3082,Room,6,2,60,08/07/2026,9/18/2026,0
5574,Booth,5,2,60,08/07/2026,9/18/2026,0
6370,Booth,5,2,60,08/07/2026,9/18/2026,0
7070,Booth,5,2,90,08/07/2026,9/18/2026,0
7364,Booth,5,2,15,08/07/2026,9/18/2026,0
7377,Room,5,2,60,08/07/2026,9/18/2026,0
1075,Booth,5,2,60,08/08/2026,9/19/2026,0
2214,Booth,5,2,60,08/08/2026,9/19/2026,0
2771,Booth,5,2,60,08/08/2026,9/19/2026,0
2927,Booth,6,2,60,08/08/2026,9/19/2026,0
4726,Booth,5,2,60,08/08/2026,9/19/2026,0
5017,Booth,5,2,60,08/08/2026,9/19/2026,0
5984,Booth,5,2,60,08/08/2026,9/19/2026,0
6274,Booth,5,2,60,08/08/2026,9/19/2026,0
7601,Booth,5,2,90,08/08/2026,9/19/2026,0
8147,Booth,5,2,60,08/08/2026,9/19/2026,0
8481,Booth,5,2,105,08/08/2026,9/19/2026,0
731,Booth,5,2,90,08/09/2026,9/20/2026,0
1354,Booth,5,2,60,08/09/2026,9/20/2026,0
2311,Booth,6,2,60,08/09/2026,9/20/2026,0
2548,Booth,5,2,60,08/09/2026,9/20/2026,0
2684,Booth,5,2,60,08/09/2026,9/20/2026,0
8754,Booth,6,2,60,08/09/2026,9/20/2026,0
114,Booth,5,2,210,08/10/2026,9/21/2026,0
1176,Booth,5,2,60,08/10/2026,9/21/2026,0
1998,Booth,5,2,60,08/10/2026,9/21/2026,0
2612,Booth,5,2,60,08/10/2026,9/21/2026,0
6178,Booth,6,2,60,08/11/2026,9/22/2026,0
7605,Booth,5,2,60,08/11/2026,9/22/2026,0
8847,Booth,5,2,60,08/11/2026,9/22/2026,0
3411,Booth,5,2,60,08/12/2026,9/23/2026,0
4024,Booth,5,2,60,08/12/2026,9/23/2026,0
5000,Booth,5,2,60,08/12/2026,9/23/2026,0
5319,Booth,5,2,60,08/12/2026,9/23/2026,0
6830,Booth,5,2,60,08/12/2026,9/23/2026,0
8738,Booth,5,2,60,08/12/2026,9/23/2026,0
9557,Room,5,1,60,08/12/2026,08/12/2026,1
9842,Booth,5,2,60,08/12/2026,9/23/2026,0
2239,Booth,5,2,60,8/13/2026,9/24/2026,0
2482,Room,5,2,105,8/13/2026,9/24/2026,0
3288,Booth,5,2,60,8/13/2026,9/24/2026,0
3671,Booth,5,2,60,8/13/2026,9/24/2026,0
4255,Booth,5,2,60,8/13/2026,9/24/2026,0
5634,Booth,5,2,60,8/13/2026,9/24/2026,0
7773,Room,5,2,60,8/13/2026,9/24/2026,0
378,Room,5,2,60,8/14/2026,9/25/2026,0
6566,Booth,5,2,60,8/14/2026,9/25/2026,0
1820,Booth,5,2,210,8/15/2026,9/26/2026,0
4308,Booth,5,2,60,8/15/2026,9/26/2026,0
5687,Booth,5,2,60,8/15/2026,9/26/2026,0
1933,Booth,5,2,180,8/16/2026,9/27/2026,0
2902,Booth,5,2,60,8/16/2026,9/27/2026,0
4984,Booth,5,2,60,8/16/2026,9/27/2026,0
5542,Booth,5,2,60,8/16/2026,9/27/2026,0
6103,Booth,5,2,60,8/16/2026,9/27/2026,0
7274,Booth,6,2,60,8/16/2026,9/27/2026,0
9144,Booth,5,2,60,8/16/2026,9/27/2026,0
3812,Booth,5,2,180,8/17/2026,9/28/2026,0
4817,Booth,6,2,60,8/17/2026,9/28/2026,0
6834,Room,5,2,60,8/17/2026,9/28/2026,0
7541,Booth,5,2,75,8/17/2026,9/28/2026,0
7838,Booth,5,1,60,8/17/2026,8/17/2026,0
57,Booth,5,2,60,8/18/2026,9/29/2026,0
557,Booth,5,2,60,8/18/2026,9/29/2026,0
931,Room,5,2,60,8/18/2026,9/29/2026,0
3454,Booth,5,1,60,8/18/2026,8/18/2026,0
5667,Booth,5,2,60,8/18/2026,9/29/2026,0
5840,Booth,5,2,60,8/18/2026,9/29/2026,0
6461,Booth,5,2,60,8/18/2026,9/29/2026,0
6960,Booth,5,2,60,8/18/2026,9/29/2026,0
7671,Booth,5,2,60,8/18/2026,9/29/2026,0
8048,Booth,5,2,60,8/18/2026,9/29/2026,0
8052,Booth,5,1,60,8/18/2026,8/18/2026,0
8230,Booth,5,2,60,8/18/2026,9/29/2026,0
9390,Booth,5,2,60,8/18/2026,9/29/2026,0
826,Booth,5,2,60,8/19/2026,9/30/2026,0
1336,Booth,5,2,60,8/19/2026,9/30/2026,0
1494,Booth,5,2,60,8/19/2026,9/30/2026,1
2607,Booth,5,2,60,8/19/2026,9/30/2026,0
4004,Booth,5,2,60,8/19/2026,9/30/2026,0
4197,Booth,5,2,60,8/19/2026,9/30/2026,0
5907,Booth,5,2,60,8/19/2026,9/30/2026,0
6442,Booth,5,2,75,8/19/2026,9/30/2026,0
9582,Booth,5,2,60,8/19/2026,9/30/2026,0
373,Booth,5,2,60,8/20/2026,10/01/2026,0
6255,Booth,5,2,60,8/20/2026,10/01/2026,0
7497,Booth,6,2,75,8/20/2026,10/01/2026,0
7973,Booth,5,2,60,8/20/2026,10/01/2026,0
8281,Booth,5,2,60,8/20/2026,10/01/2026,0
1314,Booth,5,2,60,8/21/2026,10/02/2026,0
2193,Booth,5,2,60,8/21/2026,10/02/2026,0
2705,Booth,5,2,60,8/21/2026,10/02/2026,1
2746,Booth,5,2,60,8/21/2026,10/02/2026,0
3813,Booth,5,2,60,8/21/2026,10/02/2026,0
4490,Booth,5,1,105,8/21/2026,8/21/2026,0
5790,Booth,5,2,60,8/21/2026,10/02/2026,0
7765,Booth,5,2,60,8/21/2026,10/02/2026,0
9001,Booth,5,2,60,8/21/2026,10/02/2026,0
20,Booth,6,3,60,8/22/2026,9/19/2026,0
3920,Booth,5,1,60,8/22/2026,8/22/2026,0
4244,Booth,5,2,105,8/22/2026,10/03/2026,0
8113,Booth,5,2,60,8/22/2026,10/03/2026,0
8195,Booth,5,2,60,8/22/2026,10/03/2026,0
1529,Room,5,3,180,8/23/2026,9/20/2026,0
2370,Booth,6,1,60,8/23/2026,8/23/2026,0
108,Booth,5,2,60,8/24/2026,10/05/2026,0
234,Booth,5,2,60,8/24/2026,10/05/2026,0
1276,Room,5,2,60,8/24/2026,10/05/2026,0
2144,Booth,5,2,60,8/24/2026,10/05/2026,0
4645,Booth,5,2,30,8/24/2026,10/05/2026,0
6658,Booth,6,2,60,8/24/2026,10/05/2026,0
277,Booth,5,2,180,8/25/2026,10/06/2026,0
3131,Booth,5,2,60,8/25/2026,10/06/2026,1
3795,Booth,6,2,180,8/25/2026,10/06/2026,1
5755,Booth,5,2,60,8/25/2026,10/06/2026,0
6174,Booth,5,2,60,8/25/2026,10/06/2026,0
8202,Booth,5,2,60,8/25/2026,10/06/2026,0
9828,Booth,6,2,60,8/25/2026,10/06/2026,0
976,Booth,5,2,60,8/26/2026,10/07/2026,1
981,Booth,6,2,60,8/26/2026,10/07/2026,0
4694,Booth,5,2,60,8/26/2026,10/07/2026,0
5008,Booth,5,2,105,8/26/2026,10/07/2026,0
6369,Booth,5,2,60,8/26/2026,10/07/2026,0
7488,Booth,5,2,60,8/26/2026,10/07/2026,0
7515,Room,5,2,60,8/26/2026,10/07/2026,0
8015,Booth,5,2,105,8/26/2026,10/07/2026,0
3255,Booth,5,2,60,8/27/2026,10/08/2026,1
3403,Room,5,2,60,8/27/2026,10/08/2026,0
4982,Booth,5,2,60,8/27/2026,10/08/2026,0
5917,Booth,5,2,60,8/27/2026,10/08/2026,0
7520,Booth,5,2,60,8/27/2026,10/08/2026,0
8295,Booth,5,2,60,8/27/2026,10/08/2026,0
8969,Booth,5,2,60,8/27/2026,10/08/2026,0
290,Booth,5,2,60,8/28/2026,10/09/2026,0
1049,Booth,5,2,60,8/28/2026,10/09/2026,0
1979,Booth,5,2,105,8/28/2026,10/09/2026,0
5678,Booth,5,1,180,8/28/2026,8/28/2026,0
5712,Booth,5,2,60,8/28/2026,10/09/2026,0
8668,Booth,5,2,60,8/28/2026,10/09/2026,0
8846,Booth,5,2,60,8/28/2026,10/09/2026,1
9924,Booth,5,2,60,8/28/2026,10/09/2026,0
3063,Booth,5,2,60,8/29/2026,10/10/2026,0
6053,Booth,5,2,60,8/29/2026,10/10/2026,0
6902,Booth,5,2,60,8/29/2026,10/10/2026,0
1569,Booth,5,3,75,8/30/2026,9/27/2026,0
2056,Booth,5,2,60,8/30/2026,10/11/2026,0
2512,Booth,5,2,60,8/30/2026,10/11/2026,0
2649,Booth,5,2,60,8/30/2026,10/11/2026,0
5432,Booth,5,1,60,8/30/2026,8/30/2026,0
7719,Booth,5,2,60,8/30/2026,10/11/2026,0
9078,Booth,5,2,60,8/30/2026,10/11/2026,0
371,Booth,5,2,60,8/31/2026,10/12/2026,0
1420,Booth,5,2,210,8/31/2026,10/12/2026,0
2761,Booth,5,2,60,8/31/2026,10/12/2026,0
3186,Booth,5,2,60,8/31/2026,10/12/2026,0
4523,Booth,5,2,105,8/31/2026,10/12/2026,1
6806,Booth,5,2,60,8/31/2026,10/12/2026,0
1277,Booth,5,2,60,09/01/2026,10/13/2026,0
2295,Booth,5,2,60,09/01/2026,10/13/2026,0
2529,Booth,5,1,75,09/01/2026,09/01/2026,0
2750,Booth,5,2,60,09/01/2026,10/13/2026,0
4495,Booth,5,1,60,09/01/2026,09/01/2026,0
5333,Booth,5,2,60,09/01/2026,10/13/2026,0
7948,Booth,5,2,60,09/01/2026,10/13/2026,0
8211,Room,5,2,60,09/01/2026,10/13/2026,0
308,Room,5,1,210,09/02/2026,09/02/2026,0
2097,Booth,6,2,60,09/02/2026,10/14/2026,0
3899,Booth,5,2,60,09/02/2026,10/14/2026,0
7048,Booth,5,2,60,09/02/2026,10/14/2026,0
272,Booth,5,2,60,09/03/2026,10/15/2026,0
2894,Booth,5,2,60,09/03/2026,10/15/2026,0
3907,Booth,5,2,60,09/03/2026,10/15/2026,0
4221,Booth,5,2,60,09/03/2026,10/15/2026,0
5893,Booth,5,2,60,09/03/2026,10/15/2026,0
6459,Booth,5,2,60,09/03/2026,10/15/2026,0
7708,Booth,5,3,60,09/03/2026,10/01/2026,0
9218,Booth,5,2,60,09/03/2026,10/15/2026,0
1846,Booth,5,2,60,09/04/2026,10/16/2026,0
6598,Room,5,2,60,09/04/2026,10/16/2026,0
7655,Booth,5,2,60,09/04/2026,10/16/2026,0
8510,Booth,5,2,60,09/04/2026,10/16/2026,0
8797,Booth,5,2,60,09/04/2026,10/16/2026,0
3356,Booth,5,2,60,09/05/2026,10/17/2026,0
4073,Booth,5,2,90,09/05/2026,10/17/2026,0
5882,Booth,5,2,60,09/05/2026,10/17/2026,0
6595,Room,5,2,60,09/05/2026,10/17/2026,0
7624,Booth,5,2,60,09/05/2026,10/17/2026,0
7969,Booth,5,2,60,09/05/2026,10/17/2026,0
8467,Booth,5,2,60,09/05/2026,10/17/2026,0
8983,Booth,5,2,60,09/05/2026,10/17/2026,0
5763,Booth,5,2,60,09/06/2026,10/18/2026,0
8782,Booth,5,2,60,09/06/2026,10/18/2026,0
3559,Booth,5,2,60,09/07/2026,10/19/2026,0
5101,Booth,5,2,60,09/07/2026,10/19/2026,0
568,Booth,5,3,60,09/08/2026,10/06/2026,0
2655,Booth,5,2,60,09/08/2026,10/20/2026,0
2833,Booth,6,2,60,09/08/2026,10/20/2026,0
3946,Booth,5,2,60,09/08/2026,10/20/2026,0
7307,Booth,5,3,60,09/08/2026,10/06/2026,1
9104,Booth,6,2,60,09/08/2026,10/20/2026,0
9221,Booth,5,2,60,09/08/2026,10/20/2026,0
9892,Booth,5,2,60,09/08/2026,10/20/2026,0
1362,Booth,5,2,60,09/09/2026,10/21/2026,0
4176,Room,5,2,60,09/09/2026,10/21/2026,0
5050,Booth,5,2,60,09/09/2026,10/21/2026,0
6814,Booth,5,3,60,09/09/2026,10/07/2026,1
7475,Booth,5,2,60,09/09/2026,10/21/2026,0
7522,Booth,5,3,60,09/09/2026,10/07/2026,0
7746,Booth,5,2,105,09/09/2026,10/21/2026,0
8313,Booth,5,2,60,09/09/2026,10/21/2026,0
9056,Room,5,2,60,09/09/2026,10/21/2026,0
9331,Booth,5,2,60,09/09/2026,10/21/2026,0
699,Booth,5,2,60,09/10/2026,10/22/2026,0
2877,Booth,5,2,60,09/10/2026,10/22/2026,0
3598,Booth,5,2,60,09/10/2026,10/22/2026,0
4011,Booth,6,2,60,09/10/2026,10/22/2026,0
5521,Booth,5,2,60,09/10/2026,10/22/2026,0
5600,Room,5,2,60,09/10/2026,10/22/2026,0
776,Room,5,2,60,09/11/2026,10/23/2026,0
1093,Booth,5,2,60,09/11/2026,10/23/2026,0
2367,Booth,5,2,60,09/11/2026,10/23/2026,0
5971,Booth,5,2,60,09/11/2026,10/23/2026,0
6003,Booth,5,2,60,09/11/2026,10/23/2026,0
6404,Booth,5,2,60,09/11/2026,10/23/2026,0
8110,Booth,5,2,60,09/11/2026,10/23/2026,0
406,Booth,5,2,60,09/12/2026,10/24/2026,0
1427,Booth,5,2,60,09/12/2026,10/24/2026,0
2700,Booth,5,2,60,09/12/2026,10/24/2026,0
3376,Booth,5,2,60,09/12/2026,10/24/2026,0
4644,Room,5,2,60,09/12/2026,10/24/2026,0
5630,Booth,5,2,60,09/12/2026,10/24/2026,0
6844,Booth,5,2,60,09/12/2026,10/24/2026,0
7259,Booth,5,2,60,09/12/2026,10/24/2026,1
2796,Booth,5,2,60,9/13/2026,10/25/2026,0
5676,Booth,5,2,60,9/13/2026,10/25/2026,0
6695,Booth,5,2,60,9/13/2026,10/25/2026,0
6815,Room,5,2,75,9/13/2026,10/25/2026,0
2788,Booth,5,2,60,9/14/2026,10/26/2026,0
3014,Booth,5,2,60,9/14/2026,10/26/2026,0
5526,Booth,5,2,60,9/14/2026,10/26/2026,0
7764,Booth,5,2,60,9/14/2026,10/26/2026,0
2430,Booth,5,2,60,9/15/2026,10/27/2026,0
4444,Booth,5,2,60,9/15/2026,10/27/2026,0
5909,Booth,5,2,60,9/15/2026,10/27/2026,0
1913,Booth,5,2,60,9/16/2026,10/28/2026,0
3033,Booth,5,2,90,9/16/2026,10/28/2026,0
3915,Booth,5,2,60,9/16/2026,10/28/2026,0
4827,Booth,5,2,105,9/16/2026,10/28/2026,0
4995,Booth,5,2,60,9/16/2026,10/28/2026,0
9208,Booth,5,2,60,9/16/2026,10/28/2026,0
1191,Booth,6,3,105,9/17/2026,10/15/2026,0
3662,Booth,5,2,60,9/17/2026,10/29/2026,0
3941,Booth,5,2,105,9/17/2026,10/29/2026,0
7696,Room,5,2,60,9/17/2026,10/29/2026,0
8012,Room,5,2,60,9/17/2026,10/29/2026,0
8512,Booth,5,2,60,9/17/2026,10/29/2026,0
577,Booth,5,2,60,9/18/2026,10/30/2026,0
1940,Booth,5,2,60,9/18/2026,10/30/2026,0
8537,Room,5,2,60,9/18/2026,10/30/2026,0
8712,Room,5,2,60,9/18/2026,10/30/2026,0
8817,Booth,6,2,60,9/18/2026,10/30/2026,0
9088,Booth,5,3,60,9/18/2026,10/16/2026,0
9172,Booth,5,2,60,9/18/2026,10/30/2026,0
9793,Booth,5,2,60,9/18/2026,10/30/2026,0
1006,Room,5,2,90,9/19/2026,10/31/2026,1
1975,Booth,5,2,60,9/19/2026,10/31/2026,0
3029,Booth,5,2,60,9/19/2026,10/31/2026,0
4031,Booth,5,2,60,9/19/2026,10/31/2026,0
6686,Booth,5,2,60,9/19/2026,10/31/2026,0
8974,Booth,5,2,210,9/19/2026,10/31/2026,0
214,Booth,5,2,60,9/20/2026,11/01/2026,0
5505,Room,5,2,60,9/20/2026,11/01/2026,0
6899,Booth,5,2,60,9/20/2026,11/01/2026,0
9117,Booth,5,2,60,9/20/2026,11/01/2026,0
9175,Room,5,2,90,9/20/2026,11/01/2026,0
9229,Booth,5,2,60,9/20/2026,11/01/2026,0
705,Booth,5,2,60,9/21/2026,11/02/2026,0
3987,Booth,5,2,60,9/21/2026,11/02/2026,0
5007,Booth,6,2,60,9/21/2026,11/02/2026,0
8493,Booth,5,2,60,9/21/2026,11/02/2026,0
9780,Booth,5,2,60,9/21/2026,11/02/2026,0
4429,Room,5,2,60,9/22/2026,11/03/2026,0
5224,Booth,5,2,60,9/22/2026,11/03/2026,0
5520,Booth,5,2,60,9/22/2026,11/03/2026,0
9604,Booth,5,2,180,9/22/2026,11/03/2026,0
530,Booth,6,2,60,9/23/2026,11/04/2026,0
2525,Booth,5,2,60,9/23/2026,11/04/2026,0
6455,Booth,5,2,60,9/23/2026,11/04/2026,0
8255,Booth,5,2,60,9/23/2026,11/04/2026,0
8299,Booth,5,1,105,9/23/2026,9/23/2026,1
822,Booth,5,2,60,9/24/2026,11/05/2026,0
1575,Booth,5,1,105,9/24/2026,9/24/2026,0
7123,Booth,5,2,60,9/24/2026,11/05/2026,0
8876,Booth,5,2,60,9/24/2026,11/05/2026,0
8,Booth,5,2,60,9/25/2026,11/06/2026,0
271,Booth,6,2,60,9/25/2026,11/06/2026,0
1141,Booth,5,2,60,9/25/2026,11/06/2026,0
1330,Booth,5,2,60,9/25/2026,11/06/2026,0
5027,Booth,5,2,60,9/25/2026,11/06/2026,0
5229,Booth,5,2,60,9/25/2026,11/06/2026,0
7115,Booth,5,2,60,9/25/2026,11/06/2026,0
7294,Booth,5,2,60,9/25/2026,11/06/2026,0
8796,Booth,5,2,60,9/25/2026,11/06/2026,0
4046,Booth,5,2,60,9/26/2026,11/07/2026,0
4804,Booth,5,2,60,9/26/2026,11/07/2026,0
4935,Booth,5,2,60,9/26/2026,11/07/2026,0
8433,Booth,5,2,60,9/26/2026,11/07/2026,0
8997,Booth,5,2,105,9/26/2026,11/07/2026,0
9861,Booth,5,2,60,9/26/2026,11/07/2026,0
28,Room,5,2,60,9/27/2026,11/08/2026,0
1766,Room,5,1,105,9/27/2026,9/27/2026,0
3496,Room,5,2,60,9/27/2026,11/08/2026,0
6730,Booth,5,2,60,9/27/2026,11/08/2026,0
7183,Booth,5,2,60,9/27/2026,11/08/2026,0
8689,Booth,5,2,60,9/27/2026,11/08/2026,0
701,Room,5,2,60,9/28/2026,11/09/2026,0
2288,Booth,5,2,60,9/28/2026,11/09/2026,1
5157,Booth,5,2,90,9/28/2026,11/09/2026,0
7898,Booth,5,2,60,9/28/2026,11/09/2026,0
8386,Room,5,2,60,9/28/2026,11/09/2026,0
90,Booth,5,2,60,9/29/2026,11/10/2026,0
278,Booth,5,2,60,9/29/2026,11/10/2026,0
646,Booth,5,2,60,9/29/2026,11/10/2026,0
935,Booth,5,2,60,9/29/2026,11/10/2026,0
3264,Booth,5,2,180,9/29/2026,11/10/2026,0
5284,Booth,5,2,60,9/29/2026,11/10/2026,0
6276,Booth,5,2,60,9/29/2026,11/10/2026,0
7055,Booth,5,2,60,9/29/2026,11/10/2026,0
7110,Room,5,2,60,9/29/2026,11/10/2026,0
7642,Booth,5,2,60,9/29/2026,11/10/2026,0
202,Booth,5,2,60,9/30/2026,11/11/2026,0
295,Booth,5,2,60,9/30/2026,11/11/2026,0
1060,Booth,5,2,60,9/30/2026,11/11/2026,0
4012,Booth,6,2,60,9/30/2026,11/11/2026,0
6740,Booth,5,2,60,9/30/2026,11/11/2026,0
6895,Booth,5,2,60,9/30/2026,11/11/2026,0
6911,Booth,5,2,75,9/30/2026,11/11/2026,0
8084,Booth,5,2,60,9/30/2026,11/11/2026,0
8568,Booth,5,2,210,9/30/2026,11/11/2026,0
8952,Booth,5,2,60,9/30/2026,11/11/2026,0
3653,Booth,5,2,60,10/01/2026,11/12/2026,0
4141,Booth,6,2,60,10/01/2026,11/12/2026,0
5517,Booth,5,2,60,10/01/2026,11/12/2026,0
5567,Booth,6,2,60,10/01/2026,11/12/2026,0
7464,Booth,5,2,60,10/01/2026,11/12/2026,0
7981,Booth,5,2,60,10/01/2026,11/12/2026,0
364,Booth,5,2,60,10/02/2026,11/13/2026,0
521,Booth,5,2,75,10/02/2026,11/13/2026,0
6342,Booth,5,2,60,10/02/2026,11/13/2026,0
6779,Booth,5,2,60,10/02/2026,11/13/2026,0
1208,Booth,6,2,60,10/03/2026,11/14/2026,1
1432,Room,5,2,60,10/03/2026,11/14/2026,0
6761,Booth,5,2,60,10/03/2026,11/14/2026,0
7558,Booth,5,1,60,10/03/2026,10/03/2026,0
8614,Booth,5,2,75,10/03/2026,11/14/2026,1
3679,Booth,5,2,60,10/04/2026,11/15/2026,0
1515,Booth,5,2,60,10/05/2026,11/16/2026,0
2014,Booth,5,2,60,10/05/2026,11/16/2026,0
6075,Booth,5,2,105,10/05/2026,11/16/2026,0
6622,Booth,5,2,60,10/05/2026,11/16/2026,0
7946,Booth,5,2,60,10/05/2026,11/16/2026,0
1102,Booth,5,2,60,10/06/2026,11/17/2026,0
1832,Booth,5,2,60,10/06/2026,11/17/2026,0
2593,Booth,5,2,60,10/06/2026,11/17/2026,0
6184,Booth,5,1,60,10/06/2026,10/06/2026,0
625,Booth,5,2,60,10/07/2026,11/18/2026,0
1517,Booth,5,2,60,10/07/2026,11/18/2026,0
6601,Booth,6,2,60,10/07/2026,11/18/2026,0
8086,Booth,5,2,60,10/07/2026,11/18/2026,0
8917,Booth,5,2,60,10/07/2026,11/18/2026,0
9120,Booth,5,2,60,10/07/2026,11/18/2026,0
9450,Booth,5,2,15,10/07/2026,11/18/2026,0
2306,Booth,5,2,60,10/08/2026,11/19/2026,0
4739,Booth,5,2,60,10/08/2026,11/19/2026,0
6406,Booth,5,2,60,10/08/2026,11/19/2026,0
1625,Booth,5,2,60,10/09/2026,11/20/2026,0
1738,Booth,5,2,210,10/09/2026,11/20/2026,0
5186,Booth,5,2,60,10/09/2026,11/20/2026,0
6338,Booth,5,2,60,10/09/2026,11/20/2026,0
6609,Booth,5,1,60,10/09/2026,10/09/2026,0
6878,Booth,5,3,60,10/09/2026,11/06/2026,0
9131,Booth,5,2,60,10/09/2026,11/20/2026,0
329,Booth,5,2,60,10/10/2026,11/21/2026,0
759,Booth,5,2,60,10/10/2026,11/21/2026,0
3095,Booth,5,2,60,10/10/2026,11/21/2026,0
4865,Booth,5,2,60,10/10/2026,11/21/2026,0
5236,Booth,5,2,60,10/10/2026,11/21/2026,0
8573,Booth,5,2,60,10/10/2026,11/21/2026,0
9136,Booth,5,2,60,10/10/2026,11/21/2026,0
9351,Booth,5,2,60,10/10/2026,11/21/2026,0
9410,Room,5,2,60,10/10/2026,11/21/2026,1
1735,Booth,5,2,60,10/11/2026,11/22/2026,0
1957,Booth,5,2,60,10/11/2026,11/22/2026,0
4056,Booth,5,2,210,10/11/2026,11/22/2026,0
4531,Booth,5,2,60,10/11/2026,11/22/2026,0
8197,Booth,5,1,105,10/11/2026,10/11/2026,0
1055,Booth,5,2,180,10/12/2026,11/23/2026,0
4906,Booth,5,2,60,10/12/2026,11/23/2026,0
6993,Booth,5,2,60,10/12/2026,11/23/2026,0
7056,Booth,5,2,60,10/12/2026,11/23/2026,0
8430,Booth,5,2,60,10/12/2026,11/23/2026,1
453,Booth,5,2,60,10/13/2026,11/24/2026,0
1373,Room,5,2,60,10/13/2026,11/24/2026,0
5929,Booth,5,2,60,10/13/2026,11/24/2026,0
7426,Booth,5,2,60,10/13/2026,11/24/2026,0
7974,Booth,5,2,60,10/13/2026,11/24/2026,0
8053,Booth,5,2,60,10/13/2026,11/24/2026,0
349,Booth,6,2,60,10/14/2026,11/25/2026,0
713,Booth,5,2,60,10/14/2026,11/25/2026,0
3113,Booth,5,2,60,10/14/2026,11/25/2026,0
5469,Booth,5,2,60,10/14/2026,11/25/2026,0
9819,Booth,5,1,60,10/14/2026,10/14/2026,0
877,Booth,5,2,60,10/15/2026,11/26/2026,0
2500,Booth,5,2,60,10/15/2026,11/26/2026,0
3099,Room,5,2,60,10/15/2026,11/26/2026,0
4639,Booth,5,2,90,10/15/2026,11/26/2026,1
4791,Booth,5,2,75,10/15/2026,11/26/2026,0
6221,Booth,5,2,60,10/15/2026,11/26/2026,0
7651,Booth,5,2,60,10/15/2026,11/26/2026,0
7967,Booth,5,2,60,10/15/2026,11/26/2026,0
4347,Booth,5,2,60,10/16/2026,11/27/2026,0
5411,Booth,5,2,105,10/16/2026,11/27/2026,0
6393,Booth,5,2,60,10/16/2026,11/27/2026,0
1171,Booth,5,2,60,10/17/2026,11/28/2026,0
2122,Booth,5,2,60,10/17/2026,11/28/2026,0
2769,Booth,5,2,60,10/17/2026,11/28/2026,0
4593,Booth,5,2,60,10/17/2026,11/28/2026,0
7420,Booth,5,1,60,10/17/2026,10/17/2026,0
2806,Booth,5,2,75,10/18/2026,11/29/2026,1
3432,Booth,5,2,60,10/18/2026,11/29/2026,0
1508,Booth,5,2,60,10/19/2026,11/30/2026,0
1915,Booth,6,2,60,10/19/2026,11/30/2026,0
5575,Booth,5,2,60,10/19/2026,11/30/2026,0
8261,Booth,5,2,60,10/19/2026,11/30/2026,0
9596,Booth,5,2,60,10/19/2026,11/30/2026,0
1921,Booth,5,2,60,10/20/2026,12/01/2026,0
2152,Booth,5,2,60,10/20/2026,12/01/2026,0
3673,Booth,5,2,60,10/20/2026,12/01/2026,0
5556,Booth,5,2,60,10/20/2026,12/01/2026,0
9385,Booth,5,2,60,10/20/2026,12/01/2026,0
9817,Booth,5,2,60,10/20/2026,12/01/2026,0
3437,Booth,5,2,180,10/21/2026,12/02/2026,0
3715,Room,5,2,60,10/21/2026,12/02/2026,0
5721,Booth,5,2,60,10/21/2026,12/02/2026,0
6223,Booth,5,2,90,10/21/2026,12/02/2026,0
7021,Room,5,2,60,10/21/2026,12/02/2026,0
7892,Booth,5,2,60,10/21/2026,12/02/2026,0
8655,Booth,5,2,60,10/21/2026,12/02/2026,0
3895,Booth,5,2,60,10/22/2026,12/03/2026,0
7914,Booth,5,2,60,10/22/2026,12/03/2026,0
8274,Booth,5,2,60,10/22/2026,12/03/2026,0
8496,Room,5,2,60,10/22/2026,12/03/2026,0
656,Booth,5,2,60,10/23/2026,12/04/2026,0
1968,Booth,5,2,60,10/23/2026,12/04/2026,0
6316,Booth,5,2,60,10/23/2026,12/04/2026,0
7872,Booth,5,2,60,10/23/2026,12/04/2026,0
8570,Room,5,3,60,10/23/2026,11/20/2026,0
2025,Booth,5,2,60,10/24/2026,12/05/2026,0
2279,Booth,5,2,60,10/24/2026,12/05/2026,0
2956,Booth,5,2,60,10/24/2026,12/05/2026,0
6126,Booth,5,2,60,10/24/2026,12/05/2026,0
9049,Booth,5,1,75,10/24/2026,10/24/2026,0
9330,Booth,5,2,60,10/24/2026,12/05/2026,0
584,Booth,5,2,60,10/25/2026,12/06/2026,0
1922,Room,5,2,60,10/25/2026,12/06/2026,0
3482,Booth,5,2,60,10/25/2026,12/06/2026,0
4132,Room,5,2,60,10/25/2026,12/06/2026,0
5191,Booth,5,2,60,10/25/2026,12/06/2026,0
6312,Booth,5,2,105,10/25/2026,12/06/2026,0
8180,Booth,5,2,60,10/25/2026,12/06/2026,0
969,Booth,5,2,60,10/26/2026,12/07/2026,0
2558,Booth,5,2,60,10/26/2026,12/07/2026,0
4948,Booth,5,2,60,10/26/2026,12/07/2026,0
8966,Booth,5,1,90,10/26/2026,10/26/2026,0
9315,Booth,5,2,105,10/26/2026,12/07/2026,0
1014,Room,5,2,60,10/27/2026,12/08/2026,0
1537,Booth,5,3,60,10/27/2026,11/24/2026,0
2420,Room,5,2,60,10/27/2026,12/08/2026,0
2597,Booth,5,2,60,10/27/2026,12/08/2026,0
3143,Room,5,2,60,10/27/2026,12/08/2026,0
8050,Booth,5,2,60,10/27/2026,12/08/2026,0
11,Booth,5,2,60,10/28/2026,12/09/2026,0
7986,Booth,5,2,60,10/28/2026,12/09/2026,0
9683,Booth,5,2,60,10/28/2026,12/09/2026,0
9877,Booth,5,2,60,10/28/2026,12/09/2026,0
9908,Booth,5,3,60,10/28/2026,11/25/2026,0
2316,Booth,5,2,60,10/29/2026,12/10/2026,0
2471,Booth,5,2,180,10/29/2026,12/10/2026,0
4668,Booth,5,2,60,10/29/2026,12/10/2026,1
4734,Booth,5,2,60,10/29/2026,12/10/2026,0
7954,Room,5,1,60,10/30/2026,10/30/2026,0
8002,Booth,5,2,60,10/30/2026,12/11/2026,0
445,Booth,5,2,60,10/31/2026,12/12/2026,0
4207,Booth,5,2,60,10/31/2026,12/12/2026,0
6228,Booth,5,2,60,10/31/2026,12/12/2026,0
9946,Booth,5,2,60,10/31/2026,12/12/2026,0
623,Booth,5,2,60,11/01/2026,12/13/2026,0
1584,Booth,5,2,60,11/01/2026,12/13/2026,0
2221,Booth,5,2,60,11/01/2026,12/13/2026,0
3603,Booth,5,2,60,11/01/2026,12/13/2026,0
4505,Room,5,2,60,11/01/2026,12/13/2026,0
4753,Booth,5,2,60,11/01/2026,12/13/2026,0
5704,Booth,5,2,105,11/01/2026,12/13/2026,0
5973,Booth,5,2,60,11/01/2026,12/13/2026,0
6951,Booth,5,2,60,11/01/2026,12/13/2026,0
7001,Booth,5,2,60,11/01/2026,12/13/2026,0
7231,Booth,5,2,60,11/01/2026,12/13/2026,0
3575,Booth,5,2,60,11/02/2026,12/14/2026,1
355,Booth,5,2,75,11/03/2026,12/15/2026,0
507,Booth,5,2,60,11/03/2026,12/15/2026,0
911,Booth,5,2,60,11/03/2026,12/15/2026,0
3060,Booth,5,2,60,11/03/2026,12/15/2026,0
3191,Booth,5,2,60,11/03/2026,12/15/2026,0
3606,Booth,5,2,60,11/03/2026,12/15/2026,0
6709,Booth,5,2,60,11/03/2026,12/15/2026,0
8024,Room,5,2,60,11/03/2026,12/15/2026,0
8323,Booth,5,2,60,11/03/2026,12/15/2026,0
8518,Booth,5,2,60,11/04/2026,12/16/2026,0
9653,Booth,5,2,60,11/04/2026,12/16/2026,0
1022,Booth,5,2,60,11/05/2026,12/17/2026,0
1660,Booth,5,2,60,11/05/2026,12/17/2026,0
2078,Booth,5,2,60,11/05/2026,12/17/2026,0
2611,Booth,5,2,60,11/05/2026,12/17/2026,0
5529,Booth,5,2,60,11/05/2026,12/17/2026,0
5946,Room,5,2,105,11/05/2026,12/17/2026,0
6785,Room,5,2,60,11/05/2026,12/17/2026,0
9405,Booth,5,2,30,11/05/2026,12/17/2026,0
9474,Booth,5,2,60,11/05/2026,12/17/2026,0
1388,Booth,5,2,60,11/06/2026,12/18/2026,0
1662,Booth,5,2,60,11/06/2026,12/18/2026,0
1834,Booth,6,2,60,11/06/2026,12/18/2026,0
3158,Room,5,2,30,11/06/2026,12/18/2026,0
5137,Booth,7,2,60,11/06/2026,12/18/2026,0
6035,Room,5,2,60,11/06/2026,12/18/2026,0
8637,Booth,5,2,60,11/06/2026,12/18/2026,0
9402,Booth,5,2,60,11/06/2026,12/18/2026,0
2323,Booth,5,1,60,11/07/2026,11/07/2026,0
3426,Booth,5,2,60,11/07/2026,12/19/2026,0
4412,Booth,5,2,60,11/07/2026,12/19/2026,0
5124,Booth,5,1,60,11/07/2026,11/07/2026,0
5742,Booth,5,2,60,11/07/2026,12/19/2026,1
6929,Booth,5,2,60,11/07/2026,12/19/2026,0
8380,Booth,5,2,60,11/07/2026,12/19/2026,0
9690,Booth,5,2,210,11/07/2026,12/19/2026,0
1574,Booth,5,3,60,11/08/2026,12/06/2026,0
2212,Booth,5,2,15,11/08/2026,12/20/2026,0
3699,Booth,5,2,60,11/08/2026,12/20/2026,0
4156,Booth,5,2,60,11/08/2026,12/20/2026,0
5497,Booth,5,2,60,11/08/2026,12/20/2026,0
209,Booth,5,2,60,11/09/2026,12/21/2026,0
216,Room,5,2,60,11/09/2026,12/21/2026,0
1328,Booth,5,2,60,11/09/2026,12/21/2026,0
4119,Room,5,2,60,11/09/2026,12/21/2026,0
4519,Booth,5,2,60,11/09/2026,12/21/2026,0
5182,Booth,6,2,60,11/09/2026,12/21/2026,0
5289,Booth,5,2,60,11/09/2026,12/21/2026,0
5609,Booth,5,2,60,11/09/2026,12/21/2026,0
6166,Booth,5,2,60,11/09/2026,12/21/2026,0
9830,Booth,5,2,60,11/09/2026,12/21/2026,0
9843,Booth,5,1,60,11/09/2026,11/09/2026,0
195,Booth,5,2,60,11/10/2026,12/22/2026,0
2897,Booth,5,2,105,11/10/2026,12/22/2026,0
4188,Booth,5,2,60,11/10/2026,12/22/2026,0
5125,Booth,5,2,60,11/10/2026,12/22/2026,0
6194,Booth,5,2,60,11/10/2026,12/22/2026,1
7730,Booth,5,2,60,11/10/2026,12/22/2026,0
315,Booth,5,2,60,11/11/2026,12/23/2026,0
695,Booth,5,2,60,11/11/2026,12/23/2026,0
729,Booth,5,2,60,11/11/2026,12/23/2026,0
815,Booth,5,2,60,11/11/2026,12/23/2026,0
3350,Booth,5,2,60,11/11/2026,12/23/2026,0
4419,Booth,5,2,60,11/11/2026,12/23/2026,0
5245,Booth,5,1,60,11/11/2026,11/11/2026,0
6488,Booth,5,2,60,11/11/2026,12/23/2026,0
1522,Booth,5,2,60,11/12/2026,12/24/2026,0
1712,Booth,5,1,60,11/12/2026,11/12/2026,0
3531,Booth,5,2,60,11/12/2026,12/24/2026,0
4623,Booth,5,2,60,11/12/2026,12/24/2026,0
5648,Room,5,2,60,11/12/2026,12/24/2026,0
8622,Booth,5,2,210,11/12/2026,12/24/2026,0
9876,Booth,5,2,60,11/12/2026,12/24/2026,0
2880,Booth,5,2,60,11/13/2026,12/25/2026,0
3070,Booth,5,2,75,11/13/2026,12/25/2026,0
7890,Booth,5,2,60,11/13/2026,12/25/2026,0
8588,Booth,5,2,60,11/13/2026,12/25/2026,0
9240,Booth,5,2,180,11/13/2026,12/25/2026,0
1460,Room,6,2,15,11/14/2026,12/26/2026,0
2588,Booth,5,2,60,11/14/2026,12/26/2026,0
3055,Booth,6,3,60,11/14/2026,12/12/2026,0
5400,Booth,5,2,60,11/14/2026,12/26/2026,0
9901,Booth,5,2,60,11/14/2026,12/26/2026,0
3745,Booth,5,2,60,11/15/2026,12/27/2026,0
6441,Booth,5,2,60,11/15/2026,12/27/2026,0
8552,Booth,5,2,60,11/15/2026,12/27/2026,0
9569,Room,5,2,60,11/15/2026,12/27/2026,0
3269,Booth,5,2,60,11/16/2026,12/28/2026,0
4204,Booth,5,2,60,11/16/2026,12/28/2026,0
4887,Booth,5,2,60,11/16/2026,12/28/2026,0
6992,Booth,5,2,60,11/16/2026,12/28/2026,0
8363,Booth,5,2,60,11/16/2026,12/28/2026,0
590,Booth,5,2,60,11/17/2026,12/29/2026,1
1924,Booth,5,2,60,11/17/2026,12/29/2026,0
2312,Booth,5,2,60,11/17/2026,12/29/2026,0
2906,Booth,6,2,60,11/17/2026,12/29/2026,0
5187,Booth,5,2,60,11/17/2026,12/29/2026,0
5601,Booth,5,2,60,11/17/2026,12/29/2026,0
5764,Booth,5,2,60,11/17/2026,12/29/2026,0
6612,Room,5,2,60,11/17/2026,12/29/2026,0
9196,Booth,5,2,210,11/17/2026,12/29/2026,0
9880,Room,5,2,60,11/17/2026,12/29/2026,0
599,Room,5,2,60,11/18/2026,12/30/2026,0
3066,Booth,5,2,60,11/18/2026,12/30/2026,0
4376,Booth,5,1,60,11/18/2026,11/18/2026,0
4451,Booth,5,2,60,11/18/2026,12/30/2026,0
5148,Booth,5,2,60,11/18/2026,12/30/2026,0
5751,Room,5,1,75,11/18/2026,11/18/2026,0
8308,Booth,5,2,60,11/18/2026,12/30/2026,0
978,Booth,5,2,60,11/19/2026,12/31/2026,0
1407,Booth,5,2,60,11/19/2026,12/31/2026,0
1992,Booth,5,2,60,11/19/2026,12/31/2026,0
3253,Booth,5,2,60,11/19/2026,12/31/2026,0
4345,Room,5,2,60,11/19/2026,12/31/2026,0
5566,Booth,5,2,60,11/19/2026,12/31/2026,0
6456,Booth,5,2,60,11/19/2026,12/31/2026,0
7081,Booth,5,2,60,11/19/2026,12/31/2026,0
7403,Booth,5,2,60,11/19/2026,12/31/2026,0
2527,Booth,5,1,60,11/20/2026,11/20/2026,0
5489,Booth,5,2,60,11/20/2026,01/01/2027,0
6076,Room,5,2,60,11/20/2026,01/01/2027,0
6670,Booth,5,3,60,11/20/2026,12/18/2026,0
8405,Booth,5,2,60,11/21/2026,01/02/2027,0
9544,Booth,5,2,60,11/21/2026,01/02/2027,0
9697,Room,5,2,60,11/21/2026,01/02/2027,0
1025,Booth,5,2,60,11/22/2026,01/03/2027,0
1347,Room,5,2,60,11/22/2026,01/03/2027,0
2693,Room,5,2,105,11/22/2026,01/03/2027,0
5054,Booth,5,2,60,11/22/2026,01/03/2027,0
739,Booth,5,2,60,11/23/2026,01/04/2027,0
1139,Booth,5,2,60,11/23/2026,01/04/2027,0
1275,Booth,5,2,60,11/23/2026,01/04/2027,0
2069,Room,5,2,60,11/23/2026,01/04/2027,0
2940,Booth,5,2,105,11/23/2026,01/04/2027,0
7784,Booth,5,2,60,11/23/2026,01/04/2027,0
8331,Booth,5,2,60,11/23/2026,01/04/2027,0
2110,Booth,5,2,60,11/24/2026,01/05/2027,0
5299,Booth,5,3,60,11/24/2026,12/22/2026,0
5524,Booth,5,2,60,11/24/2026,01/05/2027,1
6619,Booth,5,2,60,11/24/2026,01/05/2027,1
7659,Booth,5,2,60,11/24/2026,01/05/2027,0
91,Booth,5,2,60,11/25/2026,01/06/2027,0
1640,Booth,5,2,60,11/25/2026,01/06/2027,0
1965,Booth,5,2,60,11/25/2026,01/06/2027,0
2136,Booth,5,2,60,11/25/2026,01/06/2027,0
2958,Booth,5,2,60,11/25/2026,01/06/2027,0
4103,Booth,5,2,60,11/25/2026,01/06/2027,0
4111,Booth,5,2,60,11/25/2026,01/06/2027,0
6471,Booth,5,2,60,11/25/2026,01/06/2027,0
3118,Booth,5,2,60,11/26/2026,01/07/2027,0
4688,Booth,5,2,60,11/26/2026,01/07/2027,0
6850,Booth,5,2,105,11/26/2026,01/07/2027,0
9586,Booth,5,2,60,11/26/2026,01/07/2027,0
2270,Booth,5,2,60,11/27/2026,01/08/2027,0
2293,Booth,5,2,60,11/27/2026,01/08/2027,0
2853,Booth,5,2,60,11/27/2026,01/08/2027,0
6684,Booth,5,2,60,11/27/2026,01/08/2027,0
8272,Booth,6,1,60,11/27/2026,11/27/2026,0
1187,Room,5,2,30,11/28/2026,01/09/2027,0
2866,Booth,5,2,60,11/28/2026,01/09/2027,0
3261,Booth,5,2,60,11/28/2026,01/09/2027,0
4943,Booth,6,2,60,11/28/2026,01/09/2027,0
5198,Booth,5,2,60,11/28/2026,01/09/2027,0
657,Booth,5,2,60,11/29/2026,01/10/2027,0
974,Booth,5,2,60,11/29/2026,01/10/2027,0
3594,Booth,5,2,60,11/29/2026,01/10/2027,0
5293,Booth,5,2,60,11/29/2026,01/10/2027,0
6554,Booth,5,2,60,11/29/2026,01/10/2027,0
7147,Booth,5,2,60,11/29/2026,01/10/2027,0
8889,Booth,5,1,60,11/29/2026,11/29/2026,0
8628,Booth,5,2,60,11/30/2026,01/11/2027,0
8764,Booth,5,2,60,11/30/2026,01/11/2027,0
106,Room,5,2,60,12/01/2026,01/12/2027,0
687,Booth,5,2,60,12/01/2026,01/12/2027,0
3267,Booth,5,2,60,12/01/2026,01/12/2027,0
3742,Booth,5,3,60,12/01/2026,12/29/2026,0
6025,Booth,5,2,60,12/01/2026,01/12/2027,0
7009,Room,5,2,60,12/01/2026,01/12/2027,0
7407,Booth,5,2,60,12/01/2026,01/12/2027,0
1867,Room,5,2,60,12/02/2026,1/13/2027,0
5562,Booth,5,2,75,12/02/2026,1/13/2027,0
7807,Booth,5,2,60,12/02/2026,1/13/2027,0
8140,Booth,5,2,60,12/02/2026,1/13/2027,0
8881,Room,5,2,60,12/02/2026,1/13/2027,0
10,Booth,5,2,60,12/03/2026,1/14/2027,0
326,Booth,5,2,60,12/03/2026,1/14/2027,0
725,Booth,5,2,60,12/03/2026,1/14/2027,0
6565,Booth,5,2,210,12/03/2026,1/14/2027,0
7626,Booth,5,2,60,12/03/2026,1/14/2027,0
488,Booth,5,2,60,12/04/2026,1/15/2027,0
1244,Booth,5,2,60,12/04/2026,1/15/2027,0
4147,Booth,5,2,60,12/04/2026,1/15/2027,0
5622,Booth,5,2,60,12/04/2026,1/15/2027,0
6161,Booth,5,2,60,12/04/2026,1/15/2027,0
6802,Room,5,3,60,12/04/2026,01/01/2027,0
8858,Booth,5,2,60,12/04/2026,1/15/2027,0
9339,Booth,5,2,60,12/04/2026,1/15/2027,0
905,Booth,5,2,60,12/05/2026,1/16/2027,0
3544,Booth,5,2,60,12/05/2026,1/16/2027,1
4085,Booth,5,2,60,12/05/2026,1/16/2027,0
7849,Booth,5,2,60,12/05/2026,1/16/2027,0
8584,Booth,5,2,60,12/05/2026,1/16/2027,0
9692,Booth,5,2,60,12/05/2026,1/16/2027,0
299,Room,5,2,60,12/06/2026,1/17/2027,0
1713,Booth,5,2,60,12/06/2026,1/17/2027,1
2733,Booth,5,2,60,12/06/2026,1/17/2027,0
4636,Booth,5,2,60,12/06/2026,1/17/2027,0
5570,Booth,5,2,60,12/06/2026,1/17/2027,0
9186,Booth,5,3,60,12/06/2026,01/03/2027,0
950,Room,5,2,60,12/07/2026,1/18/2027,0
2192,Booth,5,2,60,12/07/2026,1/18/2027,0
2536,Booth,5,2,60,12/07/2026,1/18/2027,0
2899,Booth,5,2,60,12/07/2026,1/18/2027,0
2905,Booth,5,2,90,12/07/2026,1/18/2027,0
5038,Room,5,2,60,12/07/2026,1/18/2027,0
6871,Room,5,2,60,12/07/2026,1/18/2027,0
7667,Room,5,2,60,12/07/2026,1/18/2027,0
8610,Booth,5,2,60,12/07/2026,1/18/2027,0
9353,Booth,5,2,75,12/07/2026,1/18/2027,0
9981,Booth,5,1,105,12/07/2026,12/07/2026,0
3782,Booth,5,1,60,12/08/2026,12/08/2026,0
6534,Booth,5,2,60,12/08/2026,1/19/2027,0
552,Booth,5,2,60,12/09/2026,1/20/2027,0
4138,Booth,5,2,60,12/09/2026,1/20/2027,0
4560,Booth,5,2,60,12/09/2026,1/20/2027,0
7341,Booth,5,2,105,12/09/2026,1/20/2027,0
7935,Booth,5,2,60,12/09/2026,1/20/2027,0
8227,Booth,5,3,15,12/09/2026,01/06/2027,0
9046,Booth,5,2,60,12/09/2026,1/20/2027,0
3005,Booth,5,2,60,12/10/2026,1/21/2027,0
3170,Booth,5,1,60,12/10/2026,12/10/2026,0
4384,Booth,5,2,60,12/10/2026,1/21/2027,1
5513,Booth,5,2,60,12/10/2026,1/21/2027,0
6365,Room,5,2,60,12/10/2026,1/21/2027,0
166,Booth,5,2,105,12/11/2026,1/22/2027,0
213,Booth,5,2,60,12/11/2026,1/22/2027,1
1024,Booth,5,2,60,12/11/2026,1/22/2027,0
1063,Booth,5,2,60,12/11/2026,1/22/2027,0
4326,Booth,5,2,60,12/11/2026,1/22/2027,0
4838,Booth,5,2,60,12/11/2026,1/22/2027,0
5490,Booth,5,2,60,12/11/2026,1/22/2027,0
6656,Booth,5,2,60,12/11/2026,1/22/2027,0
6829,Booth,5,2,60,12/11/2026,1/22/2027,0
9501,Booth,5,1,60,12/11/2026,12/11/2026,0
875,Booth,5,2,60,12/12/2026,1/23/2027,0
1078,Booth,5,2,60,12/12/2026,1/23/2027,0
1361,Booth,5,2,60,12/12/2026,1/23/2027,0
2170,Booth,5,2,60,12/12/2026,1/23/2027,0
2895,Booth,5,2,60,12/12/2026,1/23/2027,0
8725,Booth,5,2,105,12/12/2026,1/23/2027,0
9835,Booth,5,2,60,12/12/2026,1/23/2027,0
3956,Booth,5,2,180,12/13/2026,1/24/2027,0
6289,Booth,5,2,60,12/13/2026,1/24/2027,0
7288,Booth,5,2,60,12/13/2026,1/24/2027,0
7702,Booth,5,2,60,12/13/2026,1/24/2027,1
9338,Booth,5,2,60,12/13/2026,1/24/2027,1
4260,Booth,5,2,60,12/14/2026,1/25/2027,0
4575,Booth,5,2,60,12/14/2026,1/25/2027,0
6538,Booth,5,2,60,12/14/2026,1/25/2027,0
8577,Booth,5,2,60,12/14/2026,1/25/2027,0
1368,Room,5,2,60,12/15/2026,1/26/2027,0
2591,Room,5,2,60,12/15/2026,1/26/2027,0
3573,Room,5,2,60,12/15/2026,1/26/2027,0
3658,Booth,5,2,60,12/15/2026,1/26/2027,0
4130,Booth,5,2,15,12/15/2026,1/26/2027,0
7469,Booth,5,3,60,12/15/2026,01/12/2027,1
8877,Booth,5,2,60,12/15/2026,1/26/2027,0
757,Booth,5,2,60,12/16/2026,1/27/2027,0
1204,Booth,5,2,60,12/16/2026,1/27/2027,0
5330,Booth,5,2,60,12/16/2026,1/27/2027,0
5558,Booth,5,2,60,12/16/2026,1/27/2027,0
7956,Booth,6,2,60,12/16/2026,1/27/2027,0
8630,Booth,5,2,60,12/16/2026,1/27/2027,0
3616,Booth,5,2,60,12/17/2026,1/28/2027,0
4262,Booth,6,2,60,12/17/2026,1/28/2027,0
8163,Room,6,2,60,12/17/2026,1/28/2027,0
8402,Booth,5,2,75,12/17/2026,1/28/2027,0
8841,Booth,5,2,60,12/17/2026,1/28/2027,0
8850,Booth,5,2,60,12/17/2026,1/28/2027,0
8932,Booth,5,2,60,12/17/2026,1/28/2027,0
120,Booth,5,2,60,12/18/2026,1/29/2027,0
1741,Booth,5,2,60,12/18/2026,1/29/2027,0
4159,Booth,5,2,60,12/18/2026,1/29/2027,0
4678,Booth,5,2,60,12/18/2026,1/29/2027,0
6791,Booth,5,2,60,12/18/2026,1/29/2027,0
7536,Booth,5,2,60,12/18/2026,1/29/2027,0
8351,Booth,6,2,105,12/18/2026,1/29/2027,0
819,Booth,6,2,60,12/19/2026,1/30/2027,0
3076,Booth,5,2,60,12/19/2026,1/30/2027,0
3527,Room,5,2,60,12/19/2026,1/30/2027,0
6768,Booth,5,2,60,12/19/2026,1/30/2027,0
9585,Booth,5,2,60,12/19/2026,1/30/2027,0
9699,Booth,5,2,60,12/19/2026,1/30/2027,0
959,Booth,5,2,60,12/20/2026,1/31/2027,0
1421,Booth,5,2,60,12/20/2026,1/31/2027,0
2037,Booth,5,2,105,12/20/2026,1/31/2027,0
2820,Booth,5,2,60,12/20/2026,1/31/2027,0
8804,Booth,5,2,60,12/20/2026,1/31/2027,0
9412,Room,5,2,60,12/20/2026,1/31/2027,0
366,Booth,5,2,60,12/21/2026,02/01/2027,0
2121,Booth,5,2,60,12/21/2026,02/01/2027,0
2515,Room,5,2,60,12/21/2026,02/01/2027,0
4766,Booth,5,2,60,12/21/2026,02/01/2027,0
5005,Booth,5,2,60,12/21/2026,02/01/2027,0
7546,Booth,5,2,60,12/21/2026,02/01/2027,0
46,Booth,5,2,60,12/22/2026,02/02/2027,0
1039,Booth,5,2,60,12/22/2026,02/02/2027,0
1153,Booth,5,2,60,12/22/2026,02/02/2027,0
3237,Booth,5,2,60,12/22/2026,02/02/2027,0
6754,Booth,5,2,60,12/22/2026,02/02/2027,0
7535,Booth,5,2,75,12/22/2026,02/02/2027,0
2573,Booth,5,2,60,12/23/2026,02/03/2027,0
6243,Room,6,2,60,12/23/2026,02/03/2027,0
6931,Booth,5,3,60,12/23/2026,1/20/2027,0
8925,Booth,5,3,60,12/23/2026,1/20/2027,0
249,Booth,5,2,60,12/24/2026,02/04/2027,1
388,Booth,5,2,60,12/24/2026,02/04/2027,0
994,Booth,5,2,60,12/24/2026,02/04/2027,0
1912,Booth,5,2,60,12/24/2026,02/04/2027,0
1929,Booth,5,1,60,12/24/2026,12/24/2026,0
2412,Booth,5,2,105,12/24/2026,02/04/2027,0
3697,Booth,5,2,60,12/24/2026,02/04/2027,0
4788,Booth,5,2,60,12/24/2026,02/04/2027,0
9839,Booth,5,1,60,12/24/2026,12/24/2026,0
622,Booth,5,2,15,12/25/2026,02/05/2027,0
3911,Booth,5,2,60,12/25/2026,02/05/2027,0
4349,Booth,5,2,60,12/25/2026,02/05/2027,0
4990,Booth,5,2,60,12/25/2026,02/05/2027,0
6749,Room,5,2,60,12/25/2026,02/05/2027,0
8924,Booth,5,2,60,12/25/2026,02/05/2027,0
9517,Room,5,2,60,12/25/2026,02/05/2027,0
1926,Booth,5,2,60,12/26/2026,02/06/2027,0
2331,Booth,5,2,60,12/26/2026,02/06/2027,0
3748,Booth,5,2,60,12/26/2026,02/06/2027,0
4846,Booth,5,2,60,12/26/2026,02/06/2027,0
6164,Booth,5,2,60,12/26/2026,02/06/2027,0
7270,Booth,5,2,60,12/26/2026,02/06/2027,0
5,Room,5,2,60,12/27/2026,02/07/2027,0
396,Booth,5,2,105,12/27/2026,02/07/2027,0
809,Booth,5,2,60,12/27/2026,02/07/2027,0
3820,Booth,5,2,60,12/27/2026,02/07/2027,0
841,Booth,5,2,60,12/28/2026,02/08/2027,0
4577,Booth,5,2,60,12/28/2026,02/08/2027,0
5761,Booth,5,2,60,12/28/2026,02/08/2027,0
6558,Booth,5,3,105,12/28/2026,1/25/2027,0
9959,Booth,5,2,210,12/28/2026,02/08/2027,0
435,Booth,5,2,60,12/29/2026,02/09/2027,0
1211,Booth,6,2,60,12/29/2026,02/09/2027,0
1232,Booth,5,2,60,12/29/2026,02/09/2027,0
4389,Booth,5,2,60,12/29/2026,02/09/2027,0
4663,Booth,5,2,60,12/29/2026,02/09/2027,0
5178,Booth,5,2,60,12/29/2026,02/09/2027,0
6242,Booth,5,2,60,12/29/2026,02/09/2027,0
6258,Booth,5,2,60,12/29/2026,02/09/2027,0
6691,Room,5,2,60,12/29/2026,02/09/2027,1
6901,Booth,5,2,60,12/29/2026,02/09/2027,0
8682,Booth,5,2,210,12/29/2026,02/09/2027,0
1452,Booth,5,2,60,12/30/2026,02/10/2027,0
6840,Booth,5,2,60,12/30/2026,02/10/2027,0
7101,Booth,5,2,105,12/30/2026,02/10/2027,0
7871,Booth,6,2,60,12/30/2026,02/10/2027,0
8102,Room,5,2,60,12/30/2026,02/10/2027,0
900,Booth,5,2,60,12/31/2026,02/11/2027,0
1486,Booth,5,2,60,12/31/2026,02/11/2027,0
7326,Booth,5,2,90,12/31/2026,02/11/2027,0
9420,Room,5,2,60,12/31/2026,02/11/2027,0
1800,Booth,5,3,60,01/01/2027,1/29/2027,0
2158,Booth,6,2,15,01/01/2027,02/12/2027,1
2824,Booth,5,2,60,01/01/2027,02/12/2027,0
3684,Booth,5,2,60,01/01/2027,02/12/2027,0
4435,Booth,5,2,30,01/01/2027,02/12/2027,0
5230,Booth,5,2,60,01/01/2027,02/12/2027,0
2555,Booth,5,2,60,01/02/2027,2/13/2027,0
2989,Booth,5,2,60,01/02/2027,2/13/2027,0
3692,Booth,5,2,60,01/02/2027,2/13/2027,1
7934,Booth,5,2,60,01/02/2027,2/13/2027,0
8714,Booth,5,2,60,01/02/2027,2/13/2027,0
8834,Booth,5,2,60,01/02/2027,2/13/2027,0
8886,Booth,5,2,60,01/02/2027,2/13/2027,0
9618,Booth,5,2,60,01/02/2027,2/13/2027,0
139,Room,5,2,60,01/03/2027,2/14/2027,0
1371,Booth,5,2,60,01/03/2027,2/14/2027,1
3425,Booth,5,2,60,01/03/2027,2/14/2027,0
4828,Booth,5,2,60,01/03/2027,2/14/2027,0
4876,Booth,5,2,60,01/03/2027,2/14/2027,0
9900,Booth,5,1,60,01/03/2027,01/03/2027,0
83,Booth,5,2,60,01/04/2027,2/15/2027,0
1425,Booth,5,2,60,01/04/2027,2/15/2027,0
3558,Booth,5,2,105,01/04/2027,2/15/2027,0
3862,Booth,5,2,60,01/04/2027,2/15/2027,0
6688,Room,5,2,60,01/04/2027,2/15/2027,0
7957,Booth,5,2,60,01/04/2027,2/15/2027,0
8373,Booth,5,2,60,01/04/2027,2/15/2027,0
8869,Booth,5,2,60,01/04/2027,2/15/2027,0
9890,Room,5,2,60,01/04/2027,2/15/2027,0
5095,Booth,5,2,180,01/05/2027,2/16/2027,0
5175,Booth,6,2,60,01/05/2027,2/16/2027,0
6102,Booth,5,2,60,01/05/2027,2/16/2027,0
6285,Booth,5,2,60,01/05/2027,2/16/2027,0
7771,Booth,5,2,60,01/05/2027,2/16/2027,0
2145,Room,5,2,60,01/06/2027,2/17/2027,0
4371,Booth,5,2,60,01/06/2027,2/17/2027,0
5496,Booth,5,2,60,01/06/2027,2/17/2027,0
6355,Booth,5,2,60,01/06/2027,2/17/2027,0
8447,Booth,5,2,60,01/06/2027,2/17/2027,0
9137,Booth,5,2,60,01/06/2027,2/17/2027,0
1466,Booth,5,2,60,01/07/2027,2/18/2027,0
6377,Booth,5,2,105,01/07/2027,2/18/2027,0
8650,Booth,5,2,60,01/07/2027,2/18/2027,0
9324,Booth,5,2,60,01/07/2027,2/18/2027,0
9601,Room,5,2,60,01/07/2027,2/18/2027,0
9884,Room,5,2,60,01/07/2027,2/18/2027,0
424,Booth,5,2,60,01/08/2027,2/19/2027,0
2319,Booth,5,2,60,01/08/2027,2/19/2027,0
6330,Booth,5,2,60,01/08/2027,2/19/2027,0
7237,Booth,6,2,60,01/08/2027,2/19/2027,0
7621,Booth,5,2,60,01/08/2027,2/19/2027,0
7971,Booth,5,2,60,01/08/2027,2/19/2027,0
1657,Booth,5,2,60,01/09/2027,2/20/2027,0
1720,Booth,5,2,60,01/09/2027,2/20/2027,0
2026,Booth,5,2,60,01/09/2027,2/20/2027,0
4059,Booth,5,2,60,01/09/2027,2/20/2027,0
4231,Booth,5,2,60,01/09/2027,2/20/2027,0
4370,Booth,5,2,60,01/09/2027,2/20/2027,0
9870,Booth,5,2,60,01/09/2027,2/20/2027,0
136,Booth,5,2,75,01/10/2027,2/21/2027,0
3088,Booth,5,2,60,01/10/2027,2/21/2027,0
3595,Room,5,2,60,01/10/2027,2/21/2027,0
4823,Booth,5,2,60,01/10/2027,2/21/2027,0
407,Booth,5,2,60,01/11/2027,2/22/2027,0
7431,Booth,6,2,60,01/11/2027,2/22/2027,0
1514,Booth,5,2,60,01/12/2027,2/23/2027,0
3732,Booth,5,2,60,01/12/2027,2/23/2027,0
7299,Booth,5,2,60,01/12/2027,2/23/2027,0
2066,Booth,5,2,60,1/13/2027,2/24/2027,0
2443,Booth,5,2,90,1/13/2027,2/24/2027,0
8336,Room,6,2,60,1/13/2027,2/24/2027,0
8708,Booth,5,2,60,1/13/2027,2/24/2027,0
8777,Booth,5,2,60,1/13/2027,2/24/2027,0
9638,Booth,5,2,60,1/13/2027,2/24/2027,0
2149,Booth,5,2,60,1/14/2027,2/25/2027,0
4133,Booth,5,2,60,1/14/2027,2/25/2027,0
6454,Booth,5,2,60,1/14/2027,2/25/2027,0
7083,Booth,5,2,60,1/14/2027,2/25/2027,0
7502,Room,5,2,75,1/14/2027,2/25/2027,0
8078,Booth,5,1,60,1/14/2027,1/14/2027,0
4810,Booth,5,2,60,1/15/2027,2/26/2027,0
5669,Booth,6,2,60,1/15/2027,2/26/2027,0
6361,Booth,5,2,60,1/15/2027,2/26/2027,0
89,Booth,5,2,60,1/16/2027,2/27/2027,0
2233,Booth,5,2,60,1/16/2027,2/27/2027,0
3011,Booth,5,2,60,1/16/2027,2/27/2027,0
5410,Booth,5,2,60,1/16/2027,2/27/2027,0
8977,Booth,6,2,60,1/16/2027,2/27/2027,0
9999,Booth,5,2,60,1/16/2027,2/27/2027,0
361,Booth,5,2,60,1/17/2027,2/28/2027,0
3753,Booth,5,2,60,1/17/2027,2/28/2027,0
5251,Booth,5,2,60,1/17/2027,2/28/2027,0
5573,Booth,5,2,60,1/17/2027,2/28/2027,0
9376,Booth,5,2,60,1/17/2027,2/28/2027,0
302,Booth,5,2,60,1/18/2027,03/01/2027,0
1476,Booth,5,2,60,1/18/2027,03/01/2027,0
3120,Booth,5,2,60,1/18/2027,03/01/2027,0
6220,Booth,5,2,60,1/18/2027,03/01/2027,1
6352,Booth,6,2,105,1/18/2027,03/01/2027,0
6976,Booth,5,2,60,1/18/2027,03/01/2027,0
7097,Booth,5,1,60,1/18/2027,1/18/2027,0
8075,Booth,5,1,60,1/18/2027,1/18/2027,0
9419,Room,5,2,105,1/18/2027,03/01/2027,0
5213,Booth,5,2,60,1/19/2027,03/02/2027,0
5639,Booth,5,2,60,1/19/2027,03/02/2027,0
5956,Room,5,2,60,1/19/2027,03/02/2027,0
6360,Booth,5,2,60,1/19/2027,03/02/2027,0
6561,Booth,5,2,60,1/19/2027,03/02/2027,0
9411,Booth,5,2,60,1/19/2027,03/02/2027,0
790,Booth,5,2,60,1/20/2027,03/03/2027,0
5980,Booth,5,3,210,1/20/2027,2/17/2027,0
8559,Room,5,2,60,1/20/2027,03/03/2027,0
9401,Booth,5,2,60,1/20/2027,03/03/2027,0
9726,Booth,5,2,60,1/20/2027,03/03/2027,0
746,Booth,5,2,60,1/21/2027,03/04/2027,0
1278,Booth,5,2,60,1/21/2027,03/04/2027,0
4232,Booth,5,2,60,1/21/2027,03/04/2027,0
4298,Booth,5,2,105,1/21/2027,03/04/2027,0
6606,Booth,5,2,60,1/21/2027,03/04/2027,0
6771,Booth,5,2,60,1/21/2027,03/04/2027,0
6940,Room,6,2,60,1/21/2027,03/04/2027,0
7786,Booth,6,2,60,1/21/2027,03/04/2027,0
1318,Booth,5,2,60,1/22/2027,03/05/2027,0
1729,Booth,5,2,60,1/22/2027,03/05/2027,0
2883,Booth,5,2,60,1/22/2027,03/05/2027,0
4745,Booth,5,2,60,1/22/2027,03/05/2027,0
7542,Room,5,2,90,1/22/2027,03/05/2027,0
948,Booth,5,2,60,1/23/2027,03/06/2027,0
4228,Booth,5,2,60,1/23/2027,03/06/2027,0
5696,Booth,5,3,60,1/23/2027,2/20/2027,0
5885,Booth,5,2,60,1/23/2027,03/06/2027,0
6128,Booth,5,3,60,1/23/2027,2/20/2027,0
6863,Booth,5,2,105,1/23/2027,03/06/2027,0
7566,Booth,5,3,60,1/23/2027,2/20/2027,0
1290,Booth,5,2,60,1/24/2027,03/07/2027,0
4448,Booth,5,1,60,1/24/2027,1/24/2027,0
5248,Booth,5,2,60,1/24/2027,03/07/2027,0
5522,Booth,5,2,60,1/24/2027,03/07/2027,0
6475,Booth,5,2,60,1/24/2027,03/07/2027,0
7644,Booth,5,2,60,1/24/2027,03/07/2027,0
9408,Booth,5,1,60,1/24/2027,1/24/2027,0
2157,Booth,5,2,60,1/25/2027,03/08/2027,0
5386,Booth,5,2,60,1/25/2027,03/08/2027,1
7285,Booth,5,2,60,1/25/2027,03/08/2027,1
9125,Room,5,2,60,1/25/2027,03/08/2027,0
9217,Booth,5,2,30,1/25/2027,03/08/2027,0
9345,Booth,5,2,60,1/25/2027,03/08/2027,0
711,Booth,5,2,60,1/26/2027,03/09/2027,0
955,Booth,5,2,60,1/26/2027,03/09/2027,0
1348,Booth,5,2,60,1/26/2027,03/09/2027,0
3467,Booth,5,2,60,1/26/2027,03/09/2027,0
5396,Room,5,2,60,1/26/2027,03/09/2027,0
5550,Booth,5,2,60,1/26/2027,03/09/2027,0
2307,Room,5,2,60,1/27/2027,03/10/2027,0
4592,Room,5,2,210,1/27/2027,03/10/2027,0
4975,Room,5,2,60,1/27/2027,03/10/2027,0
5075,Room,5,2,60,1/27/2027,03/10/2027,0
6602,Booth,5,2,210,1/27/2027,03/10/2027,0
253,Booth,5,2,60,1/28/2027,03/11/2027,1
792,Booth,5,2,60,1/28/2027,03/11/2027,1
4565,Booth,5,2,60,1/28/2027,03/11/2027,0
5913,Booth,5,2,60,1/28/2027,03/11/2027,0
9180,Room,6,2,60,1/28/2027,03/11/2027,0
1146,Booth,5,2,60,1/29/2027,03/12/2027,0
6398,Booth,5,2,60,1/29/2027,03/12/2027,0
7844,Room,5,2,210,1/29/2027,03/12/2027,0
9437,Booth,5,2,60,1/29/2027,03/12/2027,0
9487,Booth,5,2,60,1/29/2027,03/12/2027,0
1498,Booth,5,2,60,1/30/2027,3/13/2027,0
2360,Booth,5,2,60,1/30/2027,3/13/2027,0
3416,Booth,5,2,60,1/30/2027,3/13/2027,0
3435,Booth,6,1,60,1/30/2027,1/30/2027,0
4665,Booth,5,2,60,1/30/2027,3/13/2027,0
4837,Booth,5,2,60,1/30/2027,3/13/2027,0
9123,Booth,5,2,60,1/30/2027,3/13/2027,0
4697,Booth,5,2,60,1/31/2027,3/14/2027,0
7486,Booth,5,2,30,1/31/2027,3/14/2027,0
553,Booth,5,2,60,02/01/2027,3/15/2027,0
797,Booth,5,3,60,02/01/2027,03/01/2027,0
1655,Room,5,2,60,02/01/2027,3/15/2027,0
2174,Booth,5,2,60,02/01/2027,3/15/2027,0
4360,Booth,5,2,60,02/01/2027,3/15/2027,0
7238,Booth,5,2,60,02/01/2027,3/15/2027,0
7652,Booth,5,3,60,02/01/2027,03/01/2027,0
7816,Booth,5,2,60,02/01/2027,3/15/2027,0
8302,Booth,5,2,60,02/01/2027,3/15/2027,0
1986,Booth,5,2,60,02/02/2027,3/16/2027,0
4235,Booth,5,2,60,02/02/2027,3/16/2027,0
8316,Booth,5,2,60,02/02/2027,3/16/2027,0
8656,Booth,5,2,60,02/02/2027,3/16/2027,0
1941,Booth,5,2,60,02/03/2027,3/17/2027,0
3175,Booth,5,2,60,02/03/2027,3/17/2027,0
4503,Booth,5,2,60,02/03/2027,3/17/2027,0
4561,Room,5,2,60,02/03/2027,3/17/2027,0
9300,Booth,5,2,60,02/03/2027,3/17/2027,0
9967,Room,5,2,60,02/03/2027,3/17/2027,0
9507,Booth,5,2,60,02/04/2027,3/18/2027,0
2289,Booth,5,2,60,02/05/2027,3/19/2027,0
7452,Booth,5,2,60,02/05/2027,3/19/2027,0
9169,Booth,5,2,60,02/05/2027,3/19/2027,0
411,Booth,5,2,60,02/06/2027,3/20/2027,0
4529,Booth,5,2,60,02/06/2027,3/20/2027,0
6165,Booth,5,2,75,02/06/2027,3/20/2027,0
1654,Room,6,2,60,02/07/2027,3/21/2027,0
3545,Booth,5,1,60,02/07/2027,02/07/2027,0
4328,Booth,5,2,60,02/07/2027,3/21/2027,1
6975,Booth,5,2,60,02/07/2027,3/21/2027,0
8567,Booth,5,2,60,02/07/2027,3/21/2027,0
9066,Booth,5,2,60,02/07/2027,3/21/2027,0
910,Booth,5,2,60,02/08/2027,3/22/2027,0
4853,Booth,5,2,60,02/08/2027,3/22/2027,0
6052,Booth,6,1,60,02/08/2027,02/08/2027,0
9540,Booth,5,2,60,02/08/2027,3/22/2027,0
1072,Booth,5,2,105,02/09/2027,3/23/2027,1
1242,Booth,5,2,60,02/09/2027,3/23/2027,0
1443,Booth,5,2,60,02/09/2027,3/23/2027,0
2793,Room,5,2,60,02/09/2027,3/23/2027,0
2928,Booth,5,3,30,02/09/2027,03/09/2027,0
7244,Booth,5,1,60,02/09/2027,02/09/2027,0
7564,Booth,5,2,60,02/09/2027,3/23/2027,0
9119,Room,5,2,60,02/09/2027,3/23/2027,0
9503,Booth,5,2,60,02/09/2027,3/23/2027,0
0,Booth,5,2,60,02/10/2027,3/24/2027,0
618,Booth,5,1,60,02/10/2027,02/10/2027,0
892,Room,5,2,60,02/10/2027,3/24/2027,0
1525,Booth,5,2,60,02/10/2027,3/24/2027,0
2385,Booth,5,2,60,02/10/2027,3/24/2027,0
5983,Booth,5,2,60,02/10/2027,3/24/2027,1
6391,Booth,6,2,60,02/10/2027,3/24/2027,0
8357,Booth,5,2,60,02/10/2027,3/24/2027,0
3116,Booth,5,1,60,02/11/2027,02/11/2027,0
3494,Booth,5,2,60,02/11/2027,3/25/2027,0
4191,Booth,5,2,105,02/11/2027,3/25/2027,0
6682,Booth,5,2,60,02/11/2027,3/25/2027,0
9913,Booth,5,2,60,02/11/2027,3/25/2027,0
514,Booth,5,2,60,02/12/2027,3/26/2027,0
3030,Booth,5,2,60,02/12/2027,3/26/2027,0
1305,Booth,5,2,60,2/13/2027,3/27/2027,0
5715,Booth,5,2,60,2/13/2027,3/27/2027,0
6770,Booth,5,2,60,2/13/2027,3/27/2027,0
8809,Room,5,3,60,2/13/2027,3/13/2027,0
333,Booth,5,2,75,2/14/2027,3/28/2027,0
1054,Booth,5,2,60,2/14/2027,3/28/2027,0
4365,Booth,5,2,60,2/14/2027,3/28/2027,0
5116,Booth,5,2,60,2/14/2027,3/28/2027,0
7040,Booth,5,2,60,2/14/2027,3/28/2027,0
8717,Booth,5,2,60,2/14/2027,3/28/2027,0
9624,Booth,5,2,60,2/14/2027,3/28/2027,0
212,Booth,6,2,60,2/15/2027,3/29/2027,0
2324,Booth,5,1,60,2/15/2027,2/15/2027,0
4339,Booth,6,2,60,2/15/2027,3/29/2027,0
6999,Room,5,2,60,2/15/2027,3/29/2027,0
7363,Room,5,2,60,2/15/2027,3/29/2027,0
8123,Booth,5,2,60,2/15/2027,3/29/2027,0
8982,Booth,5,1,60,2/15/2027,2/15/2027,0
1010,Booth,5,2,105,2/16/2027,3/30/2027,0
3702,Booth,5,2,75,2/16/2027,3/30/2027,0
7727,Booth,5,2,60,2/16/2027,3/30/2027,0
215,Booth,5,2,60,2/17/2027,3/31/2027,0
2455,Booth,5,2,60,2/17/2027,3/31/2027,0
6117,Booth,5,2,60,2/17/2027,3/31/2027,0
6626,Booth,5,2,60,2/17/2027,3/31/2027,0
7465,Booth,5,2,60,2/17/2027,3/31/2027,0
7640,Booth,5,2,60,2/17/2027,3/31/2027,0
597,Booth,5,2,60,2/18/2027,04/01/2027,0
1880,Booth,5,2,60,2/18/2027,04/01/2027,0
1881,Booth,6,2,60,2/18/2027,04/01/2027,0
6796,Booth,5,2,105,2/19/2027,04/02/2027,0
7780,Booth,5,2,60,2/19/2027,04/02/2027,0
8414,Booth,5,1,60,2/19/2027,2/19/2027,0
8633,Booth,5,2,60,2/19/2027,04/02/2027,0
8929,Room,6,2,60,2/19/2027,04/02/2027,0
3651,Booth,5,2,60,2/20/2027,04/03/2027,0
4738,Booth,5,2,60,2/20/2027,04/03/2027,0
5241,Booth,5,1,60,2/20/2027,2/20/2027,0
6547,Booth,5,2,60,2/20/2027,04/03/2027,0
6757,Booth,5,2,60,2/20/2027,04/03/2027,0
7815,Booth,5,3,60,2/20/2027,3/20/2027,0
8166,Booth,5,2,60,2/20/2027,04/03/2027,0
780,Booth,5,2,180,2/21/2027,04/04/2027,0
1302,Booth,5,2,60,2/21/2027,04/04/2027,0
1359,Booth,5,2,60,2/21/2027,04/04/2027,0
1686,Booth,5,2,180,2/21/2027,04/04/2027,1
1722,Booth,5,2,60,2/21/2027,04/04/2027,0
3995,Booth,5,2,60,2/21/2027,04/04/2027,0
4538,Booth,5,2,60,2/21/2027,04/04/2027,0
6087,Booth,5,2,60,2/21/2027,04/04/2027,0
8183,Booth,6,2,60,2/21/2027,04/04/2027,0
2753,Booth,5,2,60,2/22/2027,04/05/2027,0
3044,Booth,5,2,60,2/22/2027,04/05/2027,0
4431,Booth,5,1,60,2/22/2027,2/22/2027,0
7047,Room,5,2,60,2/22/2027,04/05/2027,0
8247,Booth,5,1,60,2/22/2027,2/22/2027,0
150,Booth,6,2,60,2/23/2027,04/06/2027,0
2969,Booth,5,2,60,2/23/2027,04/06/2027,0
3109,Room,5,2,60,2/23/2027,04/06/2027,0
6036,Booth,6,2,60,2/23/2027,04/06/2027,0
7952,Booth,5,2,60,2/23/2027,04/06/2027,0
9203,Booth,5,2,60,2/23/2027,04/06/2027,0
1289,Booth,5,2,60,2/24/2027,04/07/2027,0
4687,Booth,5,1,60,2/24/2027,2/24/2027,0
5001,Booth,5,2,75,2/24/2027,04/07/2027,0
5158,Booth,5,2,60,2/24/2027,04/07/2027,0
47,Booth,5,2,60,2/25/2027,04/08/2027,0
612,Booth,5,2,60,2/25/2027,04/08/2027,0
1270,Booth,5,2,60,2/25/2027,04/08/2027,0
8789,Booth,5,2,90,2/25/2027,04/08/2027,0
1602,Booth,5,1,60,2/26/2027,2/26/2027,0
2426,Booth,5,2,60,2/26/2027,04/09/2027,0
2802,Booth,5,2,60,2/26/2027,04/09/2027,0
4002,Booth,6,2,60,2/26/2027,04/09/2027,0
4550,Room,5,1,60,2/26/2027,2/26/2027,0
6744,Booth,5,2,60,2/26/2027,04/09/2027,0
6904,Booth,5,2,60,2/26/2027,04/09/2027,0
983,Room,6,2,60,2/27/2027,04/10/2027,0
2388,Booth,5,2,60,2/27/2027,04/10/2027,0
5041,Booth,5,2,15,2/27/2027,04/10/2027,0
5865,Room,5,2,60,2/27/2027,04/10/2027,0
7035,Booth,5,2,60,2/27/2027,04/10/2027,0
7408,Booth,5,2,60,2/27/2027,04/10/2027,0
9552,Booth,5,2,60,2/27/2027,04/10/2027,0
2234,Booth,5,2,60,2/28/2027,04/11/2027,0
4299,Booth,5,2,15,2/28/2027,04/11/2027,0
5242,Room,5,2,60,2/28/2027,04/11/2027,0
9238,Booth,5,2,60,2/28/2027,04/11/2027,0
672,Booth,5,2,60,03/01/2027,04/12/2027,0
817,Booth,5,2,180,03/01/2027,04/12/2027,0
1350,Booth,5,1,60,03/01/2027,03/01/2027,0
2285,Room,5,2,60,03/01/2027,04/12/2027,0
3398,Booth,5,2,60,03/01/2027,04/12/2027,0
7332,Booth,5,2,60,03/01/2027,04/12/2027,0
8246,Room,5,2,60,03/01/2027,04/12/2027,0
3184,Booth,5,2,60,03/02/2027,4/13/2027,0
3888,Booth,5,2,210,03/02/2027,4/13/2027,0
6180,Booth,6,2,105,03/02/2027,4/13/2027,0
6250,Booth,5,2,60,03/02/2027,4/13/2027,0
8816,Booth,5,2,60,03/02/2027,4/13/2027,0
8927,Booth,5,2,105,03/02/2027,4/13/2027,1
5730,Booth,6,2,60,03/03/2027,4/14/2027,0
8979,Room,6,2,60,03/03/2027,4/14/2027,0
9481,Booth,5,1,60,03/03/2027,03/03/2027,0
1295,Booth,5,2,60,03/04/2027,4/15/2027,0
1380,Booth,5,2,60,03/04/2027,4/15/2027,0
2724,Booth,5,2,15,03/04/2027,4/15/2027,0
7173,Booth,5,2,60,03/04/2027,4/15/2027,0
9322,Booth,5,2,75,03/04/2027,4/15/2027,0
2053,Room,5,2,60,03/05/2027,4/16/2027,0
2257,Room,6,2,60,03/05/2027,4/16/2027,0
2926,Booth,5,2,60,03/05/2027,4/16/2027,0
3187,Booth,5,2,60,03/05/2027,4/16/2027,0
3395,Booth,6,2,60,03/05/2027,4/16/2027,0
3721,Booth,5,2,60,03/05/2027,4/16/2027,0
4233,Booth,5,2,60,03/05/2027,4/16/2027,0
7519,Booth,5,2,60,03/05/2027,4/16/2027,0
1133,Booth,5,2,60,03/06/2027,4/17/2027,0
1409,Booth,5,3,60,03/06/2027,04/03/2027,0
1756,Booth,5,2,60,03/06/2027,4/17/2027,0
9194,Booth,5,2,60,03/06/2027,4/17/2027,0
3818,Booth,5,2,60,03/07/2027,4/18/2027,0
4677,Booth,5,2,60,03/07/2027,4/18/2027,0
1044,Booth,5,2,60,03/08/2027,4/19/2027,0
2654,Booth,5,2,60,03/08/2027,4/19/2027,0
4055,Booth,5,2,105,03/08/2027,4/19/2027,0
6433,Booth,5,2,60,03/08/2027,4/19/2027,1
7608,Booth,5,2,60,03/08/2027,4/19/2027,0
7966,Booth,5,2,60,03/08/2027,4/19/2027,0
8165,Booth,5,2,60,03/08/2027,4/19/2027,0
9912,Booth,5,2,60,03/08/2027,4/19/2027,0
3567,Booth,5,2,60,03/09/2027,4/20/2027,0
9657,Booth,5,3,90,03/09/2027,04/06/2027,0
795,Booth,5,1,60,03/10/2027,03/10/2027,0
3723,Booth,5,2,75,03/10/2027,4/21/2027,0
6943,Booth,5,2,60,03/10/2027,4/21/2027,0
8747,Booth,5,2,60,03/10/2027,4/21/2027,0
8860,Booth,5,2,60,03/10/2027,4/21/2027,0
3891,Room,5,2,60,03/11/2027,4/22/2027,0
4323,Booth,5,2,60,03/11/2027,4/22/2027,0
5528,Booth,5,2,60,03/11/2027,4/22/2027,0
9307,Room,5,2,60,03/11/2027,4/22/2027,0
23,Booth,5,2,60,03/12/2027,4/23/2027,0
4478,Booth,5,2,60,03/12/2027,4/23/2027,0
4777,Booth,5,2,60,03/12/2027,4/23/2027,0
5399,Booth,5,2,60,03/12/2027,4/23/2027,0
5797,Booth,5,2,60,03/12/2027,4/23/2027,0
8235,Booth,5,3,60,03/12/2027,04/09/2027,0
8873,Booth,5,1,60,03/12/2027,03/12/2027,0
789,Booth,5,1,60,3/13/2027,3/13/2027,1
1301,Booth,5,2,60,3/13/2027,4/24/2027,0
2448,Booth,5,2,60,3/13/2027,4/24/2027,0
9648,Room,5,2,60,3/13/2027,4/24/2027,0
42,Booth,5,2,60,3/14/2027,4/25/2027,0
897,Booth,5,2,60,3/14/2027,4/25/2027,0
1081,Booth,6,2,60,3/14/2027,4/25/2027,0
2188,Room,5,2,60,3/14/2027,4/25/2027,0
9318,Booth,5,2,60,3/14/2027,4/25/2027,0
69,Booth,5,2,210,3/15/2027,4/26/2027,0
588,Booth,5,2,60,3/15/2027,4/26/2027,0
1020,Booth,5,2,60,3/15/2027,4/26/2027,0
4767,Booth,5,1,60,3/15/2027,3/15/2027,0
6368,Room,5,2,60,3/15/2027,4/26/2027,0
7345,Booth,5,2,60,3/15/2027,4/26/2027,0
9954,Room,5,2,30,3/15/2027,4/26/2027,0
146,Booth,5,2,210,3/16/2027,4/27/2027,0
582,Booth,5,2,60,3/16/2027,4/27/2027,0
1641,Booth,5,2,60,3/16/2027,4/27/2027,0
1850,Room,5,2,105,3/16/2027,4/27/2027,0
3501,Booth,6,2,60,3/16/2027,4/27/2027,0
4614,Booth,5,2,60,3/16/2027,4/27/2027,1
6010,Booth,5,1,60,3/16/2027,3/16/2027,0
6091,Booth,5,2,60,3/16/2027,4/27/2027,0
6230,Booth,5,2,60,3/16/2027,4/27/2027,0
7632,Booth,5,2,60,3/16/2027,4/27/2027,0
7024,Booth,5,2,60,3/17/2027,4/28/2027,0
7337,Booth,5,2,60,3/17/2027,4/28/2027,0
9308,Booth,5,2,60,3/17/2027,4/28/2027,0
1916,Booth,5,2,60,3/18/2027,4/29/2027,0
3587,Booth,5,2,60,3/18/2027,4/29/2027,0
3975,Booth,5,2,60,3/18/2027,4/29/2027,0
4392,Booth,5,2,60,3/18/2027,4/29/2027,0
5253,Booth,5,2,60,3/18/2027,4/29/2027,0
6425,Booth,5,2,60,3/18/2027,4/29/2027,0
7007,Booth,5,2,105,3/18/2027,4/29/2027,0
7647,Booth,5,2,60,3/18/2027,4/29/2027,0
8049,Booth,5,2,60,3/18/2027,4/29/2027,0
8507,Booth,5,2,60,3/18/2027,4/29/2027,0
397,Booth,5,2,30,3/19/2027,4/30/2027,0
446,Booth,5,2,60,3/19/2027,4/30/2027,0
2913,Room,5,2,60,3/19/2027,4/30/2027,0
5616,Booth,5,2,60,3/19/2027,4/30/2027,0
5754,Booth,5,2,60,3/19/2027,4/30/2027,1
8857,Booth,5,2,75,3/19/2027,4/30/2027,0
9486,Booth,5,2,60,3/19/2027,4/30/2027,0
2617,Booth,5,2,60,3/20/2027,05/01/2027,0
4058,Booth,5,2,60,3/20/2027,05/01/2027,0
6136,Booth,5,2,60,3/20/2027,05/01/2027,0
7117,Booth,5,2,60,3/20/2027,05/01/2027,0
8101,Booth,5,2,60,3/20/2027,05/01/2027,0
1806,Booth,5,2,60,3/21/2027,05/02/2027,0
2079,Booth,5,2,60,3/21/2027,05/02/2027,0
2468,Booth,5,1,60,3/21/2027,3/21/2027,0
3769,Booth,5,2,60,3/21/2027,05/02/2027,1
4018,Booth,5,2,60,3/21/2027,05/02/2027,0
4078,Booth,5,2,60,3/21/2027,05/02/2027,0
4273,Booth,5,2,60,3/21/2027,05/02/2027,0
6133,Booth,5,2,60,3/21/2027,05/02/2027,0
6254,Booth,5,3,60,3/21/2027,4/18/2027,0
6385,Booth,5,2,60,3/21/2027,05/02/2027,0
9443,Room,5,2,60,3/21/2027,05/02/2027,0
9598,Booth,5,2,60,3/21/2027,05/02/2027,0
1825,Booth,6,2,60,3/22/2027,05/03/2027,0
2726,Booth,5,2,60,3/22/2027,05/03/2027,0
3318,Booth,5,2,60,3/22/2027,05/03/2027,0
3446,Booth,5,2,60,3/22/2027,05/03/2027,0
6006,Booth,5,2,60,3/22/2027,05/03/2027,0
6130,Booth,5,2,60,3/23/2027,05/04/2027,0
6248,Booth,5,2,60,3/23/2027,05/04/2027,0
7393,Booth,5,2,15,3/23/2027,05/04/2027,0
9944,Booth,5,2,60,3/23/2027,05/04/2027,0
339,Booth,5,2,60,3/24/2027,05/05/2027,0
1749,Booth,5,2,60,3/24/2027,05/05/2027,0
2586,Room,5,2,60,3/24/2027,05/05/2027,0
4499,Booth,5,2,60,3/24/2027,05/05/2027,0
6086,Booth,5,2,60,3/24/2027,05/05/2027,0
6150,Room,5,2,60,3/24/2027,05/05/2027,0
7863,Room,5,2,60,3/24/2027,05/05/2027,0
2118,Booth,5,1,60,3/25/2027,3/25/2027,0
6746,Booth,5,2,60,3/25/2027,05/06/2027,0
9597,Booth,5,2,60,3/25/2027,05/06/2027,1
133,Booth,5,2,60,3/26/2027,05/07/2027,0
1509,Booth,5,2,180,3/26/2027,05/07/2027,0
1815,Booth,5,2,60,3/26/2027,05/07/2027,0
2107,Booth,5,2,60,3/26/2027,05/07/2027,0
2375,Room,5,2,60,3/26/2027,05/07/2027,0
5714,Booth,5,2,60,3/26/2027,05/07/2027,0
8907,Booth,5,2,60,3/26/2027,05/07/2027,1
9661,Booth,5,2,60,3/26/2027,05/07/2027,0
86,Room,6,2,60,3/27/2027,05/08/2027,0
392,Booth,5,2,60,3/27/2027,05/08/2027,0
1293,Booth,5,2,60,3/27/2027,05/08/2027,0
2768,Booth,5,1,60,3/27/2027,3/27/2027,0
3001,Booth,5,2,60,3/27/2027,05/08/2027,0
9456,Booth,5,2,60,3/27/2027,05/08/2027,0
9525,Booth,5,1,60,3/27/2027,3/27/2027,0
29,Booth,5,2,60,3/28/2027,05/09/2027,0
743,Booth,5,2,60,3/28/2027,05/09/2027,0
799,Booth,5,2,60,3/28/2027,05/09/2027,0
1167,Booth,5,2,60,3/28/2027,05/09/2027,0
2022,Booth,5,2,60,3/28/2027,05/09/2027,0
2140,Booth,5,1,60,3/28/2027,3/28/2027,0
3059,Room,5,2,60,3/28/2027,05/09/2027,0
4546,Booth,5,2,90,3/28/2027,05/09/2027,0
6492,Booth,5,2,60,3/28/2027,05/09/2027,0
7877,Booth,5,2,60,3/28/2027,05/09/2027,0
9023,Booth,5,2,60,3/28/2027,05/09/2027,0
770,Booth,5,2,60,3/29/2027,05/10/2027,0
1326,Booth,5,2,60,3/29/2027,05/10/2027,0
5799,Room,5,2,60,3/29/2027,05/10/2027,0
6713,Booth,5,2,60,3/29/2027,05/10/2027,0
942,Booth,5,2,60,3/30/2027,05/11/2027,0
2251,Booth,5,1,60,3/30/2027,3/30/2027,0
2749,Booth,5,2,105,3/30/2027,05/11/2027,0
3000,Booth,5,2,60,3/30/2027,05/11/2027,0
3280,Booth,5,2,60,3/30/2027,05/11/2027,0
5366,Room,5,2,60,3/30/2027,05/11/2027,0
6231,Booth,5,2,60,3/30/2027,05/11/2027,0
6718,Booth,5,2,60,3/30/2027,05/11/2027,0
9061,Booth,5,2,105,3/30/2027,05/11/2027,0
9960,Booth,5,2,60,3/30/2027,05/11/2027,0
2247,Room,5,2,60,3/31/2027,05/12/2027,0
3775,Booth,5,2,15,3/31/2027,05/12/2027,0
3819,Booth,5,2,75,3/31/2027,05/12/2027,0
7565,Booth,5,2,60,3/31/2027,05/12/2027,0
8392,Room,5,2,60,3/31/2027,05/12/2027,0
56,Booth,5,2,60,04/01/2027,5/13/2027,0
2585,Booth,5,2,60,04/01/2027,5/13/2027,0
3990,Booth,5,2,60,04/01/2027,5/13/2027,0
4702,Room,5,2,60,04/01/2027,5/13/2027,0
6483,Booth,6,2,60,04/01/2027,5/13/2027,0
7184,Booth,5,2,75,04/01/2027,5/13/2027,0
1592,Booth,5,2,60,04/02/2027,5/14/2027,0
1844,Booth,5,2,60,04/02/2027,5/14/2027,0
6923,Room,5,2,60,04/02/2027,5/14/2027,0
8824,Booth,5,2,60,04/02/2027,5/14/2027,0
9289,Booth,5,2,60,04/02/2027,5/14/2027,0
6028,Booth,5,2,105,04/03/2027,5/15/2027,0
7182,Booth,5,2,60,04/03/2027,5/15/2027,0
1621,Booth,5,2,60,04/04/2027,5/16/2027,0
2840,Booth,5,2,60,04/04/2027,5/16/2027,0
3165,Booth,5,3,60,04/04/2027,05/02/2027,0
4497,Booth,5,2,60,04/04/2027,5/16/2027,0
6681,Booth,5,2,60,04/04/2027,5/16/2027,0
766,Booth,5,2,60,04/05/2027,5/17/2027,0
1778,Booth,5,2,60,04/05/2027,5/17/2027,0
3622,Room,5,2,60,04/05/2027,5/17/2027,0
7186,Booth,5,2,60,04/05/2027,5/17/2027,0
7366,Booth,5,2,60,04/05/2027,5/17/2027,0
7459,Booth,5,2,60,04/05/2027,5/17/2027,0
9711,Booth,5,2,60,04/05/2027,5/17/2027,0
156,Room,5,2,60,04/06/2027,5/18/2027,0
2606,Booth,5,2,60,04/06/2027,5/18/2027,0
3484,Booth,5,2,60,04/06/2027,5/18/2027,0
4873,Booth,5,2,60,04/06/2027,5/18/2027,0
5904,Booth,5,2,60,04/06/2027,5/18/2027,0
8686,Booth,5,2,60,04/06/2027,5/18/2027,0
3064,Booth,5,2,60,04/07/2027,5/19/2027,0
4021,Room,5,2,60,04/07/2027,5/19/2027,0
4447,Booth,5,2,60,04/07/2027,5/19/2027,0
4722,Booth,5,2,60,04/07/2027,5/19/2027,0
5093,Booth,5,2,60,04/07/2027,5/19/2027,0
7725,Booth,5,1,75,04/07/2027,04/07/2027,0
9341,Room,5,2,60,04/07/2027,5/19/2027,0
3081,Booth,5,2,60,04/08/2027,5/20/2027,0
3965,Room,5,2,60,04/08/2027,5/20/2027,0
4083,Booth,5,2,60,04/08/2027,5/20/2027,0
4557,Booth,5,2,60,04/08/2027,5/20/2027,0
6089,Booth,5,2,60,04/08/2027,5/20/2027,0
7531,Booth,5,2,60,04/08/2027,5/20/2027,0
7808,Booth,5,2,60,04/08/2027,5/20/2027,0
9826,Booth,5,2,60,04/08/2027,5/20/2027,0
1152,Room,5,2,60,04/09/2027,5/21/2027,0
2135,Booth,5,2,60,04/09/2027,5/21/2027,1
6954,Booth,5,2,60,04/09/2027,5/21/2027,0
7968,Booth,5,2,60,04/09/2027,5/21/2027,0
2127,Booth,5,2,60,04/10/2027,5/22/2027,0
2333,Booth,5,2,60,04/10/2027,5/22/2027,0
3378,Booth,5,2,60,04/10/2027,5/22/2027,0
5552,Room,5,2,60,04/10/2027,5/22/2027,0
6272,Booth,5,1,60,04/10/2027,04/10/2027,0
7754,Booth,5,2,60,04/10/2027,5/22/2027,0
749,Booth,5,2,60,04/11/2027,5/23/2027,0
2064,Booth,5,1,60,04/11/2027,04/11/2027,0
2409,Booth,5,2,75,04/11/2027,5/23/2027,0
2688,Room,5,1,60,04/11/2027,04/11/2027,0
3506,Booth,5,2,60,04/11/2027,5/23/2027,0
4270,Booth,5,2,60,04/11/2027,5/23/2027,0
4825,Booth,5,2,60,04/11/2027,5/23/2027,0
5145,Booth,5,2,60,04/11/2027,5/23/2027,0
6359,Booth,5,2,60,04/11/2027,5/23/2027,0
6888,Booth,5,2,60,04/11/2027,5/23/2027,0
350,Booth,5,2,180,04/12/2027,5/24/2027,0
902,Booth,5,2,105,04/12/2027,5/24/2027,0
1346,Booth,5,2,60,04/12/2027,5/24/2027,0
1541,Booth,5,2,60,04/12/2027,5/24/2027,1
3507,Booth,5,2,60,04/12/2027,5/24/2027,0
3613,Booth,5,2,60,04/12/2027,5/24/2027,0
5301,Booth,5,2,60,04/12/2027,5/24/2027,0
7257,Booth,5,2,60,04/12/2027,5/24/2027,0
8241,Booth,5,2,15,04/12/2027,5/24/2027,0
5228,Booth,5,3,60,4/13/2027,05/11/2027,0
5749,Booth,5,2,60,4/13/2027,5/25/2027,0
5995,Booth,6,2,60,4/13/2027,5/25/2027,0
8253,Booth,5,2,60,4/13/2027,5/25/2027,0
9938,Room,5,3,60,4/13/2027,05/11/2027,0
164,Booth,5,2,60,4/14/2027,5/26/2027,0
2348,Booth,5,2,60,4/14/2027,5/26/2027,0
5074,Booth,5,2,60,4/14/2027,5/26/2027,0
9287,Booth,5,2,60,4/14/2027,5/26/2027,0
9864,Room,5,2,60,4/14/2027,5/26/2027,0
929,Booth,5,2,60,4/15/2027,5/27/2027,0
4751,Booth,6,2,60,4/15/2027,5/27/2027,0
7148,Booth,5,2,60,4/15/2027,5/27/2027,0
7612,Room,5,2,60,4/15/2027,5/27/2027,0
8077,Booth,5,2,60,4/15/2027,5/27/2027,0
8342,Booth,5,2,60,4/15/2027,5/27/2027,0
9589,Booth,5,2,60,4/15/2027,5/27/2027,0
9742,Booth,5,2,60,4/15/2027,5/27/2027,0
5013,Booth,5,2,60,4/16/2027,5/28/2027,0
6308,Booth,7,2,60,4/16/2027,5/28/2027,0
7017,Booth,5,2,60,4/16/2027,5/28/2027,0
7401,Booth,5,2,60,4/16/2027,5/28/2027,0
8805,Booth,5,2,60,4/16/2027,5/28/2027,0
9519,Booth,5,1,60,4/16/2027,4/16/2027,0
1898,Booth,5,2,30,4/17/2027,5/29/2027,0
4528,Booth,5,2,60,4/17/2027,5/29/2027,0
5126,Booth,5,2,60,4/17/2027,5/29/2027,0
5147,Booth,5,2,60,4/17/2027,5/29/2027,0
7436,Booth,5,2,60,4/17/2027,5/29/2027,0
7882,Booth,5,2,15,4/17/2027,5/29/2027,0
8146,Booth,5,1,60,4/17/2027,4/17/2027,0
8916,Booth,6,2,60,4/17/2027,5/29/2027,0
9980,Booth,5,2,15,4/17/2027,5/29/2027,1
2624,Booth,5,2,60,4/18/2027,5/30/2027,0
3252,Room,5,2,60,4/18/2027,5/30/2027,0
5726,Booth,5,1,60,4/18/2027,4/18/2027,0
6659,Booth,5,2,60,4/18/2027,5/30/2027,0
7825,Booth,6,2,60,4/18/2027,5/30/2027,0
1781,Booth,5,2,60,4/19/2027,5/31/2027,0
5118,Room,5,3,60,4/19/2027,5/17/2027,0
7410,Booth,5,2,30,4/19/2027,5/31/2027,0
8340,Booth,5,2,60,4/19/2027,5/31/2027,0
2479,Booth,5,2,60,4/20/2027,06/01/2027,0
2970,Booth,5,2,60,4/20/2027,06/01/2027,0
5698,Booth,5,2,60,4/20/2027,06/01/2027,0
6314,Booth,5,2,60,4/20/2027,06/01/2027,1
6420,Booth,5,2,60,4/20/2027,06/01/2027,0
6472,Booth,5,2,60,4/20/2027,06/01/2027,0
6881,Booth,5,2,60,4/20/2027,06/01/2027,0
7557,Booth,5,2,60,4/20/2027,06/01/2027,0
8985,Booth,5,2,60,4/20/2027,06/01/2027,0
9057,Room,5,2,60,4/20/2027,06/01/2027,0
9329,Booth,5,2,60,4/20/2027,06/01/2027,0
61,Booth,6,2,105,4/21/2027,06/02/2027,0
105,Booth,6,2,90,4/21/2027,06/02/2027,0
4698,Room,5,2,60,4/21/2027,06/02/2027,0
2964,Booth,5,2,60,4/22/2027,06/03/2027,0
3879,Booth,5,2,60,4/22/2027,06/03/2027,0
4599,Booth,5,3,60,4/22/2027,5/20/2027,0
5016,Room,5,2,60,4/22/2027,06/03/2027,0
5300,Booth,5,2,60,4/22/2027,06/03/2027,0
926,Booth,5,1,60,4/23/2027,4/23/2027,0
1073,Booth,5,2,60,4/23/2027,06/04/2027,0
3706,Booth,5,2,60,4/23/2027,06/04/2027,0
5203,Booth,5,2,60,4/23/2027,06/04/2027,0
5267,Booth,5,2,60,4/23/2027,06/04/2027,0
6371,Booth,5,2,60,4/23/2027,06/04/2027,0
8491,Booth,5,2,60,4/23/2027,06/04/2027,0
8893,Booth,5,2,60,4/23/2027,06/04/2027,0
5756,Booth,5,2,60,4/24/2027,06/05/2027,0
6277,Booth,5,2,60,4/24/2027,06/05/2027,0
7983,Booth,5,3,60,4/24/2027,5/22/2027,0
124,Booth,5,2,60,4/25/2027,06/06/2027,0
221,Booth,5,2,60,4/25/2027,06/06/2027,0
1403,Booth,5,2,60,4/25/2027,06/06/2027,0
2528,Booth,5,2,60,4/25/2027,06/06/2027,0
3227,Booth,5,2,60,4/25/2027,06/06/2027,0
3468,Booth,5,2,60,4/25/2027,06/06/2027,0
9906,Booth,5,2,75,4/25/2027,06/06/2027,0
301,Booth,5,2,60,4/26/2027,06/07/2027,0
2946,Booth,5,2,60,4/26/2027,06/07/2027,0
4243,Booth,6,2,105,4/26/2027,06/07/2027,0
4664,Room,5,2,60,4/26/2027,06/07/2027,0
1219,Booth,5,2,60,4/27/2027,06/08/2027,0
1257,Booth,5,2,60,4/27/2027,06/08/2027,0
1543,Room,5,2,210,4/27/2027,06/08/2027,1
3361,Booth,5,2,210,4/27/2027,06/08/2027,0
4050,Booth,5,2,105,4/27/2027,06/08/2027,0
5855,Booth,5,2,105,4/27/2027,06/08/2027,0
5928,Booth,5,2,60,4/27/2027,06/08/2027,0
6627,Booth,5,2,60,4/27/2027,06/08/2027,0
8443,Booth,5,2,60,4/27/2027,06/08/2027,0
4292,Booth,5,2,60,4/28/2027,06/09/2027,0
5006,Booth,5,2,60,4/28/2027,06/09/2027,0
5551,Booth,6,2,60,4/28/2027,06/09/2027,0
5952,Booth,5,2,60,4/28/2027,06/09/2027,0
915,Room,5,2,60,4/29/2027,06/10/2027,0
3556,Booth,5,2,60,4/29/2027,06/10/2027,0
3668,Booth,5,2,60,4/29/2027,06/10/2027,0
6793,Booth,5,2,60,4/29/2027,06/10/2027,0
9539,Room,5,2,105,4/29/2027,06/10/2027,0
1345,Booth,5,2,60,4/30/2027,06/11/2027,0
2123,Booth,6,2,60,4/30/2027,06/11/2027,0
2886,Booth,5,2,60,4/30/2027,06/11/2027,0
4960,Booth,5,2,60,4/30/2027,06/11/2027,0
5080,Room,5,2,60,4/30/2027,06/11/2027,0
5923,Booth,5,2,60,4/30/2027,06/11/2027,0
8565,Booth,5,2,60,4/30/2027,06/11/2027,0
497,Room,6,2,60,05/01/2027,06/12/2027,1
3173,Booth,5,2,60,05/01/2027,06/12/2027,0
4134,Booth,5,3,60,05/01/2027,5/29/2027,0
7384,Booth,5,2,60,05/01/2027,06/12/2027,0
17,Booth,5,2,60,05/02/2027,6/13/2027,1
2510,Booth,5,2,60,05/02/2027,6/13/2027,0
2884,Booth,5,2,60,05/02/2027,6/13/2027,0
2978,Booth,5,3,60,05/02/2027,5/30/2027,0
6122,Booth,5,2,60,05/02/2027,6/13/2027,0
6464,Booth,6,2,60,05/02/2027,6/13/2027,0
7298,Booth,5,2,60,05/02/2027,6/13/2027,0
7675,Booth,5,2,60,05/02/2027,6/13/2027,0
8285,Booth,5,2,60,05/02/2027,6/13/2027,0
8823,Booth,5,2,60,05/02/2027,6/13/2027,0
8840,Booth,6,2,60,05/02/2027,6/13/2027,0
8911,Booth,5,2,60,05/02/2027,6/13/2027,0
330,Room,5,2,60,05/03/2027,6/14/2027,0
707,Booth,5,2,60,05/03/2027,6/14/2027,0
6512,Booth,5,2,105,05/03/2027,6/14/2027,0
7525,Booth,5,2,60,05/03/2027,6/14/2027,0
8648,Room,5,2,60,05/03/2027,6/14/2027,0
8902,Booth,5,2,60,05/03/2027,6/14/2027,0
9458,Booth,5,1,105,05/03/2027,05/03/2027,0
937,Booth,5,3,60,05/04/2027,06/01/2027,0
967,Booth,5,2,60,05/04/2027,6/15/2027,0
1742,Booth,5,1,60,05/04/2027,05/04/2027,0
2777,Room,5,2,60,05/04/2027,6/15/2027,0
9296,Booth,5,2,60,05/04/2027,6/15/2027,0
1528,Booth,5,2,60,05/05/2027,6/16/2027,0
1886,Room,5,2,60,05/05/2027,6/16/2027,0
4585,Booth,5,2,60,05/05/2027,6/16/2027,0
5291,Booth,5,1,60,05/05/2027,05/05/2027,0
8137,Booth,5,3,30,05/05/2027,06/02/2027,0
455,Room,5,2,105,05/06/2027,6/17/2027,0
2085,Booth,5,2,60,05/06/2027,6/17/2027,0
2720,Booth,5,2,15,05/06/2027,6/17/2027,0
4053,Booth,6,2,60,05/06/2027,6/17/2027,0
4555,Booth,5,3,105,05/06/2027,06/03/2027,0
6181,Room,5,2,60,05/06/2027,6/17/2027,0
6587,Room,5,2,60,05/06/2027,6/17/2027,0
8540,Room,5,2,60,05/06/2027,6/17/2027,0
8744,Booth,5,2,60,05/06/2027,6/17/2027,0
8984,Booth,5,2,60,05/06/2027,6/17/2027,0
9977,Booth,5,2,60,05/06/2027,6/17/2027,0
2191,Room,5,2,60,05/07/2027,6/18/2027,0
2418,Booth,5,2,60,05/07/2027,6/18/2027,0
3729,Booth,5,2,60,05/07/2027,6/18/2027,0
6349,Booth,6,2,60,05/07/2027,6/18/2027,0
4601,Booth,5,2,60,05/08/2027,6/19/2027,0
5638,Booth,5,2,60,05/08/2027,6/19/2027,0
5718,Booth,5,2,60,05/08/2027,6/19/2027,0
6119,Booth,5,2,60,05/08/2027,6/19/2027,0
7065,Booth,5,2,60,05/08/2027,6/19/2027,0
7662,Booth,5,2,60,05/08/2027,6/19/2027,0
8217,Room,5,2,60,05/08/2027,6/19/2027,0
9975,Booth,5,2,60,05/08/2027,6/19/2027,0
1000,Booth,5,2,60,05/09/2027,6/20/2027,0
4246,Room,5,2,15,05/09/2027,6/20/2027,0
5296,Booth,5,2,105,05/09/2027,6/20/2027,0
5540,Booth,5,2,60,05/09/2027,6/20/2027,0
6127,Booth,5,2,180,05/09/2027,6/20/2027,0
9825,Booth,5,2,60,05/09/2027,6/20/2027,0
1036,Booth,5,2,60,05/10/2027,6/21/2027,0
1851,Booth,5,1,60,05/10/2027,05/10/2027,0
2516,Booth,5,2,60,05/10/2027,6/21/2027,0
3691,Room,6,2,60,05/10/2027,6/21/2027,0
4280,Booth,5,3,60,05/10/2027,06/07/2027,0
4310,Booth,5,2,60,05/10/2027,6/21/2027,0
4809,Booth,5,2,60,05/10/2027,6/21/2027,0
5471,Room,5,2,60,05/10/2027,6/21/2027,0
7057,Booth,5,2,60,05/10/2027,6/21/2027,0
8265,Booth,5,2,60,05/10/2027,6/21/2027,0
9651,Booth,5,2,60,05/10/2027,6/21/2027,0
160,Booth,5,2,60,05/11/2027,6/22/2027,0
1112,Booth,5,2,60,05/11/2027,6/22/2027,0
5772,Booth,5,1,60,05/11/2027,05/11/2027,0
9757,Booth,5,1,60,05/11/2027,05/11/2027,0
1530,Booth,5,2,60,05/12/2027,6/23/2027,0
3138,Booth,5,2,180,05/12/2027,6/23/2027,0
4991,Booth,5,2,60,05/12/2027,6/23/2027,0
5454,Booth,5,2,60,05/12/2027,6/23/2027,0
6675,Booth,5,2,210,05/12/2027,6/23/2027,0
9679,Booth,5,2,210,05/12/2027,6/23/2027,0
3670,Booth,5,2,60,5/13/2027,6/24/2027,0
5591,Booth,5,2,60,5/13/2027,6/24/2027,0
6932,Booth,5,2,60,5/13/2027,6/24/2027,0
8223,Booth,5,2,60,5/13/2027,6/24/2027,0
362,Booth,5,2,60,5/14/2027,6/25/2027,0
466,Booth,5,2,60,5/14/2027,6/25/2027,0
1381,Booth,6,2,60,5/14/2027,6/25/2027,0
4317,Booth,5,2,60,5/14/2027,6/25/2027,0
4428,Booth,5,2,60,5/14/2027,6/25/2027,0
5821,Booth,5,3,60,5/14/2027,06/11/2027,0
5943,Booth,5,2,60,5/14/2027,6/25/2027,0
6504,Booth,5,2,60,5/14/2027,6/25/2027,1
7842,Booth,5,2,60,5/14/2027,6/25/2027,0
2602,Booth,5,2,105,5/15/2027,6/26/2027,0
3201,Booth,5,2,60,5/15/2027,6/26/2027,0
3562,Booth,5,2,60,5/15/2027,6/26/2027,0
7576,Booth,5,1,105,5/15/2027,5/15/2027,0
7741,Booth,5,2,60,5/15/2027,6/26/2027,0
1822,Booth,5,2,60,5/16/2027,6/27/2027,0
2644,Booth,5,2,60,5/16/2027,6/27/2027,0
3241,Booth,5,2,60,5/16/2027,6/27/2027,0
4748,Booth,5,1,60,5/16/2027,5/16/2027,0
5307,Booth,5,2,30,5/16/2027,6/27/2027,0
153,Booth,5,2,60,5/17/2027,6/28/2027,0
1157,Booth,5,1,60,5/17/2027,5/17/2027,0
1473,Booth,5,2,60,5/17/2027,6/28/2027,0
1747,Room,5,2,60,5/17/2027,6/28/2027,0
3294,Booth,5,2,60,5/17/2027,6/28/2027,0
4967,Booth,5,2,60,5/17/2027,6/28/2027,0
6589,Room,5,2,75,5/17/2027,6/28/2027,0
7085,Room,5,2,60,5/17/2027,6/28/2027,0
1401,Room,5,2,60,5/18/2027,6/29/2027,0
1531,Booth,5,2,60,5/18/2027,6/29/2027,0
2183,Booth,6,1,60,5/18/2027,5/18/2027,0
3727,Booth,5,2,105,5/18/2027,6/29/2027,0
6249,Booth,5,2,60,5/18/2027,6/29/2027,0
6979,Booth,5,2,60,5/18/2027,6/29/2027,0
9327,Booth,5,2,210,5/18/2027,6/29/2027,0
508,Booth,5,2,60,5/19/2027,6/30/2027,0
575,Booth,5,2,60,5/19/2027,6/30/2027,0
1433,Booth,5,2,60,5/19/2027,6/30/2027,0
1506,Booth,5,1,60,5/19/2027,5/19/2027,0
2309,Booth,5,2,60,5/19/2027,6/30/2027,0
2869,Booth,5,2,60,5/19/2027,6/30/2027,0
3326,Booth,5,2,210,5/19/2027,6/30/2027,0
7824,Booth,5,2,60,5/19/2027,6/30/2027,0
7826,Booth,5,2,90,5/19/2027,6/30/2027,0
7951,Booth,5,2,60,5/19/2027,6/30/2027,0
8753,Booth,5,2,60,5/19/2027,6/30/2027,0
1299,Room,5,2,60,5/20/2027,07/01/2027,0
3177,Booth,5,2,60,5/20/2027,07/01/2027,0
7802,Booth,5,2,60,5/20/2027,07/01/2027,0
3554,Booth,5,2,180,5/21/2027,07/02/2027,0
4208,Booth,6,2,60,5/21/2027,07/02/2027,0
7112,Booth,5,2,105,5/21/2027,07/02/2027,0
7494,Booth,5,2,60,5/21/2027,07/02/2027,0
8483,Booth,5,2,60,5/21/2027,07/02/2027,0
9299,Booth,5,2,60,5/21/2027,07/02/2027,0
1162,Booth,5,2,210,5/22/2027,07/03/2027,0
1648,Booth,6,2,60,5/22/2027,07/03/2027,0
1767,Booth,5,2,60,5/22/2027,07/03/2027,0
2169,Booth,5,2,60,5/22/2027,07/03/2027,0
2568,Booth,5,2,60,5/22/2027,07/03/2027,0
2781,Booth,5,2,60,5/22/2027,07/03/2027,0
5348,Booth,5,2,60,5/22/2027,07/03/2027,0
5419,Booth,5,2,60,5/22/2027,07/03/2027,0
6823,Booth,6,2,30,5/22/2027,07/03/2027,0
7316,Booth,5,2,75,5/22/2027,07/03/2027,0
9560,Booth,5,2,60,5/22/2027,07/03/2027,0
9897,Booth,5,2,60,5/22/2027,07/03/2027,0
2461,Room,5,2,60,5/23/2027,07/04/2027,0
3572,Room,5,2,60,5/23/2027,07/04/2027,0
4845,Booth,5,2,60,5/23/2027,07/04/2027,0
5362,Booth,5,2,60,5/23/2027,07/04/2027,0
7669,Booth,5,2,60,5/23/2027,07/04/2027,0
8251,Booth,5,2,60,5/23/2027,07/04/2027,0
8670,Booth,5,2,60,5/23/2027,07/04/2027,0
8812,Room,5,2,60,5/23/2027,07/04/2027,0
889,Booth,5,1,60,5/24/2027,5/24/2027,0
2167,Booth,5,2,60,5/24/2027,07/05/2027,0
2458,Booth,5,1,60,5/24/2027,5/24/2027,0
6801,Booth,5,2,60,5/24/2027,07/05/2027,0
536,Booth,5,2,60,5/25/2027,07/06/2027,0
564,Booth,5,2,60,5/25/2027,07/06/2027,0
1431,Booth,5,2,60,5/25/2027,07/06/2027,0
2773,Booth,5,2,60,5/25/2027,07/06/2027,0
3086,Booth,5,1,60,5/25/2027,5/25/2027,0
3364,Booth,5,2,60,5/25/2027,07/06/2027,0
5504,Room,5,2,60,5/25/2027,07/06/2027,0
5663,Booth,5,2,180,5/25/2027,07/06/2027,0
936,Booth,5,2,75,5/26/2027,07/07/2027,0
1288,Booth,5,2,60,5/26/2027,07/07/2027,0
2084,Booth,5,2,60,5/26/2027,07/07/2027,0
2235,Booth,5,2,60,5/26/2027,07/07/2027,0
3106,Booth,5,1,60,5/26/2027,5/26/2027,0
3796,Booth,5,2,60,5/26/2027,07/07/2027,0
4540,Booth,5,2,60,5/26/2027,07/07/2027,0
7975,Booth,5,2,60,5/26/2027,07/07/2027,0
8089,Room,5,2,60,5/26/2027,07/07/2027,0
9111,Booth,5,2,60,5/26/2027,07/07/2027,0
9139,Booth,5,2,60,5/26/2027,07/07/2027,0
1894,Booth,5,1,60,5/27/2027,5/27/2027,0
2519,Booth,5,2,60,5/27/2027,07/08/2027,1
2522,Booth,5,2,210,5/27/2027,07/08/2027,0
3499,Booth,5,2,60,5/27/2027,07/08/2027,0
4394,Booth,5,2,60,5/27/2027,07/08/2027,0
6023,Booth,5,2,60,5/27/2027,07/08/2027,0
2900,Booth,5,2,60,5/28/2027,07/09/2027,0
4863,Booth,5,2,60,5/28/2027,07/09/2027,0
6485,Booth,5,2,60,5/28/2027,07/09/2027,0
9818,Booth,5,2,60,5/28/2027,07/09/2027,0
217,Room,5,2,105,5/29/2027,07/10/2027,0
3136,Booth,5,2,60,5/29/2027,07/10/2027,0
3344,Booth,5,2,60,5/29/2027,07/10/2027,0
3504,Booth,5,2,60,5/29/2027,07/10/2027,0
5046,Booth,5,2,75,5/29/2027,07/10/2027,0
6482,Booth,5,2,60,5/29/2027,07/10/2027,0
8111,Booth,5,2,60,5/29/2027,07/10/2027,0
608,Booth,5,2,60,5/30/2027,07/11/2027,0
1627,Booth,5,2,60,5/30/2027,07/11/2027,0
6687,Booth,6,2,60,5/30/2027,07/11/2027,0
8249,Booth,5,2,60,5/30/2027,07/11/2027,0
8389,Booth,5,2,60,5/30/2027,07/11/2027,0
704,Booth,5,2,60,5/31/2027,07/12/2027,0
3412,Booth,5,2,60,5/31/2027,07/12/2027,0
6434,Booth,5,2,60,5/31/2027,07/12/2027,0
6702,Booth,5,2,105,5/31/2027,07/12/2027,0
110,Booth,5,2,60,06/01/2027,7/13/2027,0
402,Room,5,2,60,06/01/2027,7/13/2027,1
1023,Booth,5,2,60,06/01/2027,7/13/2027,0
1254,Booth,6,2,60,06/01/2027,7/13/2027,0
1292,Booth,5,2,60,06/01/2027,7/13/2027,0
2094,Booth,5,2,60,06/01/2027,7/13/2027,0
2347,Booth,5,2,105,06/01/2027,7/13/2027,0
2843,Room,5,2,60,06/01/2027,7/13/2027,0
3311,Booth,5,2,60,06/01/2027,7/13/2027,0
7323,Booth,5,2,60,06/01/2027,7/13/2027,0
7367,Booth,7,2,60,06/01/2027,7/13/2027,0
8742,Booth,5,2,60,06/01/2027,7/13/2027,0
357,Room,5,2,60,06/02/2027,7/14/2027,0
1829,Booth,5,2,60,06/02/2027,7/14/2027,0
3778,Room,5,2,60,06/02/2027,7/14/2027,1
3980,Booth,5,2,60,06/02/2027,7/14/2027,0
6307,Booth,5,2,60,06/02/2027,7/14/2027,0
1649,Booth,5,2,60,06/03/2027,7/15/2027,0
2181,Booth,6,2,60,06/03/2027,7/15/2027,0
7155,Booth,5,2,15,06/03/2027,7/15/2027,0
8162,Booth,6,2,60,06/03/2027,7/15/2027,0
872,Booth,6,3,60,06/04/2027,07/02/2027,0
1461,Booth,6,2,60,06/04/2027,7/16/2027,0
1467,Booth,5,2,60,06/04/2027,7/16/2027,0
8607,Booth,5,2,60,06/04/2027,7/16/2027,1
9591,Booth,5,2,60,06/04/2027,7/16/2027,0
885,Booth,5,2,60,06/05/2027,7/17/2027,0
2340,Booth,5,2,60,06/05/2027,7/17/2027,0
3278,Booth,5,2,60,06/05/2027,7/17/2027,0
3320,Booth,5,2,75,06/05/2027,7/17/2027,0
4174,Booth,5,2,60,06/05/2027,7/17/2027,0
8862,Booth,5,2,60,06/05/2027,7/17/2027,0
9152,Booth,5,2,60,06/05/2027,7/17/2027,0
1876,Booth,5,3,60,06/06/2027,07/04/2027,0
5462,Booth,5,2,60,06/06/2027,7/18/2027,0
6227,Booth,5,2,60,06/06/2027,7/18/2027,0
8017,Booth,5,2,210,06/06/2027,7/18/2027,0
9188,Booth,5,2,60,06/06/2027,7/18/2027,0
9524,Booth,5,2,60,06/06/2027,7/18/2027,0
980,Booth,5,2,60,06/07/2027,7/19/2027,0
2782,Booth,5,2,60,06/07/2027,7/19/2027,1
2977,Booth,5,2,60,06/07/2027,7/19/2027,0
4030,Booth,5,2,60,06/07/2027,7/19/2027,0
4493,Booth,5,2,60,06/07/2027,7/19/2027,0
6346,Booth,5,2,60,06/07/2027,7/19/2027,0
7732,Booth,5,2,60,06/07/2027,7/19/2027,0
7867,Booth,5,2,60,06/07/2027,7/19/2027,0
8892,Room,5,2,105,06/07/2027,7/19/2027,0
8923,Booth,5,2,60,06/07/2027,7/19/2027,0
9387,Booth,5,2,60,06/07/2027,7/19/2027,0
9781,Booth,5,2,60,06/07/2027,7/19/2027,0
2539,Booth,5,2,60,06/08/2027,7/20/2027,0
2679,Booth,5,2,60,06/08/2027,7/20/2027,0
6623,Booth,5,2,60,06/08/2027,7/20/2027,0
8842,Room,5,2,60,06/08/2027,7/20/2027,0
8971,Booth,5,2,60,06/08/2027,7/20/2027,0
9301,Booth,5,2,60,06/08/2027,7/20/2027,0
9313,Booth,5,2,75,06/08/2027,7/20/2027,0
52,Booth,5,2,60,06/09/2027,7/21/2027,0
94,Booth,5,2,60,06/09/2027,7/21/2027,0
574,Room,5,2,60,06/09/2027,7/21/2027,0
1542,Booth,5,2,60,06/09/2027,7/21/2027,0
2380,Booth,5,2,60,06/09/2027,7/21/2027,0
2530,Booth,5,2,60,06/09/2027,7/21/2027,0
8341,Booth,5,3,60,06/09/2027,07/07/2027,0
9369,Booth,5,2,60,06/09/2027,7/21/2027,0
2405,Booth,5,2,60,06/10/2027,7/22/2027,0
5274,Booth,5,2,60,06/10/2027,7/22/2027,0
9608,Booth,5,2,60,06/10/2027,7/22/2027,0
165,Booth,5,2,60,06/11/2027,7/23/2027,0
223,Booth,5,2,60,06/11/2027,7/23/2027,0
468,Booth,5,2,60,06/11/2027,7/23/2027,0
1682,Booth,6,2,105,06/11/2027,7/23/2027,0
2168,Room,5,2,60,06/11/2027,7/23/2027,0
4486,Room,5,2,60,06/11/2027,7/23/2027,0
5431,Booth,5,2,60,06/11/2027,7/23/2027,0
335,Booth,5,2,60,06/12/2027,7/24/2027,0
346,Room,5,2,60,06/12/2027,7/24/2027,0
1492,Booth,5,2,60,06/12/2027,7/24/2027,0
4189,Booth,5,2,60,06/12/2027,7/24/2027,0
5450,Booth,5,2,75,06/12/2027,7/24/2027,0
5729,Booth,5,2,60,06/12/2027,7/24/2027,0
6988,Room,5,2,60,06/12/2027,7/24/2027,0
7562,Booth,5,2,60,06/12/2027,7/24/2027,0
9748,Booth,5,2,60,06/12/2027,7/24/2027,1
3449,Booth,5,2,60,6/13/2027,7/25/2027,0
4708,Booth,5,2,60,6/13/2027,7/25/2027,0
5637,Room,5,2,60,6/13/2027,7/25/2027,0
686,Room,5,2,60,6/14/2027,7/26/2027,0
1667,Booth,5,2,60,6/14/2027,7/26/2027,0
6996,Booth,6,2,60,6/14/2027,7/26/2027,0
7357,Booth,5,2,60,6/14/2027,7/26/2027,0
7760,Booth,5,2,60,6/14/2027,7/26/2027,0
8344,Room,5,2,60,6/14/2027,7/26/2027,0
9510,Booth,5,2,60,6/14/2027,7/26/2027,0
2074,Booth,5,2,60,6/15/2027,7/27/2027,0
7496,Booth,5,2,60,6/15/2027,7/27/2027,0
8193,Booth,5,2,60,6/15/2027,7/27/2027,0
9705,Room,5,2,60,6/15/2027,7/27/2027,0
147,Booth,5,2,15,6/16/2027,7/28/2027,0
1824,Booth,5,2,60,6/16/2027,7/28/2027,0
2847,Booth,5,2,60,6/16/2027,7/28/2027,0
2864,Booth,5,2,60,6/16/2027,7/28/2027,0
4571,Booth,5,2,60,6/16/2027,7/28/2027,0
9261,Room,6,1,60,6/16/2027,6/16/2027,0
1464,Booth,5,2,60,6/17/2027,7/29/2027,0
2919,Room,5,2,60,6/17/2027,7/29/2027,0
3840,Room,5,2,60,6/17/2027,7/29/2027,0
5266,Room,5,2,60,6/17/2027,7/29/2027,0
7616,Booth,5,2,60,6/17/2027,7/29/2027,0
8582,Booth,5,2,60,6/17/2027,7/29/2027,0
8695,Booth,5,2,60,6/17/2027,7/29/2027,0
9178,Booth,5,2,60,6/17/2027,7/29/2027,0
2454,Booth,5,2,60,6/18/2027,7/30/2027,0
2502,Room,5,2,60,6/18/2027,7/30/2027,0
6283,Booth,5,2,60,6/18/2027,7/30/2027,0
9717,Booth,5,2,60,6/18/2027,7/30/2027,0
193,Booth,5,2,60,6/19/2027,7/31/2027,0
2439,Booth,5,2,60,6/19/2027,7/31/2027,0
2712,Booth,5,2,60,6/19/2027,7/31/2027,0
3319,Room,5,2,105,6/19/2027,7/31/2027,0
7399,Booth,5,2,60,6/19/2027,7/31/2027,0
7735,Booth,5,2,60,6/19/2027,7/31/2027,0
8224,Booth,5,2,60,6/19/2027,7/31/2027,0
8724,Booth,5,2,60,6/19/2027,7/31/2027,0
368,Booth,5,2,60,6/20/2027,08/01/2027,1
4117,Booth,5,3,60,6/20/2027,7/18/2027,0
9734,Room,5,2,60,6/20/2027,08/01/2027,0
158,Booth,5,2,60,6/21/2027,08/02/2027,0
708,Booth,5,2,60,6/21/2027,08/02/2027,0
1428,Booth,5,2,60,6/21/2027,08/02/2027,0
4154,Booth,5,2,60,6/21/2027,08/02/2027,0
4408,Booth,5,2,60,6/21/2027,08/02/2027,0
4973,Booth,5,2,60,6/21/2027,08/02/2027,0
1227,Booth,5,2,60,6/22/2027,08/03/2027,0
3331,Booth,5,2,60,6/22/2027,08/03/2027,0
4172,Booth,5,2,60,6/22/2027,08/03/2027,0
7473,Booth,5,2,60,6/22/2027,08/03/2027,0
8709,Booth,5,2,105,6/22/2027,08/03/2027,0
8739,Room,5,2,60,6/22/2027,08/03/2027,0
240,Booth,5,2,60,6/23/2027,08/04/2027,0
5092,Booth,5,2,60,6/23/2027,08/04/2027,0
7153,Room,5,2,60,6/23/2027,08/04/2027,0
7413,Booth,5,2,60,6/23/2027,08/04/2027,0
9050,Booth,5,2,60,6/23/2027,08/04/2027,0
9773,Booth,5,2,60,6/23/2027,08/04/2027,0
143,Booth,5,2,105,6/24/2027,08/05/2027,0
443,Booth,5,2,60,6/24/2027,08/05/2027,0
3906,Booth,5,2,60,6/24/2027,08/05/2027,0
8781,Booth,5,2,60,6/24/2027,08/05/2027,0
1977,Booth,5,1,60,6/25/2027,6/25/2027,0
2224,Booth,5,2,60,6/25/2027,08/06/2027,0
3511,Booth,5,2,60,6/25/2027,08/06/2027,0
3898,Room,5,2,60,6/25/2027,08/06/2027,0
5580,Booth,5,2,60,6/25/2027,08/06/2027,0
7691,Booth,5,2,60,6/25/2027,08/06/2027,0
7769,Booth,5,2,60,6/25/2027,08/06/2027,0
551,Booth,5,3,60,6/26/2027,7/24/2027,0
698,Booth,5,1,60,6/26/2027,6/26/2027,0
4161,Booth,5,2,60,6/26/2027,08/07/2027,0
4341,Booth,5,2,60,6/26/2027,08/07/2027,0
6739,Booth,7,2,60,6/26/2027,08/07/2027,0
7665,Booth,5,2,105,6/26/2027,08/07/2027,0
8065,Room,5,2,60,6/26/2027,08/07/2027,0
8311,Room,5,2,60,6/26/2027,08/07/2027,0
9325,Booth,5,2,105,6/26/2027,08/07/2027,0
1788,Booth,5,2,60,6/27/2027,08/08/2027,0
4776,Booth,6,2,60,6/27/2027,08/08/2027,0
6903,Room,5,2,60,6/27/2027,08/08/2027,0
8236,Booth,5,1,60,6/27/2027,6/27/2027,1
1773,Booth,5,2,60,6/28/2027,08/09/2027,0
8330,Booth,5,2,60,6/28/2027,08/09/2027,0
8368,Room,5,2,60,6/28/2027,08/09/2027,0
865,Booth,5,2,60,6/29/2027,08/10/2027,0
3020,Booth,6,2,60,6/29/2027,08/10/2027,0
4685,Booth,5,2,60,6/29/2027,08/10/2027,0
5310,Booth,5,1,60,6/29/2027,6/29/2027,0
7241,Booth,5,2,60,6/29/2027,08/10/2027,0
8013,Booth,5,2,30,6/29/2027,08/10/2027,0
8946,Booth,5,2,210,6/29/2027,08/10/2027,0
2904,Booth,5,2,60,6/30/2027,08/11/2027,0
7853,Booth,5,2,60,6/30/2027,08/11/2027,0
8055,Booth,5,2,60,6/30/2027,08/11/2027,0
49,Booth,5,2,60,07/01/2027,08/12/2027,0
3313,Booth,5,2,60,07/01/2027,08/12/2027,0
4517,Booth,5,2,60,07/01/2027,08/12/2027,0
7949,Booth,5,2,105,07/01/2027,08/12/2027,0
9759,Booth,5,2,60,07/01/2027,08/12/2027,0
730,Booth,6,2,60,07/02/2027,8/13/2027,0
1565,Booth,6,2,60,07/02/2027,8/13/2027,0
1900,Booth,5,2,60,07/02/2027,8/13/2027,0
5750,Booth,5,2,60,07/02/2027,8/13/2027,0
6186,Booth,5,2,60,07/02/2027,8/13/2027,0
6191,Room,5,2,60,07/02/2027,8/13/2027,0
8279,Room,5,2,60,07/02/2027,8/13/2027,0
8975,Booth,5,2,60,07/02/2027,8/13/2027,0
5278,Booth,5,2,60,07/03/2027,8/14/2027,0
7109,Booth,5,2,60,07/03/2027,8/14/2027,0
7225,Room,5,2,60,07/03/2027,8/14/2027,0
8326,Booth,5,2,60,07/03/2027,8/14/2027,0
8943,Booth,5,2,60,07/03/2027,8/14/2027,0
6760,Booth,5,2,60,07/04/2027,8/15/2027,0
7114,Booth,5,2,60,07/04/2027,8/15/2027,0
7253,Booth,6,2,60,07/04/2027,8/15/2027,1
7446,Booth,5,2,105,07/04/2027,8/15/2027,0
7744,Booth,5,2,60,07/04/2027,8/15/2027,0
3871,Booth,5,2,60,07/05/2027,8/16/2027,0
6712,Room,5,2,60,07/05/2027,8/16/2027,0
8254,Room,5,1,60,07/05/2027,07/05/2027,0
8440,Booth,5,2,60,07/05/2027,8/16/2027,0
8571,Booth,5,2,90,07/05/2027,8/16/2027,0
867,Booth,5,2,60,07/06/2027,8/17/2027,0
1052,Room,5,2,60,07/06/2027,8/17/2027,0
5249,Booth,5,2,60,07/06/2027,8/17/2027,0
8746,Room,5,2,60,07/06/2027,8/17/2027,0
1474,Booth,5,2,60,07/07/2027,8/18/2027,0
2695,Booth,5,2,60,07/07/2027,8/18/2027,0
3212,Booth,5,2,60,07/07/2027,8/18/2027,0
3447,Booth,5,2,60,07/07/2027,8/18/2027,0
4773,Booth,5,2,60,07/07/2027,8/18/2027,0
5989,Booth,5,2,60,07/07/2027,8/18/2027,0
2822,Booth,5,2,60,07/08/2027,8/19/2027,0
6805,Room,5,2,75,07/08/2027,8/19/2027,0
8944,Booth,5,2,75,07/08/2027,8/19/2027,0
1769,Room,5,2,60,07/09/2027,8/20/2027,0
2979,Booth,5,2,105,07/09/2027,8/20/2027,0
3779,Room,5,2,60,07/09/2027,8/20/2027,0
4267,Booth,5,2,90,07/09/2027,8/20/2027,0
4450,Booth,5,2,60,07/09/2027,8/20/2027,0
4905,Booth,5,2,60,07/09/2027,8/20/2027,0
7233,Booth,5,2,60,07/09/2027,8/20/2027,0
8548,Booth,5,2,60,07/09/2027,8/20/2027,0
8956,Booth,5,2,60,07/09/2027,8/20/2027,0
9936,Booth,5,2,60,07/09/2027,8/20/2027,0
35,Booth,5,2,60,07/10/2027,8/21/2027,0
3053,Booth,5,2,60,07/10/2027,8/21/2027,0
4898,Booth,5,2,60,07/10/2027,8/21/2027,0
5817,Booth,5,1,60,07/10/2027,07/10/2027,0
9854,Booth,6,2,60,07/10/2027,8/21/2027,0
1077,Booth,6,2,60,07/11/2027,8/22/2027,0
1796,Booth,5,2,60,07/11/2027,8/22/2027,0
2734,Booth,5,2,60,07/11/2027,8/22/2027,0
4782,Booth,5,2,60,07/11/2027,8/22/2027,0
5033,Booth,5,2,60,07/11/2027,8/22/2027,0
6020,Booth,5,2,60,07/11/2027,8/22/2027,0
9731,Booth,5,2,60,07/11/2027,8/22/2027,0
1491,Booth,5,2,60,07/12/2027,8/23/2027,0
1632,Booth,5,2,105,07/12/2027,8/23/2027,0
4946,Booth,5,2,60,07/12/2027,8/23/2027,0
5089,Booth,5,2,60,07/12/2027,8/23/2027,0
5096,Booth,5,2,60,07/12/2027,8/23/2027,0
5503,Booth,5,2,60,07/12/2027,8/23/2027,0
6964,Booth,5,2,60,07/12/2027,8/23/2027,0
9429,Booth,5,2,60,07/12/2027,8/23/2027,0
820,Room,5,2,105,7/13/2027,8/24/2027,0
2596,Booth,5,2,60,7/13/2027,8/24/2027,0
5889,Booth,5,2,60,7/13/2027,8/24/2027,0
6518,Booth,5,2,60,7/13/2027,8/24/2027,0
7360,Booth,5,2,75,7/13/2027,8/24/2027,0
7591,Booth,5,2,60,7/13/2027,8/24/2027,0
8353,Booth,5,2,60,7/13/2027,8/24/2027,0
9094,Booth,5,2,60,7/13/2027,8/24/2027,0
834,Booth,5,2,60,7/14/2027,8/25/2027,0
4485,Booth,6,2,60,7/14/2027,8/25/2027,0
5043,Booth,5,2,105,7/14/2027,8/25/2027,0
5104,Booth,5,2,60,7/14/2027,8/25/2027,0
6078,Room,5,2,60,7/14/2027,8/25/2027,0
6915,Booth,5,2,60,7/14/2027,8/25/2027,0
1966,Booth,5,2,60,7/15/2027,8/26/2027,0
7989,Booth,5,2,60,7/15/2027,8/26/2027,0
8161,Booth,5,2,60,7/15/2027,8/26/2027,0
8992,Booth,5,2,105,7/15/2027,8/26/2027,0
9321,Booth,5,2,60,7/15/2027,8/26/2027,0
529,Booth,5,2,60,7/16/2027,8/27/2027,0
2577,Booth,5,2,60,7/16/2027,8/27/2027,0
3761,Room,5,2,60,7/16/2027,8/27/2027,0
3922,Booth,5,3,60,7/16/2027,8/13/2027,0
4998,Booth,5,2,60,7/16/2027,8/27/2027,0
5824,Booth,5,1,75,7/16/2027,7/16/2027,0
8470,Room,5,2,60,7/16/2027,8/27/2027,0
9578,Booth,5,2,60,7/16/2027,8/27/2027,0
1341,Booth,5,2,60,7/17/2027,8/28/2027,0
1745,Booth,5,2,60,7/17/2027,8/28/2027,0
2325,Booth,5,2,60,7/17/2027,8/28/2027,0
2775,Booth,5,2,60,7/17/2027,8/28/2027,0
3211,Room,5,2,60,7/17/2027,8/28/2027,0
4099,Booth,5,2,60,7/17/2027,8/28/2027,0
4421,Booth,5,2,60,7/17/2027,8/28/2027,0
9496,Booth,5,2,60,7/17/2027,8/28/2027,0
2542,Booth,5,2,60,7/18/2027,8/29/2027,1
4098,Booth,5,2,60,7/18/2027,8/29/2027,0
4569,Booth,5,2,105,7/18/2027,8/29/2027,0
5019,Booth,5,2,60,7/18/2027,8/29/2027,0
5283,Booth,5,2,60,7/18/2027,8/29/2027,0
5618,Booth,5,2,60,7/18/2027,8/29/2027,0
6196,Room,5,3,60,7/18/2027,8/15/2027,0
6315,Booth,5,2,60,7/18/2027,8/29/2027,0
6653,Booth,5,2,60,7/18/2027,8/29/2027,0
9996,Booth,5,2,15,7/18/2027,8/29/2027,0
1222,Booth,5,2,60,7/19/2027,8/30/2027,0
8383,Booth,5,2,60,7/19/2027,8/30/2027,0
2790,Room,5,2,60,7/20/2027,8/31/2027,0
5748,Booth,5,2,60,7/20/2027,8/31/2027,0
6114,Booth,5,2,60,7/20/2027,8/31/2027,1
6957,Booth,5,2,60,7/20/2027,8/31/2027,0
7571,Booth,5,2,60,7/20/2027,8/31/2027,0
8221,Booth,5,1,60,7/20/2027,7/20/2027,0
9434,Booth,5,2,60,7/20/2027,8/31/2027,0
9471,Booth,5,2,60,7/20/2027,8/31/2027,0
9556,Booth,5,2,105,7/20/2027,8/31/2027,0
6674,Booth,5,2,210,7/21/2027,09/01/2027,0
7677,Booth,5,2,105,7/21/2027,09/01/2027,0
8243,Room,5,2,60,7/21/2027,09/01/2027,0
9862,Room,5,2,60,7/21/2027,09/01/2027,0
531,Room,5,2,60,7/22/2027,09/02/2027,0
880,Booth,5,2,60,7/22/2027,09/02/2027,0
4888,Room,5,2,60,7/22/2027,09/02/2027,0
7731,Booth,5,2,60,7/22/2027,09/02/2027,0
830,Room,5,2,105,7/23/2027,09/03/2027,0
5914,Booth,5,2,60,7/23/2027,09/03/2027,0
6473,Booth,5,1,60,7/23/2027,7/23/2027,1
2034,Room,5,2,60,7/24/2027,09/04/2027,0
3149,Booth,5,2,60,7/24/2027,09/04/2027,0
5303,Room,5,2,60,7/24/2027,09/04/2027,0
7683,Room,5,2,60,7/24/2027,09/04/2027,0
8379,Booth,5,2,60,7/24/2027,09/04/2027,0
9384,Booth,5,2,210,7/24/2027,09/04/2027,0
9728,Booth,5,2,180,7/24/2027,09/04/2027,0
2187,Room,5,2,60,7/25/2027,09/05/2027,0
3453,Booth,5,2,60,7/25/2027,09/05/2027,0
3929,Room,5,2,105,7/25/2027,09/05/2027,0
3955,Booth,5,2,60,7/25/2027,09/05/2027,0
4149,Booth,6,2,60,7/25/2027,09/05/2027,0
6778,Booth,7,1,60,7/25/2027,7/25/2027,1
7205,Booth,5,2,180,7/25/2027,09/05/2027,0
8250,Booth,5,2,60,7/25/2027,09/05/2027,0
9249,Booth,5,2,60,7/25/2027,09/05/2027,0
9309,Booth,5,2,60,7/25/2027,09/05/2027,0
2112,Booth,5,2,60,7/26/2027,09/06/2027,0
4680,Booth,5,2,60,7/26/2027,09/06/2027,0
5285,Booth,5,2,60,7/26/2027,09/06/2027,0
5474,Booth,5,2,60,7/26/2027,09/06/2027,0
6357,Booth,5,1,60,7/26/2027,7/26/2027,0
6745,Booth,6,2,60,7/26/2027,09/06/2027,0
7895,Booth,5,2,60,7/26/2027,09/06/2027,0
8775,Booth,5,2,60,7/26/2027,09/06/2027,0
8821,Booth,5,2,60,7/26/2027,09/06/2027,0
8967,Booth,5,3,60,7/26/2027,8/23/2027,0
8990,Booth,6,2,60,7/26/2027,09/06/2027,0
9081,Booth,5,2,60,7/26/2027,09/06/2027,0
1553,Room,5,2,60,7/27/2027,09/07/2027,0
4740,Room,6,3,60,7/27/2027,8/24/2027,0
6110,Booth,5,2,60,7/27/2027,09/07/2027,0
3168,Booth,5,2,60,7/28/2027,09/08/2027,0
4690,Booth,5,2,60,7/28/2027,09/08/2027,0
5436,Booth,5,2,60,7/28/2027,09/08/2027,0
7095,Booth,5,3,210,7/28/2027,8/25/2027,0
7513,Booth,5,2,60,7/28/2027,09/08/2027,0
9735,Booth,5,2,60,7/28/2027,09/08/2027,0
1967,Booth,5,2,60,7/29/2027,09/09/2027,0
3049,Booth,5,2,60,7/29/2027,09/09/2027,0
3978,Booth,5,2,60,7/29/2027,09/09/2027,0
1308,Booth,5,1,60,7/30/2027,7/30/2027,0
1715,Room,5,2,210,7/30/2027,09/10/2027,0
2315,Booth,5,2,60,7/30/2027,09/10/2027,0
2453,Room,5,2,60,7/30/2027,09/10/2027,0
3287,Booth,5,2,60,7/30/2027,09/10/2027,0
8910,Booth,5,2,60,7/30/2027,09/10/2027,0
752,Booth,5,2,60,7/31/2027,09/11/2027,0
879,Booth,5,2,60,7/31/2027,09/11/2027,0
943,Booth,5,2,60,7/31/2027,09/11/2027,0
1801,Booth,6,2,60,7/31/2027,09/11/2027,0
3591,Booth,5,2,60,7/31/2027,09/11/2027,0
3645,Booth,6,2,60,7/31/2027,09/11/2027,0
4153,Booth,5,2,60,7/31/2027,09/11/2027,0
4272,Booth,5,2,60,7/31/2027,09/11/2027,0
6265,Booth,5,2,60,7/31/2027,09/11/2027,0
429,Booth,5,2,60,08/01/2027,09/12/2027,0
1618,Booth,5,2,60,08/01/2027,09/12/2027,0
2019,Booth,5,3,60,08/01/2027,8/29/2027,0
4866,Booth,5,2,60,08/01/2027,09/12/2027,0
5121,Booth,6,2,60,08/01/2027,09/12/2027,0
6336,Booth,5,2,60,08/01/2027,09/12/2027,0
9022,Booth,5,2,60,08/01/2027,09/12/2027,0
19,Booth,5,2,60,08/02/2027,9/13/2027,0
758,Booth,5,2,60,08/02/2027,9/13/2027,0
941,Booth,5,2,30,08/02/2027,9/13/2027,0
2369,Booth,5,2,60,08/02/2027,9/13/2027,0
3444,Booth,5,2,105,08/02/2027,9/13/2027,0
3773,Booth,5,2,60,08/02/2027,9/13/2027,0
5986,Booth,5,2,60,08/02/2027,9/13/2027,0
7717,Booth,6,2,60,08/02/2027,9/13/2027,0
9570,Booth,6,2,15,08/02/2027,9/13/2027,0
9571,Room,5,2,60,08/02/2027,9/13/2027,0
9577,Booth,5,2,105,08/02/2027,9/13/2027,0
9969,Booth,5,2,105,08/02/2027,9/13/2027,1
70,Booth,5,2,60,08/03/2027,9/14/2027,0
1855,Booth,5,2,60,08/03/2027,9/14/2027,0
8532,Booth,5,2,60,08/03/2027,9/14/2027,0
9605,Booth,5,2,60,08/03/2027,9/14/2027,0
1059,Booth,5,2,90,08/04/2027,9/15/2027,0
1124,Room,5,3,60,08/04/2027,09/01/2027,0
1615,Booth,5,1,60,08/04/2027,08/04/2027,0
2484,Booth,6,2,60,08/04/2027,9/15/2027,1
3786,Booth,5,2,60,08/04/2027,9/15/2027,0
7550,Room,5,2,60,08/04/2027,9/15/2027,0
4433,Booth,5,2,60,08/05/2027,9/16/2027,0
4477,Booth,5,1,60,08/05/2027,08/05/2027,0
7382,Booth,5,2,60,08/05/2027,9/16/2027,0
7848,Booth,5,2,60,08/05/2027,9/16/2027,0
8640,Room,5,2,75,08/05/2027,9/16/2027,0
9106,Booth,5,2,60,08/05/2027,9/16/2027,0
635,Booth,5,2,60,08/06/2027,9/17/2027,0
1680,Room,5,3,60,08/06/2027,09/03/2027,0
2180,Booth,5,2,60,08/06/2027,9/17/2027,0
3290,Booth,5,2,105,08/06/2027,9/17/2027,0
3583,Room,5,2,105,08/06/2027,9/17/2027,0
4594,Booth,5,2,60,08/06/2027,9/17/2027,0
5555,Booth,5,2,60,08/06/2027,9/17/2027,1
6862,Booth,5,2,60,08/06/2027,9/17/2027,0
6998,Room,5,2,60,08/06/2027,9/17/2027,0
7013,Booth,5,2,105,08/06/2027,9/17/2027,0
8544,Booth,5,2,60,08/06/2027,9/17/2027,0
8616,Booth,5,2,60,08/06/2027,9/17/2027,0
3932,Booth,5,3,60,08/07/2027,09/04/2027,0
6172,Booth,5,2,60,08/07/2027,9/18/2027,0
6239,Booth,5,2,60,08/07/2027,9/18/2027,0
6577,Booth,5,2,60,08/07/2027,9/18/2027,0
1839,Booth,5,2,105,08/08/2027,9/19/2027,0
2550,Booth,5,2,60,08/08/2027,9/19/2027,0
3859,Booth,5,2,60,08/08/2027,9/19/2027,0
4994,Booth,5,2,60,08/08/2027,9/19/2027,0
5341,Room,5,2,180,08/08/2027,9/19/2027,0
6288,Booth,5,2,105,08/08/2027,9/19/2027,0
7982,Booth,5,2,60,08/08/2027,9/19/2027,0
2444,Booth,5,2,60,08/09/2027,9/20/2027,0
4225,Booth,5,2,60,08/09/2027,9/20/2027,0
5919,Booth,6,2,60,08/09/2027,9/20/2027,0
6594,Booth,5,1,60,08/09/2027,08/09/2027,0
6633,Booth,5,2,60,08/09/2027,9/20/2027,0
8525,Booth,5,2,60,08/09/2027,9/20/2027,0
9187,Booth,5,2,60,08/09/2027,9/20/2027,0
891,Booth,5,2,60,08/10/2027,9/21/2027,0
3839,Booth,5,2,60,08/10/2027,9/21/2027,0
6638,Booth,5,2,60,08/10/2027,9/21/2027,1
3421,Booth,5,2,60,08/11/2027,9/22/2027,0
3589,Booth,5,2,60,08/11/2027,9/22/2027,0
3860,Booth,5,2,60,08/11/2027,9/22/2027,0
6743,Room,5,2,60,08/11/2027,9/22/2027,1
7281,Booth,5,2,105,08/11/2027,9/22/2027,0
8965,Booth,5,2,60,08/11/2027,9/22/2027,0
1889,Booth,5,2,60,08/12/2027,9/23/2027,0
8103,Booth,5,2,60,08/12/2027,9/23/2027,0
145,Booth,5,2,60,8/13/2027,9/24/2027,0
1058,Room,5,2,60,8/13/2027,9/24/2027,0
4097,Booth,5,2,60,8/13/2027,9/24/2027,0
4468,Booth,5,2,60,8/13/2027,9/24/2027,0
5628,Booth,5,2,60,8/13/2027,9/24/2027,0
7292,Booth,5,1,60,8/13/2027,8/13/2027,0
7734,Booth,5,2,60,8/13/2027,9/24/2027,0
1513,Room,5,2,60,8/14/2027,9/25/2027,0
2739,Booth,5,2,60,8/14/2027,9/25/2027,0
4001,Booth,5,2,60,8/14/2027,9/25/2027,0
4167,Booth,5,2,60,8/14/2027,9/25/2027,0
5398,Booth,5,2,60,8/14/2027,9/25/2027,0
5611,Booth,5,2,60,8/14/2027,9/25/2027,0
5747,Booth,5,2,60,8/14/2027,9/25/2027,0
6129,Booth,5,2,60,8/14/2027,9/25/2027,0
8192,Booth,5,2,15,8/14/2027,9/25/2027,0
9972,Booth,5,2,60,8/14/2027,9/25/2027,0
1215,Booth,5,1,60,8/15/2027,8/15/2027,0
1665,Booth,5,2,60,8/15/2027,9/26/2027,1
2179,Booth,5,2,60,8/15/2027,9/26/2027,0
6132,Booth,5,2,60,8/15/2027,9/26/2027,0
7686,Booth,5,2,60,8/15/2027,9/26/2027,0
2976,Booth,5,2,60,8/16/2027,9/27/2027,0
3568,Booth,5,2,60,8/16/2027,9/27/2027,0
4300,Booth,5,2,60,8/16/2027,9/27/2027,0
5546,Booth,5,2,75,8/16/2027,9/27/2027,0
1166,Booth,5,3,60,8/17/2027,9/14/2027,0
1840,Booth,5,2,60,8/17/2027,9/28/2027,0
9302,Booth,5,1,60,8/17/2027,8/17/2027,0
9934,Booth,5,1,60,8/17/2027,8/17/2027,0
1015,Booth,5,2,60,8/18/2027,9/29/2027,0
4042,Booth,5,2,60,8/18/2027,9/29/2027,0
5132,Booth,5,2,60,8/18/2027,9/29/2027,0
5766,Booth,5,1,60,8/18/2027,8/18/2027,0
6845,Booth,5,2,60,8/18/2027,9/29/2027,0
9685,Booth,5,2,60,8/18/2027,9/29/2027,0
556,Booth,5,2,60,8/19/2027,9/30/2027,0
3235,Booth,6,2,60,8/19/2027,9/30/2027,0
3305,Booth,5,2,60,8/19/2027,9/30/2027,0
4442,Booth,5,2,60,8/19/2027,9/30/2027,0
5127,Booth,5,2,60,8/19/2027,9/30/2027,0
6137,Booth,5,2,60,8/19/2027,9/30/2027,0
6328,Room,6,2,105,8/19/2027,9/30/2027,0
8961,Booth,5,2,60,8/19/2027,9/30/2027,0
21,Booth,5,2,60,8/20/2027,10/01/2027,0
331,Booth,6,2,60,8/20/2027,10/01/2027,0
640,Booth,5,2,30,8/20/2027,10/01/2027,0
3068,Booth,5,2,60,8/20/2027,10/01/2027,0
6631,Booth,5,2,60,8/20/2027,10/01/2027,0
8115,Booth,5,2,75,8/20/2027,10/01/2027,0
9212,Booth,5,2,60,8/20/2027,10/01/2027,0
55,Booth,5,2,60,8/21/2027,10/02/2027,0
784,Booth,5,2,60,8/21/2027,10/02/2027,0
1271,Booth,6,2,60,8/21/2027,10/02/2027,0
2447,Booth,5,2,60,8/21/2027,10/02/2027,0
5321,Booth,5,2,60,8/21/2027,10/02/2027,0
5322,Booth,5,1,105,8/21/2027,8/21/2027,0
5796,Room,5,1,60,8/21/2027,8/21/2027,0
6321,Booth,5,2,60,8/21/2027,10/02/2027,0
6799,Booth,5,2,60,8/21/2027,10/02/2027,0
6947,Booth,5,2,60,8/21/2027,10/02/2027,0
7204,Room,5,2,60,8/21/2027,10/02/2027,0
8901,Booth,5,2,60,8/21/2027,10/02/2027,0
944,Booth,6,2,60,8/22/2027,10/03/2027,0
2105,Booth,5,2,60,8/22/2027,10/03/2027,0
2442,Booth,5,2,60,8/22/2027,10/03/2027,0
2581,Booth,5,2,60,8/22/2027,10/03/2027,0
2694,Booth,5,2,60,8/22/2027,10/03/2027,0
4520,Booth,5,2,60,8/23/2027,10/04/2027,0
4654,Booth,5,2,60,8/23/2027,10/04/2027,0
5385,Booth,5,2,60,8/23/2027,10/04/2027,0
7928,Booth,6,2,60,8/23/2027,10/04/2027,0
8232,Booth,5,2,60,8/23/2027,10/04/2027,1
8832,Booth,5,2,60,8/23/2027,10/04/2027,0
1103,Booth,5,2,60,8/24/2027,10/05/2027,0
2648,Booth,5,2,60,8/24/2027,10/05/2027,0
4716,Booth,5,2,60,8/24/2027,10/05/2027,0
4833,Booth,5,2,60,8/24/2027,10/05/2027,0
5122,Booth,5,2,60,8/24/2027,10/05/2027,0
8905,Room,5,2,105,8/24/2027,10/05/2027,0
779,Room,5,2,60,8/25/2027,10/06/2027,0
1422,Booth,5,2,60,8/25/2027,10/06/2027,0
1571,Booth,5,2,60,8/25/2027,10/06/2027,0
5902,Booth,5,2,60,8/25/2027,10/06/2027,0
7768,Booth,5,2,60,8/25/2027,10/06/2027,0
456,Booth,5,2,60,8/26/2027,10/07/2027,0
1065,Booth,5,2,60,8/26/2027,10/07/2027,0
1259,Booth,5,2,60,8/26/2027,10/07/2027,0
2341,Booth,5,2,60,8/26/2027,10/07/2027,0
3067,Booth,5,2,60,8/26/2027,10/07/2027,0
8184,Booth,5,2,60,8/26/2027,10/07/2027,0
8273,Booth,5,2,60,8/26/2027,10/07/2027,0
8676,Booth,5,2,60,8/26/2027,10/07/2027,0
9422,Booth,5,2,60,8/26/2027,10/07/2027,0
2518,Booth,6,1,60,8/27/2027,8/27/2027,0
3736,Room,5,2,60,8/27/2027,10/08/2027,0
5277,Booth,5,2,60,8/27/2027,10/08/2027,0
6848,Booth,5,2,60,8/27/2027,10/08/2027,0
8011,Booth,5,2,60,8/27/2027,10/08/2027,0
8696,Booth,5,2,60,8/27/2027,10/08/2027,0
9271,Room,5,2,60,8/27/2027,10/08/2027,0
32,Booth,5,2,60,8/28/2027,10/09/2027,0
2321,Booth,5,2,60,8/28/2027,10/09/2027,0
3247,Booth,5,2,60,8/28/2027,10/09/2027,0
4572,Booth,5,2,60,8/28/2027,10/09/2027,1
4613,Booth,5,2,180,8/28/2027,10/09/2027,0
6769,Booth,5,2,60,8/28/2027,10/09/2027,0
4265,Room,6,2,60,8/29/2027,10/10/2027,0
5306,Booth,5,2,105,8/29/2027,10/10/2027,0
5327,Booth,5,2,60,8/29/2027,10/10/2027,0
5466,Booth,5,2,60,8/29/2027,10/10/2027,0
8216,Booth,5,2,60,8/29/2027,10/10/2027,0
9721,Booth,5,2,60,8/29/2027,10/10/2027,1
3213,Booth,5,2,60,8/30/2027,10/11/2027,0
4483,Booth,5,2,15,8/30/2027,10/11/2027,0
4587,Booth,5,2,60,8/30/2027,10/11/2027,0
7674,Booth,6,3,180,8/30/2027,9/27/2027,0
8509,Room,5,2,60,8/30/2027,10/11/2027,0
2438,Booth,5,2,60,8/31/2027,10/12/2027,0
4696,Booth,5,2,60,8/31/2027,10/12/2027,0
5329,Booth,5,2,60,8/31/2027,10/12/2027,0
6628,Booth,5,2,60,8/31/2027,10/12/2027,0
7421,Booth,5,1,60,8/31/2027,8/31/2027,1
8896,Booth,5,2,60,8/31/2027,10/12/2027,0
9518,Booth,5,2,60,8/31/2027,10/12/2027,0
67,Booth,5,2,60,09/01/2027,10/13/2027,0
393,Booth,5,2,105,09/01/2027,10/13/2027,0
2242,Booth,5,2,60,09/01/2027,10/13/2027,0
3276,Booth,5,2,60,09/01/2027,10/13/2027,0
4470,Booth,5,2,60,09/01/2027,10/13/2027,0
4980,Booth,5,2,60,09/01/2027,10/13/2027,0
7650,Booth,5,2,60,09/01/2027,10/13/2027,0
9127,Booth,5,2,210,09/01/2027,10/13/2027,0
9816,Booth,6,2,60,09/01/2027,10/13/2027,0
2403,Booth,5,2,180,09/02/2027,10/14/2027,0
5625,Booth,5,2,60,09/02/2027,10/14/2027,0
5869,Room,5,2,60,09/02/2027,10/14/2027,0
5935,Booth,5,2,60,09/02/2027,10/14/2027,0
6781,Booth,5,2,90,09/02/2027,10/14/2027,0
8436,Booth,5,2,60,09/02/2027,10/14/2027,0
1714,Booth,5,2,60,09/03/2027,10/15/2027,0
2795,Booth,5,2,90,09/03/2027,10/15/2027,0
4307,Booth,5,2,60,09/03/2027,10/15/2027,0
6792,Room,5,2,60,09/03/2027,10/15/2027,0
8198,Booth,5,2,60,09/03/2027,10/15/2027,0
8304,Booth,5,2,60,09/03/2027,10/15/2027,0
9097,Booth,5,2,60,09/03/2027,10/15/2027,0
9863,Booth,5,2,60,09/03/2027,10/15/2027,0
1480,Booth,5,2,60,09/04/2027,10/16/2027,0
2626,Booth,5,2,60,09/04/2027,10/16/2027,0
2741,Booth,6,2,90,09/04/2027,10/16/2027,0
3383,Booth,5,2,60,09/04/2027,10/16/2027,0
4076,Booth,5,2,60,09/04/2027,10/16/2027,0
6509,Booth,5,2,60,09/04/2027,10/16/2027,0
8067,Booth,5,2,60,09/04/2027,10/16/2027,0
9047,Booth,5,2,60,09/04/2027,10/16/2027,0
2592,Booth,5,2,60,09/05/2027,10/17/2027,0
4595,Booth,5,2,60,09/05/2027,10/17/2027,1
5947,Booth,5,2,60,09/05/2027,10/17/2027,0
8337,Booth,5,2,60,09/05/2027,10/17/2027,0
1017,Booth,6,2,60,09/06/2027,10/18/2027,0
1699,Booth,5,2,60,09/06/2027,10/18/2027,0
2428,Room,5,2,60,09/06/2027,10/18/2027,0
3664,Booth,5,2,60,09/06/2027,10/18/2027,0
4155,Booth,5,2,60,09/06/2027,10/18/2027,0
4958,Booth,5,2,60,09/06/2027,10/18/2027,0
6826,Room,5,2,60,09/06/2027,10/18/2027,0
6828,Booth,5,2,60,09/06/2027,10/18/2027,0
7574,Booth,5,2,60,09/06/2027,10/18/2027,0
1534,Booth,5,2,60,09/07/2027,10/19/2027,0
3513,Room,5,2,60,09/07/2027,10/19/2027,0
3682,Booth,5,2,60,09/07/2027,10/19/2027,0
477,Booth,5,2,60,09/08/2027,10/20/2027,0
2499,Booth,5,2,210,09/08/2027,10/20/2027,0
3013,Booth,5,3,60,09/08/2027,10/06/2027,0
4105,Booth,5,2,180,09/08/2027,10/20/2027,0
4179,Booth,5,2,60,09/08/2027,10/20/2027,0
5114,Booth,5,3,60,09/08/2027,10/06/2027,0
5500,Booth,5,2,60,09/08/2027,10/20/2027,0
5723,Booth,5,2,60,09/08/2027,10/20/2027,0
6494,Booth,5,2,60,09/08/2027,10/20/2027,0
7171,Booth,5,2,210,09/08/2027,10/20/2027,0
9968,Booth,5,3,60,09/08/2027,10/06/2027,0
1101,Room,5,3,60,09/09/2027,10/07/2027,0
1449,Booth,5,1,60,09/09/2027,09/09/2027,0
1454,Booth,5,2,60,09/09/2027,10/21/2027,0
3660,Booth,5,2,60,09/09/2027,10/21/2027,0
5160,Booth,5,2,60,09/09/2027,10/21/2027,0
6515,Room,5,2,60,09/09/2027,10/21/2027,0
6921,Booth,5,2,60,09/09/2027,10/21/2027,0
9478,Booth,5,2,60,09/09/2027,10/21/2027,0
677,Booth,5,2,210,09/10/2027,10/22/2027,0
2885,Booth,5,2,60,09/10/2027,10/22/2027,0
5647,Booth,5,2,60,09/10/2027,10/22/2027,0
8701,Booth,5,2,60,09/11/2027,10/23/2027,0
8866,Booth,5,2,60,09/11/2027,10/23/2027,0
9055,Booth,5,2,60,09/11/2027,10/23/2027,0
956,Booth,5,2,60,09/12/2027,10/24/2027,0
1869,Booth,5,2,60,09/12/2027,10/24/2027,0
2924,Booth,6,2,60,09/12/2027,10/24/2027,0
2998,Booth,5,2,60,09/12/2027,10/24/2027,0
3470,Booth,5,2,60,09/12/2027,10/24/2027,0
3861,Booth,5,2,60,09/12/2027,10/24/2027,0
3924,Room,5,2,30,09/12/2027,10/24/2027,0
8778,Booth,5,2,60,09/12/2027,10/24/2027,0
630,Booth,5,2,60,9/13/2027,10/25/2027,0
680,Booth,6,2,60,9/13/2027,10/25/2027,0
8098,Booth,5,2,60,9/13/2027,10/25/2027,0
991,Booth,5,2,60,9/14/2027,10/26/2027,0
5888,Room,5,2,60,9/14/2027,10/26/2027,0
7172,Booth,5,2,60,9/14/2027,10/26/2027,0
9461,Booth,5,2,210,9/14/2027,10/26/2027,0
1598,Booth,5,2,60,9/15/2027,10/27/2027,0
3747,Booth,6,2,60,9/15/2027,10/27/2027,0
4744,Booth,5,2,60,9/15/2027,10/27/2027,0
6723,Booth,5,2,60,9/15/2027,10/27/2027,0
7039,Room,5,2,60,9/15/2027,10/27/2027,0
1366,Booth,5,2,60,9/16/2027,10/28/2027,0
7451,Booth,5,2,60,9/16/2027,10/28/2027,0
8033,Booth,5,2,60,9/16/2027,10/28/2027,0
2966,Room,5,2,105,9/17/2027,10/29/2027,0
4359,Booth,5,2,210,9/17/2027,10/29/2027,0
6851,Booth,6,2,210,9/17/2027,10/29/2027,0
7506,Room,5,2,60,9/17/2027,10/29/2027,0
7523,Booth,7,1,60,9/17/2027,9/17/2027,0
932,Booth,5,2,60,9/18/2027,10/30/2027,0
2410,Booth,5,2,60,9/18/2027,10/30/2027,0
3100,Booth,5,2,60,9/18/2027,10/30/2027,0
3491,Booth,6,1,60,9/18/2027,9/18/2027,0
3904,Booth,5,2,60,9/18/2027,10/30/2027,0
5025,Booth,5,2,60,9/18/2027,10/30/2027,0
7418,Booth,5,2,60,9/18/2027,10/30/2027,0
9112,Booth,5,2,60,9/18/2027,10/30/2027,0
930,Booth,5,2,60,9/19/2027,10/31/2027,0
3676,Booth,5,2,60,9/19/2027,10/31/2027,0
4069,Booth,5,2,60,9/19/2027,10/31/2027,0
1050,Booth,5,2,60,9/20/2027,11/01/2027,0
1282,Booth,5,2,75,9/20/2027,11/01/2027,0
1919,Booth,5,2,60,9/20/2027,11/01/2027,0
1936,Booth,5,2,60,9/20/2027,11/01/2027,0
9866,Room,5,2,60,9/20/2027,11/01/2027,0
204,Booth,5,2,60,9/21/2027,11/02/2027,0
3065,Booth,5,2,60,9/21/2027,11/02/2027,0
8711,Booth,5,2,60,9/21/2027,11/02/2027,0
9882,Booth,5,1,60,9/21/2027,9/21/2027,0
283,Booth,5,2,60,9/22/2027,11/03/2027,0
607,Booth,5,2,60,9/22/2027,11/03/2027,0
3103,Booth,5,2,60,9/22/2027,11/03/2027,0
7909,Room,5,2,60,9/22/2027,11/03/2027,0
8028,Booth,6,2,60,9/22/2027,11/03/2027,0
8094,Room,5,2,105,9/22/2027,11/03/2027,0
8710,Room,5,2,60,9/22/2027,11/03/2027,0
1057,Booth,6,2,60,9/23/2027,11/04/2027,0
5644,Booth,5,1,210,9/23/2027,9/23/2027,0
6109,Booth,5,2,60,9/23/2027,11/04/2027,0
7688,Booth,5,2,60,9/23/2027,11/04/2027,0
9192,Booth,5,2,60,9/23/2027,11/04/2027,0
9789,Booth,5,2,30,9/23/2027,11/04/2027,0
1255,Booth,5,2,60,9/24/2027,11/05/2027,0
4077,Booth,5,2,60,9/24/2027,11/05/2027,0
8360,Booth,5,2,60,9/24/2027,11/05/2027,0
2584,Booth,5,2,60,9/25/2027,11/06/2027,0
2779,Booth,5,2,60,9/25/2027,11/06/2027,0
3410,Booth,5,2,210,9/25/2027,11/06/2027,0
3571,Booth,5,1,60,9/25/2027,9/25/2027,0
4661,Booth,5,2,60,9/25/2027,11/06/2027,0
5180,Booth,5,2,60,9/25/2027,11/06/2027,0
5351,Booth,5,2,60,9/25/2027,11/06/2027,0
6644,Booth,5,2,60,9/25/2027,11/06/2027,0
9176,Booth,5,2,60,9/25/2027,11/06/2027,0
9633,Booth,5,2,60,9/25/2027,11/06/2027,0
992,Booth,5,2,60,9/26/2027,11/07/2027,0
3547,Booth,5,2,60,9/26/2027,11/07/2027,0
3948,Booth,5,2,210,9/26/2027,11/07/2027,0
4459,Booth,5,2,60,9/26/2027,11/07/2027,0
6786,Booth,5,2,60,9/26/2027,11/07/2027,0
8366,Booth,5,2,60,9/26/2027,11/07/2027,0
8677,Room,5,2,60,9/26/2027,11/07/2027,0
995,Booth,5,3,60,9/27/2027,10/25/2027,0
3214,Booth,5,2,60,9/27/2027,11/08/2027,0
8915,Booth,5,2,60,9/27/2027,11/08/2027,0
9804,Booth,5,2,60,9/27/2027,11/08/2027,0
7,Booth,5,2,60,9/28/2027,11/09/2027,0
1003,Booth,5,2,60,9/28/2027,11/09/2027,0
2021,Booth,5,2,60,9/28/2027,11/09/2027,0
3442,Booth,5,2,60,9/28/2027,11/09/2027,0
4118,Booth,5,2,60,9/28/2027,11/09/2027,0
5829,Booth,5,2,60,9/28/2027,11/09/2027,0
5906,Booth,5,2,60,9/28/2027,11/09/2027,0
6106,Booth,5,2,60,9/28/2027,11/09/2027,0
9441,Booth,5,1,60,9/28/2027,9/28/2027,0
4268,Room,5,2,60,9/29/2027,11/10/2027,0
5190,Booth,5,2,60,9/29/2027,11/10/2027,0
6382,Booth,5,2,60,9/29/2027,11/10/2027,0
6548,Booth,5,2,60,9/29/2027,11/10/2027,0
8919,Booth,5,2,60,9/29/2027,11/10/2027,0
9823,Booth,5,2,105,9/29/2027,11/10/2027,1
3628,Booth,5,2,60,9/30/2027,11/11/2027,0
6366,Booth,5,2,60,9/30/2027,11/11/2027,0
6890,Booth,5,2,75,9/30/2027,11/11/2027,0
9542,Booth,5,2,60,9/30/2027,11/11/2027,0
2054,Booth,5,2,60,10/01/2027,11/12/2027,0
2338,Booth,5,2,60,10/01/2027,11/12/2027,0
2829,Booth,5,2,60,10/01/2027,11/12/2027,0
4314,Booth,5,2,60,10/01/2027,11/12/2027,0
9737,Booth,5,2,15,10/01/2027,11/12/2027,0
4487,Booth,5,2,60,10/02/2027,11/13/2027,0
4803,Booth,5,2,60,10/02/2027,11/13/2027,0
7245,Booth,5,2,60,10/02/2027,11/13/2027,0
7588,Booth,5,2,90,10/02/2027,11/13/2027,0
8466,Booth,5,3,60,10/02/2027,10/30/2027,0
9595,Booth,5,2,60,10/02/2027,11/13/2027,0
1564,Booth,5,2,60,10/03/2027,11/14/2027,0
3057,Booth,5,2,60,10/03/2027,11/14/2027,0
3382,Booth,5,2,210,10/03/2027,11/14/2027,0
3740,Room,5,2,60,10/03/2027,11/14/2027,0
6530,Booth,5,2,60,10/03/2027,11/14/2027,0
8595,Room,5,2,60,10/03/2027,11/14/2027,0
227,Booth,5,2,60,10/04/2027,11/15/2027,0
2071,Booth,5,2,60,10/04/2027,11/15/2027,0
2173,Booth,5,2,60,10/04/2027,11/15/2027,0
2675,Room,6,2,60,10/04/2027,11/15/2027,0
5149,Booth,6,2,60,10/04/2027,11/15/2027,0
882,Booth,5,2,60,10/05/2027,11/16/2027,0
7113,Booth,5,2,60,10/05/2027,11/16/2027,0
8298,Booth,5,2,60,10/05/2027,11/16/2027,1
908,Booth,5,2,60,10/06/2027,11/17/2027,0
2972,Booth,5,2,60,10/06/2027,11/17/2027,0
5910,Booth,5,2,105,10/06/2027,11/17/2027,0
1604,Booth,5,2,60,10/07/2027,11/18/2027,0
2252,Booth,5,2,60,10/07/2027,11/18/2027,1
3661,Booth,5,2,60,10/07/2027,11/18/2027,0
4162,Booth,5,2,60,10/07/2027,11/18/2027,0
5111,Booth,5,3,60,10/07/2027,11/04/2027,0
6526,Booth,5,2,60,10/07/2027,11/18/2027,0
8606,Booth,5,2,60,10/07/2027,11/18/2027,0
8664,Booth,5,2,60,10/07/2027,11/18/2027,0
222,Booth,6,2,60,10/08/2027,11/19/2027,0
1608,Booth,5,2,60,10/08/2027,11/19/2027,0
2834,Room,5,2,60,10/08/2027,11/19/2027,0
8047,Booth,5,2,60,10/08/2027,11/19/2027,0
8596,Room,5,2,60,10/08/2027,11/19/2027,0
1339,Booth,5,2,60,10/09/2027,11/20/2027,0
1591,Booth,5,2,60,10/09/2027,11/20/2027,0
1963,Booth,5,3,60,10/09/2027,11/06/2027,0
7131,Booth,5,2,60,10/09/2027,11/20/2027,0
7961,Booth,5,2,60,10/09/2027,11/20/2027,0
8310,Booth,5,3,60,10/09/2027,11/06/2027,0
617,Booth,5,2,60,10/10/2027,11/21/2027,0
1240,Booth,5,3,60,10/10/2027,11/07/2027,0
1802,Booth,5,2,60,10/10/2027,11/21/2027,0
7079,Booth,5,2,60,10/10/2027,11/21/2027,0
8904,Room,5,2,60,10/10/2027,11/21/2027,0
906,Booth,5,2,60,10/11/2027,11/22/2027,0
961,Booth,5,2,60,10/11/2027,11/22/2027,1
2920,Booth,5,2,60,10/11/2027,11/22/2027,0
3757,Booth,5,2,60,10/11/2027,11/22/2027,0
5702,Booth,5,2,60,10/11/2027,11/22/2027,0
9592,Booth,5,2,60,10/11/2027,11/22/2027,0
593,Booth,5,2,60,10/12/2027,11/23/2027,0
755,Room,5,2,60,10/12/2027,11/23/2027,0
3354,Booth,5,2,60,10/12/2027,11/23/2027,1
4652,Booth,5,2,60,10/12/2027,11/23/2027,0
384,Booth,5,2,60,10/13/2027,11/24/2027,0
1218,Booth,5,2,60,10/13/2027,11/24/2027,0
2004,Booth,5,2,60,10/13/2027,11/24/2027,0
3867,Booth,5,2,60,10/13/2027,11/24/2027,0
4252,Room,5,2,60,10/13/2027,11/24/2027,0
4596,Booth,5,2,60,10/13/2027,11/24/2027,0
4879,Booth,5,2,210,10/13/2027,11/24/2027,0
5483,Booth,6,2,60,10/13/2027,11/24/2027,0
5582,Room,5,2,60,10/13/2027,11/24/2027,0
9241,Booth,5,2,60,10/13/2027,11/24/2027,0
912,Booth,5,2,60,10/14/2027,11/25/2027,0
3114,Booth,5,2,60,10/14/2027,11/25/2027,0
5944,Booth,5,2,60,10/14/2027,11/25/2027,0
6050,Booth,5,2,60,10/14/2027,11/25/2027,0
6807,Booth,5,2,60,10/14/2027,11/25/2027,0
7050,Booth,5,2,105,10/14/2027,11/25/2027,0
7121,Booth,5,2,60,10/14/2027,11/25/2027,0
39,Booth,5,2,60,10/15/2027,11/26/2027,0
512,Booth,5,2,60,10/15/2027,11/26/2027,0
2424,Booth,5,2,60,10/15/2027,11/26/2027,1
2503,Booth,5,2,15,10/15/2027,11/26/2027,1
2678,Booth,5,2,60,10/15/2027,11/26/2027,0
2953,Booth,5,2,60,10/15/2027,11/26/2027,0
6720,Booth,5,2,60,10/15/2027,11/26/2027,0
7266,Room,5,2,105,10/15/2027,11/26/2027,0
8226,Booth,5,2,60,10/15/2027,11/26/2027,0
8726,Booth,5,2,60,10/15/2027,11/26/2027,0
706,Booth,6,2,60,10/16/2027,11/27/2027,1
2874,Room,5,2,60,10/16/2027,11/27/2027,0
3880,Booth,5,2,60,10/16/2027,11/27/2027,1
5345,Room,5,2,60,10/16/2027,11/27/2027,0
5783,Booth,5,2,60,10/16/2027,11/27/2027,0
6140,Booth,5,2,60,10/16/2027,11/27/2027,0
7776,Booth,5,2,60,10/16/2027,11/27/2027,0
8064,Booth,5,2,60,10/16/2027,11/27/2027,0
8593,Booth,5,2,60,10/16/2027,11/27/2027,0
846,Booth,5,2,60,10/17/2027,11/28/2027,0
4605,Booth,5,2,60,10/17/2027,11/28/2027,0
4835,Booth,5,2,60,10/17/2027,11/28/2027,0
5607,Booth,5,2,60,10/17/2027,11/28/2027,0
9701,Booth,5,2,60,10/17/2027,11/28/2027,0
1053,Booth,5,2,60,10/18/2027,11/29/2027,0
2549,Room,5,2,60,10/18/2027,11/29/2027,0
3756,Booth,5,2,105,10/18/2027,11/29/2027,0
5884,Booth,5,2,105,10/18/2027,11/29/2027,1
8624,Booth,5,2,60,10/18/2027,11/29/2027,0
884,Booth,5,2,60,10/19/2027,11/30/2027,0
3333,Booth,5,2,60,10/19/2027,11/30/2027,0
4005,Booth,5,2,60,10/19/2027,11/30/2027,0
5510,Booth,5,2,60,10/19/2027,11/30/2027,0
5997,Booth,5,2,60,10/19/2027,11/30/2027,0
7313,Booth,5,3,60,10/19/2027,11/16/2027,0
1329,Booth,5,2,60,10/20/2027,12/01/2027,0
2657,Booth,5,2,60,10/20/2027,12/01/2027,0
4214,Booth,5,2,60,10/20/2027,12/01/2027,0
6517,Booth,5,2,60,10/20/2027,12/01/2027,0
8268,Booth,5,2,60,10/20/2027,12/01/2027,0
8783,Booth,5,2,60,10/20/2027,12/01/2027,0
306,Booth,5,2,60,10/21/2027,12/02/2027,0
1045,Booth,5,2,60,10/21/2027,12/02/2027,0
1547,Room,5,2,105,10/21/2027,12/02/2027,0
3647,Room,5,2,60,10/21/2027,12/02/2027,0
3774,Room,5,2,60,10/21/2027,12/02/2027,0
4911,Booth,5,2,60,10/21/2027,12/02/2027,0
9363,Room,5,2,60,10/21/2027,12/02/2027,1
9614,Room,5,1,60,10/21/2027,10/21/2027,0
279,Booth,5,2,60,10/22/2027,12/03/2027,0
1811,Room,5,2,60,10/22/2027,12/03/2027,0
6479,Room,5,2,60,10/22/2027,12/03/2027,0
9666,Booth,5,1,60,10/22/2027,10/22/2027,0
5150,Booth,5,2,75,10/23/2027,12/04/2027,0
8141,Booth,5,2,60,10/23/2027,12/04/2027,0
9089,Room,5,2,60,10/23/2027,12/04/2027,0
9204,Booth,5,2,60,10/23/2027,12/04/2027,0
9394,Booth,5,2,60,10/23/2027,12/04/2027,0
9428,Booth,5,2,60,10/23/2027,12/04/2027,0
1138,Booth,5,2,60,10/24/2027,12/05/2027,0
1804,Booth,5,2,60,10/24/2027,12/05/2027,0
1826,Booth,5,2,60,10/24/2027,12/05/2027,0
3641,Booth,5,2,60,10/24/2027,12/05/2027,0
3716,Booth,5,2,60,10/24/2027,12/05/2027,0
6141,Room,5,2,60,10/24/2027,12/05/2027,0
6775,Booth,5,2,60,10/24/2027,12/05/2027,0
8494,Booth,5,2,60,10/25/2027,12/06/2027,0
8666,Booth,5,2,60,10/25/2027,12/06/2027,0
8884,Booth,5,1,60,10/25/2027,10/25/2027,1
9465,Booth,5,2,60,10/25/2027,12/06/2027,0
2809,Booth,5,2,60,10/26/2027,12/07/2027,0
4020,Booth,5,2,60,10/26/2027,12/07/2027,0
4422,Booth,5,2,60,10/26/2027,12/07/2027,0
4445,Booth,5,2,30,10/26/2027,12/07/2027,0
5406,Booth,5,2,60,10/26/2027,12/07/2027,0
6158,Booth,5,2,60,10/26/2027,12/07/2027,0
8135,Booth,5,2,210,10/26/2027,12/07/2027,0
8835,Booth,6,2,60,10/26/2027,12/07/2027,0
8844,Booth,5,2,60,10/26/2027,12/07/2027,1
9708,Booth,5,3,60,10/26/2027,11/23/2027,0
4385,Booth,5,2,60,10/27/2027,12/08/2027,0
6648,Booth,5,2,60,10/27/2027,12/08/2027,0
2551,Booth,6,1,60,10/28/2027,10/28/2027,0
3373,Booth,5,2,60,10/28/2027,12/09/2027,0
5119,Booth,5,2,60,10/28/2027,12/09/2027,0
5387,Booth,5,2,30,10/28/2027,12/09/2027,0
5938,Booth,5,2,60,10/28/2027,12/09/2027,0
831,Booth,5,2,60,10/29/2027,12/10/2027,0
864,Booth,6,2,60,10/29/2027,12/10/2027,0
3678,Booth,5,2,60,10/29/2027,12/10/2027,0
6859,Booth,5,2,60,10/29/2027,12/10/2027,0
9099,Booth,6,2,210,10/29/2027,12/10/2027,0
2534,Room,5,2,60,10/30/2027,12/11/2027,0
5328,Booth,5,2,60,10/30/2027,12/11/2027,0
6833,Booth,5,2,60,10/30/2027,12/11/2027,0
7116,Booth,5,2,60,10/30/2027,12/11/2027,1
9631,Booth,5,2,60,10/30/2027,12/11/2027,0
1143,Booth,5,2,60,10/31/2027,12/12/2027,0
2197,Booth,5,2,60,10/31/2027,12/12/2027,0
2922,Booth,5,2,60,10/31/2027,12/12/2027,0
3233,Booth,5,2,60,10/31/2027,12/12/2027,0
6694,Booth,5,2,60,10/31/2027,12/12/2027,0
7162,Booth,5,2,75,10/31/2027,12/12/2027,0
7470,Booth,5,2,60,10/31/2027,12/12/2027,0
7942,Booth,5,2,60,10/31/2027,12/12/2027,0
128,Booth,5,2,60,11/01/2027,12/13/2027,0
579,Booth,5,2,60,11/01/2027,12/13/2027,0
894,Booth,6,1,15,11/01/2027,11/01/2027,0
1395,Room,5,2,60,11/01/2027,12/13/2027,0
2988,Booth,5,2,60,11/01/2027,12/13/2027,0
3656,Booth,5,2,60,11/01/2027,12/13/2027,0
8530,Booth,5,2,60,11/01/2027,12/13/2027,0
854,Booth,5,2,60,11/02/2027,12/14/2027,0
1579,Booth,5,2,60,11/02/2027,12/14/2027,0
2738,Booth,5,2,60,11/02/2027,12/14/2027,0
2774,Room,5,2,60,11/02/2027,12/14/2027,0
6168,Room,5,2,60,11/02/2027,12/14/2027,0
8142,Booth,5,2,60,11/02/2027,12/14/2027,0
2216,Booth,5,2,75,11/03/2027,12/15/2027,0
2997,Booth,5,2,75,11/03/2027,12/15/2027,0
3612,Room,5,2,60,11/03/2027,12/15/2027,1
6584,Booth,5,1,60,11/03/2027,11/03/2027,0
7385,Booth,5,2,60,11/03/2027,12/15/2027,0
7527,Booth,5,2,60,11/03/2027,12/15/2027,0
8937,Room,5,2,60,11/03/2027,12/15/2027,0
9190,Booth,5,2,210,11/03/2027,12/15/2027,0
1140,Room,5,2,60,11/04/2027,12/16/2027,0
1372,Booth,5,2,60,11/04/2027,12/16/2027,0
3728,Booth,5,2,60,11/04/2027,12/16/2027,0
4403,Booth,5,2,60,11/04/2027,12/16/2027,0
7654,Booth,5,1,60,11/04/2027,11/04/2027,0
8175,Booth,5,2,60,11/04/2027,12/16/2027,0
8333,Booth,5,2,60,11/04/2027,12/16/2027,0
9831,Booth,5,2,60,11/04/2027,12/16/2027,0
1663,Room,5,2,60,11/05/2027,12/17/2027,0
1887,Booth,5,2,60,11/05/2027,12/17/2027,0
3031,Booth,5,2,60,11/05/2027,12/17/2027,0
3725,Room,5,2,60,11/05/2027,12/17/2027,0
7629,Booth,5,2,60,11/05/2027,12/17/2027,0
7743,Booth,5,1,60,11/05/2027,11/05/2027,0
8734,Booth,5,2,60,11/05/2027,12/17/2027,0
4064,Booth,5,2,60,11/06/2027,12/18/2027,0
8442,Booth,5,1,60,11/06/2027,11/06/2027,0
8663,Booth,5,2,60,11/06/2027,12/18/2027,0
9282,Booth,5,2,60,11/06/2027,12/18/2027,0
833,Room,5,3,60,11/07/2027,12/05/2027,0
2437,Booth,5,2,60,11/07/2027,12/19/2027,0
4427,Booth,5,2,60,11/07/2027,12/19/2027,0
4802,Booth,5,2,60,11/07/2027,12/19/2027,0
5120,Booth,5,1,60,11/07/2027,11/07/2027,0
6302,Booth,5,2,60,11/07/2027,12/19/2027,0
7991,Booth,5,2,60,11/07/2027,12/19/2027,0
963,Booth,5,2,60,11/08/2027,12/20/2027,0
4274,Booth,5,2,60,11/08/2027,12/20/2027,0
6597,Booth,5,2,60,11/08/2027,12/20/2027,0
7676,Booth,5,2,60,11/08/2027,12/20/2027,0
1688,Booth,5,2,60,11/09/2027,12/21/2027,0
2742,Booth,5,2,60,11/09/2027,12/21/2027,1
6478,Room,5,2,60,11/09/2027,12/21/2027,0
9978,Booth,5,2,60,11/09/2027,12/21/2027,0
2345,Booth,5,1,60,11/10/2027,11/10/2027,0
2812,Booth,5,2,60,11/10/2027,12/22/2027,0
3189,Booth,5,2,60,11/10/2027,12/22/2027,0
5195,Booth,5,2,60,11/10/2027,12/22/2027,0
7994,Booth,5,2,60,11/10/2027,12/22/2027,0
8814,Booth,5,2,60,11/10/2027,12/22/2027,0
8922,Booth,5,2,60,11/10/2027,12/22/2027,0
1089,Booth,5,2,60,11/11/2027,12/23/2027,0
1158,Booth,6,2,60,11/11/2027,12/23/2027,0
2620,Booth,5,2,60,11/11/2027,12/23/2027,1
3240,Booth,5,2,60,11/11/2027,12/23/2027,0
7267,Room,5,2,60,11/11/2027,12/23/2027,0
7547,Room,5,2,60,11/11/2027,12/23/2027,0
8060,Booth,5,2,105,11/11/2027,12/23/2027,0
8131,Room,5,2,60,11/11/2027,12/23/2027,0
9044,Booth,5,2,60,11/11/2027,12/23/2027,0
1827,Room,5,2,60,11/12/2027,12/24/2027,0
1895,Booth,5,2,60,11/12/2027,12/24/2027,0
3610,Booth,5,2,60,11/12/2027,12/24/2027,0
5412,Booth,5,2,210,11/12/2027,12/24/2027,0
9356,Booth,5,2,60,11/12/2027,12/24/2027,0
4891,Booth,5,2,60,11/13/2027,12/25/2027,0
5770,Booth,5,2,60,11/13/2027,12/25/2027,0
9198,Booth,5,2,60,11/13/2027,12/25/2027,1
2371,Booth,5,2,60,11/14/2027,12/26/2027,0
2496,Booth,5,2,60,11/14/2027,12/26/2027,0
3450,Room,5,2,60,11/14/2027,12/26/2027,1
7837,Booth,5,2,60,11/14/2027,12/26/2027,0
1698,Booth,5,2,60,11/15/2027,12/27/2027,0
4806,Booth,6,2,60,11/15/2027,12/27/2027,0
6942,Booth,5,2,60,11/15/2027,12/27/2027,0
8472,Booth,5,2,60,11/15/2027,12/27/2027,0
9116,Booth,5,2,60,11/15/2027,12/27/2027,0
274,Room,5,2,90,11/16/2027,12/28/2027,0
2714,Booth,5,2,60,11/16/2027,12/28/2027,0
4284,Room,5,2,60,11/16/2027,12/28/2027,0
4904,Booth,5,2,60,11/16/2027,12/28/2027,0
6997,Booth,6,2,60,11/16/2027,12/28/2027,0
7169,Booth,5,3,60,11/16/2027,12/14/2027,0
7517,Booth,5,2,60,11/16/2027,12/28/2027,0
8416,Room,5,2,60,11/16/2027,12/28/2027,0
9005,Booth,5,2,60,11/16/2027,12/28/2027,0
2283,Booth,5,2,60,11/17/2027,12/29/2027,0
3248,Booth,5,2,60,11/17/2027,12/29/2027,0
4747,Booth,6,3,60,11/17/2027,12/15/2027,0
4952,Booth,5,2,60,11/17/2027,12/29/2027,0
6825,Booth,6,2,60,11/17/2027,12/29/2027,0
9121,Booth,5,2,60,11/17/2027,12/29/2027,0
977,Booth,5,2,60,11/18/2027,12/30/2027,0
4404,Booth,5,2,210,11/18/2027,12/30/2027,0
5564,Booth,5,2,60,11/18/2027,12/30/2027,0
8164,Booth,5,2,60,11/18/2027,12/30/2027,0
8361,Booth,5,2,60,11/18/2027,12/30/2027,0
273,Booth,5,2,60,11/19/2027,12/31/2027,0
685,Booth,5,2,60,11/19/2027,12/31/2027,0
1728,Booth,5,1,60,11/19/2027,11/19/2027,0
2344,Booth,5,2,60,11/19/2027,12/31/2027,0
3637,Booth,5,3,60,11/19/2027,12/17/2027,0
3938,Room,5,2,60,11/19/2027,12/31/2027,1
4027,Room,5,2,60,11/19/2027,12/31/2027,0
5397,Booth,5,2,60,11/19/2027,12/31/2027,0
658,Booth,5,2,60,11/20/2027,01/01/2028,0
2435,Room,5,2,210,11/20/2027,01/01/2028,0
3404,Booth,5,2,105,11/20/2027,01/01/2028,0
4695,Booth,5,2,60,11/20/2027,01/01/2028,0
5683,Booth,5,2,60,11/20/2027,01/01/2028,0
6049,Booth,5,2,60,11/20/2027,01/01/2028,0
6536,Booth,6,2,60,11/20/2027,01/01/2028,0
7086,Booth,5,2,60,11/20/2027,01/01/2028,0
8811,Booth,5,2,15,11/20/2027,01/01/2028,0
478,Room,5,2,60,11/21/2027,01/02/2028,0
728,Room,5,2,60,11/21/2027,01/02/2028,0
3638,Booth,5,2,60,11/21/2027,01/02/2028,0
8736,Booth,5,2,60,11/21/2027,01/02/2028,0
421,Booth,5,1,60,11/22/2027,11/22/2027,0
684,Room,5,2,60,11/22/2027,01/03/2028,0
1629,Booth,5,3,60,11/22/2027,12/20/2027,0
1885,Booth,6,2,60,11/22/2027,01/03/2028,0
3540,Room,5,2,60,11/22/2027,01/03/2028,0
4329,Booth,5,2,60,11/22/2027,01/03/2028,1
4400,Booth,5,2,60,11/22/2027,01/03/2028,0
4425,Booth,5,2,60,11/22/2027,01/03/2028,0
4692,Booth,5,2,60,11/22/2027,01/03/2028,0
5481,Booth,5,2,60,11/22/2027,01/03/2028,0
6835,Booth,5,2,60,11/22/2027,01/03/2028,0
6846,Booth,5,2,60,11/22/2027,01/03/2028,0
6968,Booth,5,2,60,11/22/2027,01/03/2028,0
7809,Booth,5,2,60,11/22/2027,01/03/2028,0
9184,Booth,5,2,60,11/22/2027,01/03/2028,0
838,Booth,5,2,60,11/23/2027,01/04/2028,0
2751,Room,5,2,60,11/23/2027,01/04/2028,0
3200,Booth,5,2,60,11/23/2027,01/04/2028,0
3503,Booth,5,2,210,11/23/2027,01/04/2028,1
4582,Booth,5,2,60,11/23/2027,01/04/2028,0
4588,Booth,5,3,60,11/23/2027,12/21/2027,0
8930,Booth,5,2,60,11/23/2027,01/04/2028,0
172,Booth,5,2,60,11/24/2027,01/05/2028,0
1794,Booth,5,2,60,11/24/2027,01/05/2028,0
3635,Booth,5,2,60,11/24/2027,01/05/2028,0
4241,Booth,5,2,60,11/24/2027,01/05/2028,0
9277,Booth,5,2,60,11/24/2027,01/05/2028,0
14,Booth,5,2,90,11/25/2027,01/06/2028,0
394,Booth,5,2,60,11/25/2027,01/06/2028,0
785,Booth,5,2,60,11/25/2027,01/06/2028,0
2721,Room,5,2,60,11/25/2027,01/06/2028,0
4010,Booth,5,2,60,11/25/2027,01/06/2028,0
7071,Booth,5,2,60,11/25/2027,01/06/2028,0
1135,Booth,5,2,105,11/26/2027,01/07/2028,0
1934,Booth,5,2,60,11/26/2027,01/07/2028,0
2619,Booth,5,2,60,11/26/2027,01/07/2028,0
2621,Booth,5,2,105,11/26/2027,01/07/2028,0
3092,Booth,5,2,60,11/26/2027,01/07/2028,0
3125,Booth,5,2,60,11/26/2027,01/07/2028,0
3873,Booth,5,2,60,11/26/2027,01/07/2028,0
5491,Booth,5,2,105,11/26/2027,01/07/2028,0
6353,Booth,5,2,60,11/26/2027,01/07/2028,0
6508,Booth,5,2,60,11/26/2027,01/07/2028,0
7504,Booth,5,2,60,11/26/2027,01/07/2028,0
8036,Booth,6,2,60,11/26/2027,01/07/2028,0
121,Booth,5,2,105,11/27/2027,01/08/2028,0
501,Booth,5,2,210,11/27/2027,01/08/2028,0
2275,Booth,5,2,60,11/27/2027,01/08/2028,0
4464,Room,5,2,60,11/27/2027,01/08/2028,0
1639,Booth,5,1,60,11/28/2027,11/28/2027,0
2600,Booth,5,2,60,11/28/2027,01/09/2028,0
3713,Booth,5,2,105,11/28/2027,01/09/2028,0
7226,Booth,5,2,60,11/28/2027,01/09/2028,0
7416,Booth,5,2,60,11/28/2027,01/09/2028,0
9505,Booth,5,2,60,11/28/2027,01/09/2028,0
847,Booth,5,2,60,11/29/2027,01/10/2028,1
2908,Room,5,2,60,11/29/2027,01/10/2028,0
5759,Booth,5,2,60,11/29/2027,01/10/2028,0
6632,Booth,5,2,60,11/29/2027,01/10/2028,0
8931,Booth,5,2,60,11/29/2027,01/10/2028,0
9436,Booth,5,2,210,11/29/2027,01/10/2028,0
810,Booth,5,2,60,11/30/2027,01/11/2028,0
1377,Booth,5,2,60,11/30/2027,01/11/2028,0
3007,Room,5,2,60,11/30/2027,01/11/2028,0
5215,Room,5,2,60,11/30/2027,01/11/2028,0
5447,Booth,5,2,60,11/30/2027,01/11/2028,0
5651,Room,5,2,60,11/30/2027,01/11/2028,0
5992,Booth,5,2,60,11/30/2027,01/11/2028,0
6412,Booth,5,2,60,11/30/2027,01/11/2028,0
6868,Room,5,2,210,11/30/2027,01/11/2028,0
7078,Booth,6,2,60,11/30/2027,01/11/2028,0
8462,Booth,5,2,210,11/30/2027,01/11/2028,0
9354,Booth,5,2,60,11/30/2027,01/11/2028,0
9845,Booth,5,2,60,11/30/2027,01/11/2028,0
323,Booth,5,1,60,12/01/2027,12/01/2027,0
3379,Booth,5,2,60,12/01/2027,01/12/2028,0
7819,Booth,5,2,60,12/01/2027,01/12/2028,0
8143,Booth,5,2,60,12/01/2027,01/12/2028,0
8364,Booth,5,2,60,12/01/2027,01/12/2028,0
9197,Booth,5,3,60,12/01/2027,12/29/2027,0
3008,Room,5,2,60,12/02/2027,1/13/2028,0
4539,Booth,5,2,60,12/02/2027,1/13/2028,0
5273,Room,5,2,60,12/02/2027,1/13/2028,0
7619,Booth,5,2,180,12/02/2027,1/13/2028,0
8787,Booth,5,2,60,12/02/2027,1/13/2028,0
9388,Booth,5,2,60,12/02/2027,1/13/2028,0
9724,Booth,5,2,60,12/02/2027,1/13/2028,0
9885,Booth,5,2,60,12/02/2027,1/13/2028,0
3495,Booth,5,2,60,12/03/2027,1/14/2028,0
4066,Booth,5,2,60,12/03/2027,1/14/2028,0
4181,Room,5,2,90,12/03/2027,1/14/2028,0
4303,Booth,5,2,60,12/03/2027,1/14/2028,0
7190,Booth,5,2,60,12/03/2027,1/14/2028,0
9777,Booth,5,2,60,12/03/2027,1/14/2028,0
472,Room,5,2,60,12/04/2027,1/15/2028,0
535,Booth,5,2,60,12/04/2027,1/15/2028,0
1325,Booth,5,2,60,12/04/2027,1/15/2028,0
3746,Room,5,2,60,12/04/2027,1/15/2028,0
5134,Booth,5,2,60,12/04/2027,1/15/2028,0
6235,Booth,5,2,60,12/04/2027,1/15/2028,0
6591,Booth,5,2,60,12/04/2027,1/15/2028,0
7906,Booth,5,2,105,12/04/2027,1/15/2028,0
979,Booth,5,2,60,12/05/2027,1/16/2028,0
1670,Booth,6,2,60,12/05/2027,1/16/2028,0
4135,Booth,5,2,60,12/05/2027,1/16/2028,0
5700,Room,5,2,60,12/05/2027,1/16/2028,0
7995,Booth,5,2,60,12/05/2027,1/16/2028,0
8063,Booth,5,2,60,12/05/2027,1/16/2028,0
9108,Booth,5,2,60,12/05/2027,1/16/2028,0
718,Booth,5,2,60,12/06/2027,1/17/2028,0
3541,Booth,5,2,60,12/06/2027,1/17/2028,0
4063,Booth,6,2,105,12/06/2027,1/17/2028,0
5141,Booth,5,2,60,12/06/2027,1/17/2028,0
691,Booth,5,2,60,12/07/2027,1/18/2028,0
2057,Booth,5,2,60,12/07/2027,1/18/2028,0
2567,Room,5,2,60,12/07/2027,1/18/2028,0
4131,Room,5,2,105,12/07/2027,1/18/2028,0
8581,Booth,5,2,60,12/07/2027,1/18/2028,0
79,Booth,5,2,60,12/08/2027,1/19/2028,0
788,Booth,5,2,60,12/08/2027,1/19/2028,0
951,Booth,5,2,60,12/08/2027,1/19/2028,0
4377,Room,5,2,60,12/08/2027,1/19/2028,0
6967,Booth,5,2,60,12/08/2027,1/19/2028,0
7916,Booth,5,2,60,12/08/2027,1/19/2028,0
8632,Booth,5,2,60,12/08/2027,1/19/2028,0
8678,Booth,5,2,60,12/08/2027,1/19/2028,0
9396,Booth,5,2,60,12/08/2027,1/19/2028,0
3377,Booth,5,2,210,12/09/2027,1/20/2028,0
4038,Booth,5,2,60,12/09/2027,1/20/2028,0
4932,Booth,5,2,60,12/09/2027,1/20/2028,0
6959,Room,5,2,60,12/09/2027,1/20/2028,0
4137,Booth,5,2,60,12/10/2027,1/21/2028,0
4913,Booth,5,2,15,12/10/2027,1/21/2028,0
6852,Booth,5,3,60,12/10/2027,01/07/2028,0
7090,Room,5,2,60,12/10/2027,1/21/2028,1
893,Booth,5,2,180,12/11/2027,1/22/2028,0
1356,Booth,5,2,60,12/11/2027,1/22/2028,0
1393,Booth,5,2,60,12/11/2027,1/22/2028,0
2854,Booth,5,2,60,12/11/2027,1/22/2028,0
2960,Booth,5,1,60,12/11/2027,12/11/2027,0
3805,Booth,6,2,60,12/11/2027,1/22/2028,0
5393,Booth,5,2,60,12/11/2027,1/22/2028,0
5464,Booth,5,2,60,12/11/2027,1/22/2028,0
5867,Room,5,2,15,12/11/2027,1/22/2028,0
968,Booth,5,2,90,12/12/2027,1/23/2028,0
1830,Room,5,2,60,12/12/2027,1/23/2028,0
4589,Booth,5,2,60,12/12/2027,1/23/2028,0
9460,Booth,5,2,60,12/12/2027,1/23/2028,0
1378,Booth,5,2,60,12/13/2027,1/24/2028,0
1468,Booth,5,2,60,12/13/2027,1/24/2028,0
2658,Booth,5,1,60,12/13/2027,12/13/2027,0
4749,Room,5,2,60,12/13/2027,1/24/2028,0
4883,Booth,5,2,60,12/13/2027,1/24/2028,0
8772,Booth,5,2,60,12/13/2027,1/24/2028,0
3058,Booth,5,2,60,12/14/2027,1/25/2028,0
4396,Booth,5,2,60,12/14/2027,1/25/2028,0
5841,Booth,5,2,60,12/14/2027,1/25/2028,0
7570,Booth,5,2,60,12/14/2027,1/25/2028,0
8880,Booth,5,2,60,12/14/2027,1/25/2028,0
9027,Room,5,3,60,12/14/2027,01/11/2028,0
9062,Booth,5,2,60,12/14/2027,1/25/2028,0
9215,Booth,5,2,60,12/14/2027,1/25/2028,0
9594,Booth,5,2,60,12/14/2027,1/25/2028,0
3997,Booth,6,2,60,12/15/2027,1/26/2028,0
4331,Booth,5,2,60,12/15/2027,1/26/2028,0
4811,Booth,5,1,60,12/15/2027,12/15/2027,0
6149,Booth,5,2,15,12/15/2027,1/26/2028,0
7124,Booth,5,2,60,12/15/2027,1/26/2028,0
7724,Room,5,2,60,12/15/2027,1/26/2028,0
4544,Booth,5,2,60,12/16/2027,1/27/2028,0
5998,Booth,5,2,60,12/16/2027,1/27/2028,0
8286,Booth,5,2,60,12/16/2027,1/27/2028,0
8534,Booth,5,2,60,12/16/2027,1/27/2028,0
9802,Booth,5,2,60,12/16/2027,1/27/2028,0
852,Booth,5,2,60,12/17/2027,1/28/2028,0
2554,Booth,5,2,60,12/17/2027,1/28/2028,0
3238,Booth,5,2,60,12/17/2027,1/28/2028,1
4305,Booth,5,2,60,12/17/2027,1/28/2028,0
4712,Booth,5,2,60,12/17/2027,1/28/2028,0
7792,Booth,6,2,60,12/17/2027,1/28/2028,0
7922,Booth,5,2,60,12/17/2027,1/28/2028,0
8071,Booth,5,2,60,12/17/2027,1/28/2028,0
8293,Room,5,2,30,12/17/2027,1/28/2028,0
8626,Booth,5,2,180,12/17/2027,1/28/2028,0
8899,Booth,5,2,60,12/17/2027,1/28/2028,0
1394,Booth,5,2,75,12/18/2027,1/29/2028,0
3597,Booth,5,2,60,12/18/2027,1/29/2028,0
3644,Booth,5,2,60,12/18/2027,1/29/2028,0
4320,Booth,5,2,60,12/18/2027,1/29/2028,0
5049,Booth,5,2,60,12/18/2027,1/29/2028,0
9032,Booth,5,2,60,12/18/2027,1/29/2028,0
9548,Booth,5,2,15,12/18/2027,1/29/2028,0
77,Booth,5,2,60,12/19/2027,1/30/2028,0
734,Room,5,2,60,12/19/2027,1/30/2028,0
2846,Room,5,2,60,12/19/2027,1/30/2028,0
3112,Booth,5,2,105,12/19/2027,1/30/2028,0
7181,Booth,5,3,60,12/19/2027,1/16/2028,0
7920,Booth,5,2,60,12/19/2027,1/30/2028,0
7976,Booth,5,2,60,12/19/2027,1/30/2028,0
8284,Booth,5,2,180,12/19/2027,1/30/2028,0
4454,Booth,5,2,60,12/20/2027,1/31/2028,0
6298,Booth,5,2,60,12/20/2027,1/31/2028,0
6343,Room,5,2,60,12/20/2027,1/31/2028,0
9902,Booth,5,3,180,12/20/2027,1/17/2028,0
390,Booth,6,2,60,12/21/2027,02/01/2028,0
412,Room,5,2,60,12/21/2027,02/01/2028,0
4239,Booth,5,2,60,12/21/2027,02/01/2028,0
9045,Booth,5,1,60,12/21/2027,12/21/2027,0
9603,Booth,6,2,60,12/21/2027,02/01/2028,0
9758,Booth,5,2,60,12/21/2027,02/01/2028,0
188,Booth,5,2,60,12/22/2027,02/02/2028,0
1753,Booth,5,2,60,12/22/2027,02/02/2028,0
2238,Booth,5,2,60,12/22/2027,02/02/2028,0
2404,Booth,5,2,60,12/22/2027,02/02/2028,0
8387,Booth,5,2,60,12/22/2027,02/02/2028,0
2860,Booth,5,2,60,12/23/2027,02/03/2028,0
4819,Booth,5,2,60,12/23/2027,02/03/2028,0
5167,Booth,5,2,60,12/23/2027,02/03/2028,0
5370,Booth,5,2,60,12/23/2027,02/03/2028,0
6941,Booth,5,2,60,12/23/2027,02/03/2028,0
7074,Booth,5,1,60,12/23/2027,12/23/2027,0
8319,Booth,5,1,60,12/23/2027,12/23/2027,0
8452,Booth,5,2,60,12/23/2027,02/03/2028,0
8629,Booth,5,2,60,12/23/2027,02/03/2028,0
2155,Booth,5,2,105,12/24/2027,02/04/2028,0
3279,Booth,5,2,60,12/24/2027,02/04/2028,0
3463,Booth,5,2,15,12/24/2027,02/04/2028,0
4426,Booth,5,1,60,12/24/2027,12/24/2027,0
8939,Room,5,2,60,12/24/2027,02/04/2028,0
179,Booth,5,2,60,12/25/2027,02/05/2028,0
4970,Booth,6,2,60,12/25/2027,02/05/2028,0
5942,Booth,5,2,60,12/25/2027,02/05/2028,0
5945,Booth,5,2,60,12/25/2027,02/05/2028,0
9917,Booth,5,2,60,12/25/2027,02/05/2028,0
1287,Booth,5,2,60,12/26/2027,02/06/2028,0
1636,Booth,6,2,60,12/26/2027,02/06/2028,0
1748,Booth,5,2,60,12/26/2027,02/06/2028,0
1993,Booth,5,2,60,12/26/2027,02/06/2028,0
2010,Booth,5,2,60,12/26/2027,02/06/2028,0
2299,Booth,5,2,105,12/26/2027,02/06/2028,0
2909,Booth,5,2,60,12/26/2027,02/06/2028,0
5207,Booth,5,1,60,12/26/2027,12/26/2027,0
621,Booth,5,2,60,12/27/2027,02/07/2028,0
5192,Booth,5,2,60,12/27/2027,02/07/2028,0
7371,Booth,5,1,60,12/27/2027,12/27/2027,0
8126,Booth,5,2,60,12/27/2027,02/07/2028,0
1607,Booth,5,2,60,12/28/2027,02/08/2028,0
1760,Booth,5,2,105,12/28/2027,02/08/2028,0
5440,Booth,5,2,60,12/28/2027,02/08/2028,0
5708,Booth,5,2,60,12/28/2027,02/08/2028,0
6358,Booth,5,2,60,12/28/2027,02/08/2028,0
8258,Booth,5,2,15,12/28/2027,02/08/2028,0
8788,Booth,5,2,60,12/28/2027,02/08/2028,0
8900,Booth,5,2,60,12/28/2027,02/08/2028,0
427,Booth,5,2,75,12/29/2027,02/09/2028,0
722,Booth,5,2,60,12/29/2027,02/09/2028,0
2406,Room,5,2,105,12/29/2027,02/09/2028,1
6224,Booth,5,2,60,12/29/2027,02/09/2028,0
6409,Booth,5,2,60,12/29/2027,02/09/2028,0
7913,Booth,5,2,60,12/29/2027,02/09/2028,0
1568,Booth,5,2,60,12/30/2027,02/10/2028,0
2119,Booth,5,2,60,12/30/2027,02/10/2028,0
5692,Booth,5,2,60,12/30/2027,02/10/2028,0
2971,Booth,5,2,60,12/31/2027,02/11/2028,1
4226,Booth,5,2,60,12/31/2027,02/11/2028,1
4732,Booth,5,2,60,12/31/2027,02/11/2028,0
8798,Booth,5,2,60,12/31/2027,02/11/2028,0
65,Booth,5,2,60,01/01/2028,02/12/2028,0
1192,Booth,5,2,60,01/01/2028,02/12/2028,1
1445,Booth,5,2,105,01/01/2028,02/12/2028,0
1746,Booth,6,2,60,01/01/2028,02/12/2028,0
2601,Booth,5,2,60,01/01/2028,02/12/2028,0
3102,Room,5,2,60,01/01/2028,02/12/2028,0
3181,Booth,6,2,60,01/01/2028,02/12/2028,0
3630,Room,5,2,60,01/01/2028,02/12/2028,0
3790,Booth,5,2,60,01/01/2028,02/12/2028,0
6157,Booth,5,2,60,01/01/2028,02/12/2028,0
6429,Booth,5,2,60,01/01/2028,02/12/2028,0
3325,Booth,5,2,60,01/02/2028,2/13/2028,0
3431,Booth,5,2,60,01/02/2028,2/13/2028,0
5954,Booth,5,2,60,01/02/2028,2/13/2028,0
6417,Booth,5,2,60,01/02/2028,2/13/2028,0
6755,Booth,5,1,60,01/02/2028,01/02/2028,0
6927,Booth,5,2,60,01/02/2028,2/13/2028,0
7064,Booth,5,2,60,01/02/2028,2/13/2028,0
7093,Booth,5,2,60,01/02/2028,2/13/2028,1
9177,Booth,5,2,60,01/02/2028,2/13/2028,0
811,Booth,5,1,60,01/03/2028,01/03/2028,0
1175,Booth,5,2,60,01/03/2028,2/14/2028,0
2683,Room,5,2,60,01/03/2028,2/14/2028,0
5982,Booth,5,2,105,01/03/2028,2/14/2028,0
9516,Booth,5,2,60,01/03/2028,2/14/2028,0
703,Booth,5,2,60,01/04/2028,2/15/2028,0
1402,Booth,6,2,60,01/04/2028,2/15/2028,0
4151,Booth,5,2,60,01/04/2028,2/15/2028,0
5990,Booth,5,2,60,01/04/2028,2/15/2028,0
6247,Booth,5,2,60,01/04/2028,2/15/2028,0
6402,Booth,5,2,60,01/04/2028,2/15/2028,0
6525,Booth,5,2,60,01/04/2028,2/15/2028,0
9025,Booth,5,2,60,01/04/2028,2/15/2028,1
537,Booth,5,2,60,01/05/2028,2/16/2028,0
3374,Booth,5,2,180,01/05/2028,2/16/2028,0
5853,Booth,5,2,60,01/05/2028,2/16/2028,0
8046,Booth,5,2,60,01/05/2028,2/16/2028,0
8522,Booth,6,2,60,01/05/2028,2/16/2028,0
1459,Booth,6,2,60,01/06/2028,2/17/2028,0
1462,Booth,5,2,60,01/06/2028,2/17/2028,0
3126,Room,5,2,60,01/06/2028,2/17/2028,0
2564,Booth,5,2,60,01/07/2028,2/18/2028,0
2570,Booth,5,2,60,01/07/2028,2/18/2028,0
3296,Booth,5,2,60,01/07/2028,2/18/2028,0
3394,Booth,5,2,60,01/07/2028,2/18/2028,0
4798,Room,5,2,60,01/07/2028,2/18/2028,0
7049,Booth,5,2,60,01/07/2028,2/18/2028,0
7918,Booth,5,2,60,01/07/2028,2/18/2028,0
8592,Booth,6,2,60,01/07/2028,2/18/2028,0
9918,Booth,5,2,60,01/07/2028,2/18/2028,0
5673,Booth,5,2,60,01/08/2028,2/19/2028,0
6776,Booth,5,2,105,01/08/2028,2/19/2028,0
6969,Room,5,2,60,01/08/2028,2/19/2028,1
670,Booth,6,1,60,01/09/2028,01/09/2028,0
1620,Booth,5,2,60,01/09/2028,2/20/2028,0
7433,Booth,5,2,60,01/09/2028,2/20/2028,0
8502,Booth,5,2,60,01/09/2028,2/20/2028,0
9426,Booth,5,2,60,01/09/2028,2/20/2028,0
5515,Room,5,2,60,01/10/2028,2/21/2028,0
9467,Room,5,2,60,01/10/2028,2/21/2028,0
1512,Booth,5,1,60,01/11/2028,01/11/2028,0
4108,Booth,5,2,60,01/11/2028,2/22/2028,0
6152,Booth,5,2,60,01/11/2028,2/22/2028,0
7392,Booth,5,2,60,01/11/2028,2/22/2028,0
7703,Booth,5,2,60,01/11/2028,2/22/2028,0
8733,Booth,5,2,30,01/11/2028,2/22/2028,0
9606,Booth,5,2,60,01/11/2028,2/22/2028,1
2914,Booth,5,2,60,01/12/2028,2/23/2028,0
7333,Booth,5,2,60,01/12/2028,2/23/2028,0
9189,Booth,5,2,60,01/12/2028,2/23/2028,0
9195,Booth,6,2,60,01/12/2028,2/23/2028,0
2195,Booth,5,2,60,1/13/2028,2/24/2028,0
3580,Booth,5,2,60,1/13/2028,2/24/2028,0
3850,Booth,5,2,60,1/13/2028,2/24/2028,0
4807,Booth,5,2,60,1/13/2028,2/24/2028,0
8182,Room,5,2,60,1/13/2028,2/24/2028,0
9035,Booth,5,2,75,1/13/2028,2/24/2028,0
9211,Booth,5,2,60,1/13/2028,2/24/2028,0
9365,Booth,5,2,60,1/13/2028,2/24/2028,0
645,Room,5,2,60,1/14/2028,2/25/2028,0
3992,Booth,5,2,60,1/14/2028,2/25/2028,0
4190,Booth,5,2,60,1/14/2028,2/25/2028,0
9941,Booth,5,2,60,1/14/2028,2/25/2028,0
1316,Booth,6,3,60,1/15/2028,02/12/2028,0
1755,Booth,6,2,60,1/15/2028,2/26/2028,0
4851,Booth,5,2,75,1/15/2028,2/26/2028,0
6543,Booth,5,2,60,1/15/2028,2/26/2028,0
7160,Booth,5,2,60,1/15/2028,2/26/2028,0
7315,Booth,5,2,210,1/15/2028,2/26/2028,0
8856,Booth,5,2,60,1/15/2028,2/26/2028,0
9725,Booth,5,2,60,1/15/2028,2/26/2028,0
433,Room,5,2,60,1/16/2028,2/27/2028,0
3281,Booth,5,2,60,1/16/2028,2/27/2028,0
3297,Booth,5,2,60,1/16/2028,2/27/2028,0
5171,Room,5,2,60,1/16/2028,2/27/2028,0
5445,Booth,5,2,60,1/16/2028,2/27/2028,0
7354,Booth,5,2,60,1/16/2028,2/27/2028,0
9126,Booth,5,2,60,1/16/2028,2/27/2028,0
9239,Booth,5,1,60,1/16/2028,1/16/2028,0
2876,Booth,5,2,60,1/17/2028,2/28/2028,0
2923,Booth,5,2,105,1/17/2028,2/28/2028,0
3231,Booth,5,2,60,1/17/2028,2/28/2028,0
4635,Booth,5,2,60,1/17/2028,2/28/2028,0
5138,Booth,5,2,60,1/17/2028,2/28/2028,0
6716,Booth,5,2,60,1/17/2028,2/28/2028,0
8151,Booth,5,2,60,1/17/2028,2/28/2028,0
8643,Booth,5,2,60,1/17/2028,2/28/2028,0
925,Booth,5,2,60,1/18/2028,2/29/2028,0
9082,Booth,6,2,60,1/18/2028,2/29/2028,0
624,Booth,5,2,15,1/19/2028,03/01/2028,0
2381,Booth,5,2,60,1/20/2028,03/02/2028,0
5110,Booth,5,2,60,1/20/2028,03/02/2028,0
5626,Booth,5,2,60,1/20/2028,03/02/2028,0
7894,Booth,5,2,60,1/20/2028,03/02/2028,0
1999,Booth,5,2,60,1/21/2028,03/03/2028,0
4062,Booth,5,1,60,1/21/2028,1/21/2028,0
5015,Booth,5,2,60,1/21/2028,03/03/2028,0
8237,Booth,5,2,60,1/21/2028,03/03/2028,0
8517,Booth,5,1,60,1/21/2028,1/21/2028,0
9784,Booth,5,2,60,1/21/2028,03/03/2028,0
2472,Room,5,2,210,1/22/2028,03/04/2028,0
2498,Booth,5,1,60,1/22/2028,1/22/2028,0
7437,Booth,5,2,60,1/22/2028,03/04/2028,0
3436,Booth,5,2,60,1/23/2028,03/05/2028,0
6080,Booth,5,2,60,1/23/2028,03/05/2028,0
6510,Booth,5,2,60,1/23/2028,03/05/2028,0
7154,Booth,6,2,60,1/23/2028,03/05/2028,0
7869,Booth,6,3,60,1/23/2028,2/20/2028,0
332,Booth,5,2,60,1/24/2028,03/06/2028,0
1516,Booth,5,2,60,1/24/2028,03/06/2028,0
7284,Booth,5,2,60,1/24/2028,03/06/2028,0
7561,Booth,5,2,60,1/24/2028,03/06/2028,1
8021,Booth,5,2,60,1/24/2028,03/06/2028,0
8027,Room,5,2,180,1/24/2028,03/06/2028,0
9751,Booth,5,2,60,1/24/2028,03/06/2028,0
44,Booth,5,2,60,1/25/2028,03/07/2028,0
676,Booth,5,3,60,1/25/2028,2/22/2028,0
2218,Room,5,2,60,1/25/2028,03/07/2028,0
3402,Booth,5,2,60,1/25/2028,03/07/2028,0
3493,Booth,5,2,60,1/25/2028,03/07/2028,0
4700,Room,5,2,60,1/25/2028,03/07/2028,1
6356,Booth,5,2,60,1/25/2028,03/07/2028,0
7290,Booth,5,2,60,1/25/2028,03/07/2028,0
8499,Booth,6,2,60,1/25/2028,03/07/2028,0
9312,Booth,5,2,60,1/25/2028,03/07/2028,0
9838,Booth,5,2,60,1/25/2028,03/07/2028,0
9955,Booth,5,2,60,1/25/2028,03/07/2028,0
3923,Booth,5,2,60,1/26/2028,03/08/2028,0
3942,Booth,5,2,60,1/26/2028,03/08/2028,0
4880,Booth,5,2,60,1/26/2028,03/08/2028,0
4954,Booth,5,2,60,1/26/2028,03/08/2028,0
6104,Booth,5,2,60,1/26/2028,03/08/2028,1
7617,Booth,5,2,60,1/26/2028,03/08/2028,0
8020,Booth,5,2,60,1/26/2028,03/08/2028,0
8859,Booth,5,2,60,1/26/2028,03/08/2028,0
1418,Booth,5,2,60,1/27/2028,03/09/2028,0
1580,Booth,5,1,60,1/27/2028,1/27/2028,0
1828,Booth,5,2,60,1/27/2028,03/09/2028,0
3472,Booth,5,2,60,1/27/2028,03/09/2028,0
3512,Booth,5,2,60,1/27/2028,03/09/2028,0
5053,Booth,5,2,60,1/27/2028,03/09/2028,0
7102,Booth,5,2,60,1/27/2028,03/09/2028,0
9010,Booth,6,2,90,1/27/2028,03/09/2028,1
9182,Booth,5,2,60,1/27/2028,03/09/2028,0
3243,Booth,5,2,60,1/28/2028,03/10/2028,0
8289,Booth,5,2,15,1/28/2028,03/10/2028,0
2223,Booth,5,2,60,1/29/2028,03/11/2028,0
2365,Booth,5,2,60,1/29/2028,03/11/2028,0
2839,Booth,6,2,60,1/29/2028,03/11/2028,0
4194,Booth,5,3,210,1/29/2028,2/26/2028,0
154,Booth,5,2,60,1/30/2028,03/12/2028,0
218,Booth,5,2,60,1/30/2028,03/12/2028,0
1733,Booth,5,2,60,1/30/2028,03/12/2028,0
6093,Booth,5,2,60,1/30/2028,03/12/2028,0
6882,Booth,5,2,210,1/30/2028,03/12/2028,0
6906,Room,5,2,60,1/30/2028,03/12/2028,0
260,Booth,5,2,60,1/31/2028,3/13/2028,0
6294,Booth,5,2,60,1/31/2028,3/13/2028,0
7811,Booth,5,2,210,1/31/2028,3/13/2028,0
8423,Booth,5,2,60,1/31/2028,3/13/2028,0
1042,Booth,5,1,60,02/01/2028,02/01/2028,0
2582,Booth,5,2,105,02/01/2028,3/14/2028,0
2948,Booth,5,2,60,02/01/2028,3/14/2028,0
7782,Booth,5,2,60,02/01/2028,3/14/2028,0
8417,Booth,5,2,60,02/01/2028,3/14/2028,0
2386,Booth,5,2,60,02/02/2028,3/15/2028,0
2478,Booth,5,2,60,02/02/2028,3/15/2028,0
4508,Booth,5,2,60,02/02/2028,3/15/2028,0
4618,Booth,5,2,60,02/02/2028,3/15/2028,0
5502,Booth,5,2,60,02/02/2028,3/15/2028,0
7801,Booth,5,2,60,02/02/2028,3/15/2028,0
9348,Booth,5,2,60,02/02/2028,3/15/2028,0
24,Booth,5,2,210,02/03/2028,3/16/2028,0
1705,Booth,5,2,60,02/03/2028,3/16/2028,0
2569,Booth,6,2,60,02/03/2028,3/16/2028,0
3988,Booth,5,2,60,02/03/2028,3/16/2028,0
5131,Booth,5,2,60,02/03/2028,3/16/2028,0
5641,Room,5,2,60,02/03/2028,3/16/2028,0
6059,Booth,6,1,60,02/03/2028,02/03/2028,0
7979,Booth,6,1,60,02/03/2028,02/03/2028,0
8790,Booth,5,2,180,02/03/2028,3/16/2028,0
9314,Booth,5,2,60,02/03/2028,3/16/2028,0
9545,Booth,5,2,60,02/03/2028,3/16/2028,0
1168,Booth,5,2,60,02/04/2028,3/17/2028,0
1507,Booth,5,2,60,02/04/2028,3/17/2028,0
2938,Booth,5,2,60,02/04/2028,3/17/2028,0
3303,Booth,5,2,60,02/04/2028,3/17/2028,0
3838,Room,5,1,60,02/04/2028,02/04/2028,0
4723,Booth,5,1,60,02/04/2028,02/04/2028,0
5499,Booth,5,3,60,02/04/2028,03/03/2028,0
6271,Booth,5,2,60,02/04/2028,3/17/2028,0
8438,Booth,5,2,60,02/04/2028,3/17/2028,0
9328,Booth,5,2,60,02/04/2028,3/17/2028,1
9983,Booth,5,2,60,02/04/2028,3/17/2028,0
5976,Booth,5,2,105,02/05/2028,3/18/2028,1
6540,Booth,5,3,60,02/05/2028,03/04/2028,0
7707,Booth,5,2,60,02/05/2028,3/18/2028,0
8914,Booth,5,2,60,02/05/2028,3/18/2028,0
9248,Room,5,2,60,02/05/2028,3/18/2028,0
96,Booth,5,1,30,02/06/2028,02/06/2028,0
1062,Booth,5,2,15,02/06/2028,3/19/2028,0
5965,Booth,5,2,60,02/06/2028,3/19/2028,0
7159,Booth,5,2,60,02/06/2028,3/19/2028,0
9383,Booth,5,2,60,02/06/2028,3/19/2028,0
1040,Booth,5,2,60,02/07/2028,3/20/2028,1
1544,Booth,5,2,60,02/07/2028,3/20/2028,0
2300,Booth,5,2,60,02/07/2028,3/20/2028,0
3605,Booth,5,2,60,02/07/2028,3/20/2028,0
3733,Booth,5,2,60,02/07/2028,3/20/2028,0
4727,Booth,5,2,60,02/07/2028,3/20/2028,0
9795,Room,5,2,60,02/07/2028,3/20/2028,0
5102,Booth,5,2,60,02/08/2028,3/21/2028,0
5509,Booth,5,2,60,02/08/2028,3/21/2028,0
5839,Booth,5,2,60,02/08/2028,3/21/2028,0
7680,Booth,5,2,60,02/08/2028,3/21/2028,0
9073,Booth,5,2,60,02/08/2028,3/21/2028,0
169,Booth,5,1,60,02/09/2028,02/09/2028,0
292,Booth,5,2,60,02/09/2028,3/22/2028,0
1853,Booth,5,2,60,02/09/2028,3/22/2028,0
6175,Booth,5,2,60,02/09/2028,3/22/2028,0
6493,Booth,5,2,60,02/09/2028,3/22/2028,0
7852,Booth,5,2,60,02/09/2028,3/22/2028,0
9733,Booth,5,2,60,02/09/2028,3/22/2028,0
5493,Booth,5,3,60,02/10/2028,03/09/2028,0
9915,Booth,5,2,60,02/10/2028,3/23/2028,0
602,Booth,5,2,60,02/11/2028,3/24/2028,0
664,Booth,5,2,60,02/11/2028,3/24/2028,0
2042,Room,5,2,105,02/11/2028,3/24/2028,0
4922,Room,5,1,60,02/11/2028,02/11/2028,0
8794,Booth,5,2,30,02/11/2028,3/24/2028,0
9414,Booth,5,2,60,02/11/2028,3/24/2028,0
9809,Booth,5,2,60,02/11/2028,3/24/2028,0
111,Booth,5,2,60,02/12/2028,3/25/2028,0
3024,Booth,5,2,60,02/12/2028,3/25/2028,0
4936,Booth,5,2,90,02/12/2028,3/25/2028,0
7108,Booth,5,2,60,02/12/2028,3/25/2028,0
9185,Booth,5,2,60,02/12/2028,3/25/2028,0
259,Booth,5,2,60,2/13/2028,3/26/2028,0
2762,Booth,5,2,60,2/13/2028,3/26/2028,0
3317,Booth,5,2,60,2/13/2028,3/26/2028,0
3462,Booth,5,2,60,2/13/2028,3/26/2028,0
3951,Booth,5,2,60,2/13/2028,3/26/2028,0
4471,Booth,5,2,60,2/13/2028,3/26/2028,0
5418,Booth,5,2,60,2/13/2028,3/26/2028,0
8398,Booth,5,2,60,2/13/2028,3/26/2028,0
5026,Booth,5,2,60,2/14/2028,3/27/2028,0
6332,Room,5,2,90,2/14/2028,3/27/2028,1
9262,Booth,5,2,60,2/14/2028,3/27/2028,0
3724,Booth,5,2,60,2/15/2028,3/28/2028,0
4107,Booth,5,2,60,2/15/2028,3/28/2028,0
5654,Booth,5,2,60,2/15/2028,3/28/2028,0
8585,Booth,5,2,15,2/15/2028,3/28/2028,0
1707,Booth,5,2,60,2/16/2028,3/29/2028,0
1971,Room,5,2,60,2/16/2028,3/29/2028,0
2431,Booth,5,2,75,2/16/2028,3/29/2028,0
3577,Booth,5,2,60,2/16/2028,3/29/2028,0
6031,Room,5,2,60,2/16/2028,3/29/2028,0
6965,Booth,6,2,60,2/16/2028,3/29/2028,0
7034,Booth,5,2,60,2/16/2028,3/29/2028,0
9677,Booth,5,2,60,2/16/2028,3/29/2028,0
4659,Booth,5,2,60,2/17/2028,3/30/2028,0
5694,Booth,5,2,210,2/17/2028,3/30/2028,0
6116,Booth,5,2,60,2/17/2028,3/30/2028,0
6880,Booth,6,2,60,2/17/2028,3/30/2028,0
9469,Booth,5,2,60,2/17/2028,3/30/2028,0
9903,Booth,5,2,60,2/17/2028,3/30/2028,0
6605,Booth,5,2,60,2/18/2028,3/31/2028,0
8087,Booth,5,2,105,2/18/2028,3/31/2028,0
8306,Booth,5,2,60,2/18/2028,3/31/2028,0
9482,Booth,5,2,60,2/18/2028,3/31/2028,0
649,Booth,5,2,60,2/19/2028,04/01/2028,0
1647,Booth,5,2,60,2/19/2028,04/01/2028,0
2949,Booth,5,2,210,2/19/2028,04/01/2028,0
5097,Booth,5,2,60,2/19/2028,04/01/2028,0
6643,Booth,5,1,60,2/19/2028,2/19/2028,0
8563,Booth,6,2,60,2/19/2028,04/01/2028,0
8675,Booth,5,2,60,2/19/2028,04/01/2028,0
8759,Booth,5,2,60,2/19/2028,04/01/2028,0
1404,Booth,6,2,60,2/20/2028,04/02/2028,0
2844,Booth,5,2,60,2/20/2028,04/02/2028,0
5380,Booth,5,2,60,2/20/2028,04/02/2028,0
5484,Booth,5,2,60,2/20/2028,04/02/2028,0
6206,Booth,5,1,105,2/20/2028,2/20/2028,0
7043,Booth,5,2,60,2/20/2028,04/02/2028,0
7219,Booth,5,2,60,2/20/2028,04/02/2028,0
8618,Booth,5,2,60,2/20/2028,04/02/2028,0
9417,Booth,5,2,60,2/20/2028,04/02/2028,0
9703,Booth,5,2,60,2/20/2028,04/02/2028,0
3154,Booth,5,2,210,2/21/2028,04/03/2028,0
3943,Booth,5,2,60,2/21/2028,04/03/2028,0
5263,Booth,5,2,15,2/21/2028,04/03/2028,0
989,Booth,5,2,60,2/22/2028,04/04/2028,0
5725,Booth,5,2,60,2/22/2028,04/04/2028,0
8271,Booth,5,2,60,2/22/2028,04/04/2028,0
8347,Booth,5,2,60,2/22/2028,04/04/2028,0
1785,Booth,5,2,60,2/23/2028,04/05/2028,0
3315,Booth,5,2,60,2/23/2028,04/05/2028,0
3681,Booth,5,2,60,2/23/2028,04/05/2028,0
5315,Booth,5,2,60,2/23/2028,04/05/2028,0
5709,Booth,5,2,60,2/23/2028,04/05/2028,0
6111,Booth,5,2,60,2/23/2028,04/05/2028,0
8519,Booth,5,2,75,2/23/2028,04/05/2028,0
844,Booth,5,2,60,2/24/2028,04/06/2028,1
1132,Booth,5,2,60,2/24/2028,04/06/2028,0
1736,Room,5,2,60,2/24/2028,04/06/2028,0
3877,Booth,5,2,60,2/24/2028,04/06/2028,0
8229,Booth,5,2,60,2/24/2028,04/06/2028,0
457,Booth,5,2,60,2/25/2028,04/07/2028,0
1249,Booth,5,2,75,2/25/2028,04/07/2028,0
6736,Booth,5,2,60,2/25/2028,04/07/2028,0
8951,Booth,5,2,60,2/25/2028,04/07/2028,0
8991,Booth,5,2,60,2/25/2028,04/07/2028,0
9468,Booth,5,2,60,2/25/2028,04/07/2028,0
4217,Booth,5,2,60,2/26/2028,04/08/2028,0
6887,Booth,6,2,60,2/26/2028,04/08/2028,0
7328,Booth,5,2,60,2/26/2028,04/08/2028,0
9538,Booth,5,2,60,2/26/2028,04/08/2028,0
606,Booth,5,2,60,2/27/2028,04/09/2028,0
2939,Booth,5,2,60,2/27/2028,04/09/2028,0
5379,Booth,5,2,60,2/27/2028,04/09/2028,0
8652,Booth,5,2,105,2/27/2028,04/09/2028,0
9579,Booth,5,2,60,2/27/2028,04/09/2028,0
600,Booth,5,2,60,2/28/2028,04/10/2028,0
2023,Booth,5,2,105,2/28/2028,04/10/2028,0
5382,Booth,5,2,60,2/28/2028,04/10/2028,0
5608,Booth,5,2,60,2/28/2028,04/10/2028,0
6154,Booth,5,2,60,2/28/2028,04/10/2028,0
6664,Booth,5,2,60,2/28/2028,04/10/2028,0
7223,Booth,5,2,60,2/28/2028,04/10/2028,0
7265,Room,5,2,90,2/28/2028,04/10/2028,0
8828,Booth,5,1,60,2/28/2028,2/28/2028,0
9092,Booth,5,2,60,2/28/2028,04/10/2028,0
9377,Booth,5,1,60,2/28/2028,2/28/2028,0
9719,Booth,5,2,60,2/28/2028,04/10/2028,0
868,Booth,5,2,60,2/29/2028,04/11/2028,0
4755,Room,5,2,105,2/29/2028,04/11/2028,0
5302,Booth,6,2,60,2/29/2028,04/11/2028,0
2062,Booth,5,2,60,03/01/2028,04/12/2028,0
2898,Booth,5,2,60,03/01/2028,04/12/2028,1
2985,Room,5,2,60,03/01/2028,04/12/2028,0
4864,Booth,5,2,60,03/01/2028,04/12/2028,0
5666,Booth,5,2,60,03/01/2028,04/12/2028,0
6068,Booth,6,2,60,03/01/2028,04/12/2028,0
7272,Booth,5,2,60,03/01/2028,04/12/2028,0
7907,Booth,5,2,60,03/01/2028,04/12/2028,0
8619,Booth,5,2,210,03/01/2028,04/12/2028,0
8867,Room,5,2,60,03/01/2028,04/12/2028,0
1488,Booth,5,2,60,03/02/2028,4/13/2028,0
1503,Booth,5,2,90,03/02/2028,4/13/2028,1
3870,Booth,5,2,105,03/02/2028,4/13/2028,0
4633,Booth,5,2,60,03/02/2028,4/13/2028,0
4705,Booth,5,1,60,03/02/2028,03/02/2028,0
5052,Room,5,2,60,03/02/2028,4/13/2028,0
5787,Booth,5,2,210,03/02/2028,4/13/2028,0
7700,Booth,5,2,60,03/02/2028,4/13/2028,0
9274,Booth,5,2,60,03/02/2028,4/13/2028,0
9602,Booth,5,2,60,03/02/2028,4/13/2028,0
1552,Booth,5,2,60,03/03/2028,4/14/2028,0
3006,Booth,5,2,60,03/03/2028,4/14/2028,0
4947,Booth,5,3,60,03/03/2028,3/31/2028,0
6590,Room,5,2,60,03/03/2028,4/14/2028,0
6886,Booth,5,2,210,03/03/2028,4/14/2028,0
7788,Booth,5,2,60,03/03/2028,4/14/2028,0
619,Booth,5,2,60,03/04/2028,4/15/2028,0
3273,Booth,5,2,60,03/04/2028,4/15/2028,0
7950,Booth,5,2,60,03/04/2028,4/15/2028,0
8994,Booth,5,2,60,03/04/2028,4/15/2028,0
9514,Booth,5,2,60,03/04/2028,4/15/2028,0
9581,Booth,5,2,60,03/04/2028,4/15/2028,0
641,Booth,5,1,60,03/05/2028,03/05/2028,0
1697,Booth,5,2,60,03/05/2028,4/16/2028,0
3218,Booth,5,2,60,03/05/2028,4/16/2028,0
5388,Booth,5,2,60,03/05/2028,4/16/2028,0
7457,Booth,5,2,60,03/05/2028,4/16/2028,0
2628,Booth,5,2,60,03/06/2028,4/17/2028,0
3351,Booth,5,2,60,03/06/2028,4/17/2028,0
4074,Booth,5,2,60,03/06/2028,4/17/2028,0
5204,Booth,5,2,210,03/06/2028,4/17/2028,0
5706,Booth,5,3,60,03/06/2028,04/03/2028,0
6408,Booth,5,2,60,03/06/2028,4/17/2028,0
7929,Booth,5,2,60,03/06/2028,4/17/2028,0
8264,Booth,5,2,60,03/06/2028,4/17/2028,1
966,Booth,5,2,60,03/07/2028,4/18/2028,0
4395,Booth,5,2,60,03/07/2028,4/18/2028,1
5816,Booth,5,2,60,03/07/2028,4/18/2028,0
8008,Booth,5,2,75,03/07/2028,4/18/2028,0
5222,Booth,5,2,60,03/08/2028,4/19/2028,0
6146,Booth,5,2,60,03/08/2028,4/19/2028,0
639,Booth,5,2,105,03/09/2028,4/20/2028,0
2106,Booth,5,2,60,03/09/2028,4/20/2028,0
4423,Room,5,2,60,03/09/2028,4/20/2028,0
5135,Booth,5,2,60,03/09/2028,4/20/2028,0
6546,Booth,5,2,60,03/09/2028,4/20/2028,0
6893,Booth,5,2,60,03/09/2028,4/20/2028,0
7599,Room,5,2,60,03/09/2028,4/20/2028,0
8450,Booth,5,2,60,03/09/2028,4/20/2028,0
2083,Booth,5,2,60,03/10/2028,4/21/2028,0
2852,Booth,5,2,60,03/10/2028,4/21/2028,0
8315,Booth,5,2,210,03/10/2028,4/21/2028,0
8644,Booth,5,2,60,03/10/2028,4/21/2028,0
823,Booth,5,2,60,03/11/2028,4/22/2028,0
2219,Booth,5,2,60,03/11/2028,4/22/2028,0
2770,Room,5,2,60,03/11/2028,4/22/2028,0
4124,Booth,5,2,60,03/11/2028,4/22/2028,0
5620,Booth,5,2,60,03/11/2028,4/22/2028,0
7511,Booth,5,2,60,03/11/2028,4/22/2028,0
7538,Booth,5,2,60,03/11/2028,4/22/2028,0
1126,Booth,5,2,60,03/12/2028,4/23/2028,0
1389,Booth,5,2,60,03/12/2028,4/23/2028,0
2736,Room,5,2,60,03/12/2028,4/23/2028,0
3386,Booth,5,2,60,03/12/2028,4/23/2028,0
3961,Booth,5,2,60,03/12/2028,4/23/2028,0
4890,Booth,5,2,60,03/12/2028,4/23/2028,0
7359,Booth,5,2,60,03/12/2028,4/23/2028,0
7395,Booth,5,2,180,03/12/2028,4/23/2028,0
7454,Booth,5,2,60,03/12/2028,4/23/2028,0
7606,Booth,5,2,60,03/12/2028,4/23/2028,0
7618,Booth,5,2,60,03/12/2028,4/23/2028,0
7789,Booth,5,2,60,03/12/2028,4/23/2028,0
5136,Room,6,2,60,3/13/2028,4/24/2028,0
6444,Booth,5,2,60,3/13/2028,4/24/2028,0
7320,Booth,5,2,210,3/13/2028,4/24/2028,0
8210,Booth,5,2,60,3/13/2028,4/24/2028,0
1235,Booth,5,2,210,3/14/2028,4/25/2028,0
2639,Booth,5,2,60,3/14/2028,4/25/2028,0
3837,Booth,5,2,60,3/14/2028,4/25/2028,0
9504,Booth,5,2,60,3/14/2028,4/25/2028,0
251,Booth,5,2,60,3/15/2028,4/26/2028,0
4854,Booth,5,1,105,3/15/2028,3/15/2028,0
5719,Room,5,2,60,3/15/2028,4/26/2028,0
5778,Booth,6,2,15,3/15/2028,4/26/2028,0
6396,Booth,5,2,60,3/15/2028,4/26/2028,0
1724,Booth,5,2,60,3/16/2028,4/27/2028,0
2202,Booth,5,2,60,3/16/2028,4/27/2028,1
3208,Booth,5,2,60,3/16/2028,4/27/2028,0
6933,Booth,5,2,60,3/16/2028,4/27/2028,0
7330,Booth,5,2,60,3/16/2028,4/27/2028,0
2462,Booth,5,2,60,3/17/2028,4/28/2028,0
4496,Booth,5,2,60,3/17/2028,4/28/2028,0
5613,Booth,5,2,60,3/17/2028,4/28/2028,0
6292,Booth,5,2,60,3/17/2028,4/28/2028,0
7286,Booth,5,2,60,3/17/2028,4/28/2028,0
7648,Booth,5,2,60,3/17/2028,4/28/2028,0
8878,Booth,5,2,60,3/17/2028,4/28/2028,0
2088,Booth,5,2,60,3/18/2028,4/29/2028,0
3183,Booth,5,2,60,3/18/2028,4/29/2028,0
6891,Booth,6,2,90,3/18/2028,4/29/2028,0
7214,Booth,5,2,60,3/18/2028,4/29/2028,0
7660,Booth,5,2,60,3/18/2028,4/29/2028,0
7753,Booth,5,2,60,3/18/2028,4/29/2028,0
1110,Booth,6,2,60,3/19/2028,4/30/2028,0
2449,Booth,5,2,60,3/19/2028,4/30/2028,1
2633,Booth,5,2,60,3/19/2028,4/30/2028,0
3003,Booth,5,3,60,3/19/2028,4/16/2028,0
3195,Booth,6,2,60,3/19/2028,4/30/2028,0
3502,Booth,5,2,60,3/19/2028,4/30/2028,0
4625,Booth,5,3,60,3/19/2028,4/16/2028,0
6500,Booth,5,2,60,3/19/2028,4/30/2028,0
269,Booth,5,2,60,3/20/2028,05/01/2028,0
3909,Booth,5,2,60,3/20/2028,05/01/2028,0
4916,Booth,5,2,60,3/20/2028,05/01/2028,0
4969,Booth,5,2,60,3/20/2028,05/01/2028,0
6318,Booth,5,2,60,3/20/2028,05/01/2028,0
7289,Booth,5,2,60,3/20/2028,05/01/2028,0
7805,Booth,5,2,60,3/20/2028,05/01/2028,0
9357,Booth,5,2,60,3/20/2028,05/01/2028,0
9566,Booth,5,2,60,3/20/2028,05/01/2028,0
109,Booth,5,2,60,3/21/2028,05/02/2028,0
3123,Booth,5,2,60,3/21/2028,05/02/2028,0
3144,Booth,5,2,60,3/21/2028,05/02/2028,0
3415,Booth,5,2,60,3/21/2028,05/02/2028,0
5384,Room,5,2,60,3/21/2028,05/02/2028,0
7422,Booth,6,2,60,3/21/2028,05/02/2028,1
1340,Booth,5,2,60,3/22/2028,05/03/2028,0
2259,Booth,5,3,60,3/22/2028,4/19/2028,0
2506,Booth,5,3,60,3/22/2028,4/19/2028,0
3056,Booth,6,2,60,3/22/2028,05/03/2028,0
3306,Booth,5,2,210,3/22/2028,05/03/2028,0
5921,Booth,5,2,60,3/22/2028,05/03/2028,0
8425,Booth,5,2,60,3/22/2028,05/03/2028,0
1119,Booth,5,2,60,3/23/2028,05/04/2028,0
1723,Room,5,2,60,3/23/2028,05/04/2028,0
5361,Booth,5,2,60,3/23/2028,05/04/2028,0
7763,Booth,5,2,60,3/23/2028,05/04/2028,0
7865,Booth,5,2,60,3/23/2028,05/04/2028,0
8219,Booth,5,2,60,3/23/2028,05/04/2028,0
9293,Booth,5,2,60,3/23/2028,05/04/2028,0
9676,Booth,5,2,60,3/23/2028,05/04/2028,0
9770,Booth,5,2,60,3/23/2028,05/04/2028,0
2269,Booth,5,2,60,3/24/2028,05/05/2028,0
2740,Room,5,2,60,3/24/2028,05/05/2028,0
4335,Booth,5,2,60,3/24/2028,05/05/2028,1
5098,Room,5,2,60,3/24/2028,05/05/2028,0
5446,Room,5,2,105,3/24/2028,05/05/2028,0
6333,Booth,5,2,60,3/24/2028,05/05/2028,0
6586,Booth,5,2,210,3/24/2028,05/05/2028,0
7903,Booth,5,2,60,3/24/2028,05/05/2028,0
1593,Booth,5,2,60,3/25/2028,05/06/2028,0
3546,Booth,5,2,180,3/25/2028,05/06/2028,0
4780,Booth,5,2,210,3/25/2028,05/06/2028,0
7627,Booth,5,2,60,3/25/2028,05/06/2028,0
7953,Booth,6,2,60,3/25/2028,05/06/2028,0
9909,Booth,5,2,75,3/25/2028,05/06/2028,0
8658,Booth,6,2,60,3/26/2028,05/07/2028,0
9634,Booth,5,2,60,3/26/2028,05/07/2028,0
5897,Booth,5,2,60,3/27/2028,05/08/2028,0
6440,Booth,5,2,60,3/27/2028,05/08/2028,0
6937,Booth,5,3,60,3/27/2028,4/24/2028,0
8240,Room,5,3,60,3/27/2028,4/24/2028,0
3708,Room,5,2,60,3/28/2028,05/09/2028,0
7203,Room,5,2,60,3/28/2028,05/09/2028,0
7343,Booth,5,2,60,3/28/2028,05/09/2028,0
1439,Room,5,2,60,3/29/2028,05/10/2028,0
1441,Booth,5,2,60,3/29/2028,05/10/2028,0
3272,Booth,6,2,60,3/29/2028,05/10/2028,0
3282,Booth,5,1,60,3/29/2028,3/29/2028,0
6183,Booth,6,2,60,3/29/2028,05/10/2028,0
6503,Booth,5,2,30,3/29/2028,05/10/2028,0
8550,Booth,5,2,60,3/29/2028,05/10/2028,0
8750,Booth,5,2,60,3/29/2028,05/10/2028,0
9768,Booth,5,2,60,3/29/2028,05/10/2028,0
149,Booth,5,2,60,3/30/2028,05/11/2028,0
2134,Booth,5,2,105,3/30/2028,05/11/2028,0
3967,Booth,5,2,90,3/30/2028,05/11/2028,0
4568,Booth,5,2,60,3/30/2028,05/11/2028,0
4736,Booth,5,2,60,3/30/2028,05/11/2028,0
5800,Booth,5,2,60,3/30/2028,05/11/2028,0
1734,Booth,5,2,60,3/31/2028,05/12/2028,0
2313,Booth,5,2,60,3/31/2028,05/12/2028,0
5532,Booth,5,2,60,3/31/2028,05/12/2028,1
9130,Room,5,2,60,3/31/2028,05/12/2028,0
2717,Booth,5,2,60,04/01/2028,5/13/2028,0
2725,Booth,5,1,60,04/01/2028,04/01/2028,0
3771,Booth,5,2,105,04/01/2028,5/13/2028,0
4100,Booth,5,2,60,04/01/2028,5/13/2028,0
4476,Booth,5,2,60,04/01/2028,5/13/2028,0
6269,Booth,5,2,60,04/01/2028,5/13/2028,0
7820,Booth,5,2,60,04/01/2028,5/13/2028,0
9138,Booth,6,2,60,04/01/2028,5/13/2028,0
9713,Booth,5,3,60,04/01/2028,4/29/2028,0
547,Booth,5,2,60,04/02/2028,5/14/2028,0
573,Room,5,2,60,04/02/2028,5/14/2028,0
1034,Booth,5,2,60,04/02/2028,5/14/2028,0
1084,Booth,5,2,105,04/02/2028,5/14/2028,0
2598,Booth,5,2,60,04/02/2028,5/14/2028,0
4725,Booth,5,2,60,04/02/2028,5/14/2028,0
4841,Booth,5,2,60,04/02/2028,5/14/2028,0
4999,Booth,5,2,60,04/02/2028,5/14/2028,0
5978,Room,5,1,60,04/02/2028,04/02/2028,0
7260,Booth,5,2,60,04/02/2028,5/14/2028,0
9521,Booth,5,2,60,04/02/2028,5/14/2028,0
1450,Booth,5,2,60,04/03/2028,5/15/2028,0
2680,Room,5,2,60,04/03/2028,5/15/2028,0
5594,Booth,5,2,60,04/03/2028,5/15/2028,0
6909,Booth,5,2,60,04/03/2028,5/15/2028,0
7312,Booth,5,2,60,04/03/2028,5/15/2028,0
7812,Booth,5,2,60,04/03/2028,5/15/2028,0
9160,Booth,5,2,60,04/03/2028,5/15/2028,0
2361,Booth,5,2,60,04/04/2028,5/16/2028,0
3693,Booth,5,1,15,04/04/2028,04/04/2028,0
5343,Booth,5,2,60,04/04/2028,5/16/2028,0
5460,Room,5,2,60,04/04/2028,5/16/2028,0
6831,Room,5,2,60,04/04/2028,5/16/2028,0
8215,Booth,5,2,60,04/04/2028,5/16/2028,0
8458,Booth,5,2,60,04/04/2028,5/16/2028,0
3146,Booth,5,2,60,04/05/2028,5/17/2028,0
3707,Booth,5,2,60,04/05/2028,5/17/2028,0
7919,Booth,5,2,60,04/05/2028,5/17/2028,0
9706,Booth,5,2,75,04/05/2028,5/17/2028,0
1229,Booth,5,2,60,04/06/2028,5/18/2028,0
1946,Booth,6,2,60,04/06/2028,5/18/2028,1
2160,Booth,5,2,60,04/06/2028,5/18/2028,0
2460,Room,5,2,60,04/06/2028,5/18/2028,0
2851,Booth,5,2,60,04/06/2028,5/18/2028,0
2968,Booth,5,2,60,04/06/2028,5/18/2028,0
3393,Booth,5,2,60,04/06/2028,5/18/2028,0
4607,Booth,5,2,60,04/06/2028,5/18/2028,0
7222,Booth,5,2,60,04/06/2028,5/18/2028,0
7440,Booth,5,2,60,04/06/2028,5/18/2028,0
7483,Booth,5,1,60,04/06/2028,04/06/2028,0
8003,Booth,5,2,60,04/06/2028,5/18/2028,0
167,Booth,5,2,60,04/07/2028,5/19/2028,0
581,Booth,5,2,60,04/07/2028,5/19/2028,0
1668,Booth,5,2,60,04/07/2028,5/19/2028,0
1917,Booth,5,2,60,04/07/2028,5/19/2028,0
4283,Booth,5,2,60,04/07/2028,5/19/2028,0
5650,Room,5,2,60,04/07/2028,5/19/2028,0
2357,Booth,5,2,60,04/08/2028,5/20/2028,0
2000,Booth,5,2,60,04/09/2028,5/21/2028,0
3701,Booth,5,2,60,04/09/2028,5/21/2028,0
5619,Room,5,2,60,04/09/2028,5/21/2028,0
6465,Booth,5,2,60,04/09/2028,5/21/2028,0
6699,Booth,5,2,210,04/09/2028,5/21/2028,0
7514,Room,5,2,60,04/09/2028,5/21/2028,0
1041,Booth,5,2,60,04/10/2028,5/22/2028,0
2800,Booth,5,2,105,04/10/2028,5/22/2028,0
5363,Room,5,2,105,04/10/2028,5/22/2028,0
5679,Booth,5,2,60,04/10/2028,5/22/2028,0
8116,Booth,5,2,60,04/10/2028,5/22/2028,0
4391,Booth,5,2,60,04/11/2028,5/23/2028,0
6946,Booth,5,2,60,04/11/2028,5/23/2028,0
8010,Booth,5,1,60,04/11/2028,04/11/2028,0
317,Room,5,2,60,04/12/2028,5/24/2028,0
479,Booth,5,2,60,04/12/2028,5/24/2028,0
1761,Booth,5,2,60,04/12/2028,5/24/2028,0
4148,Booth,5,1,60,04/12/2028,04/12/2028,1
5951,Booth,5,2,60,04/12/2028,5/24/2028,0
7067,Booth,5,2,60,04/12/2028,5/24/2028,0
8601,Booth,5,2,60,04/12/2028,5/24/2028,0
9260,Booth,5,2,30,04/12/2028,5/24/2028,0
9565,Booth,5,2,60,04/12/2028,5/24/2028,0
5184,Booth,5,2,30,4/13/2028,5/25/2028,0
6574,Room,5,2,60,4/13/2028,5/25/2028,0
6817,Booth,5,2,60,4/13/2028,5/25/2028,0
6865,Booth,5,2,60,4/13/2028,5/25/2028,0
7710,Booth,5,2,60,4/13/2028,5/25/2028,0
9716,Booth,5,2,60,4/13/2028,5/25/2028,0
354,Booth,5,2,60,4/14/2028,5/26/2028,0
591,Booth,6,2,60,4/14/2028,5/26/2028,0
1634,Booth,5,2,60,4/14/2028,5/26/2028,0
7168,Booth,5,2,60,4/14/2028,5/26/2028,1
9811,Booth,5,2,60,4/14/2028,5/26/2028,0
152,Booth,5,2,60,4/15/2028,5/27/2028,0
1396,Booth,5,2,60,4/15/2028,5/27/2028,0
2045,Booth,5,2,60,4/15/2028,5/27/2028,0
2050,Booth,5,2,60,4/15/2028,5/27/2028,0
3960,Booth,5,2,60,4/15/2028,5/27/2028,0
4014,Booth,5,2,15,4/15/2028,5/27/2028,0
5197,Booth,5,2,60,4/15/2028,5/27/2028,0
8367,Booth,5,2,60,4/15/2028,5/27/2028,0
8988,Booth,5,2,60,4/15/2028,5/27/2028,0
9628,Booth,5,2,60,4/15/2028,5/27/2028,1
460,Room,6,2,60,4/16/2028,5/28/2028,0
5823,Booth,5,2,105,4/16/2028,5/28/2028,0
6767,Booth,5,2,60,4/16/2028,5/28/2028,0
6935,Booth,5,2,60,4/16/2028,5/28/2028,0
3481,Booth,5,2,60,4/17/2028,5/29/2028,0
4872,Booth,5,2,180,4/17/2028,5/29/2028,0
5572,Booth,5,2,60,4/17/2028,5/29/2028,0
8587,Booth,5,2,60,4/17/2028,5/29/2028,0
8851,Booth,5,3,90,4/17/2028,5/15/2028,0
5058,Room,5,2,105,4/18/2028,5/30/2028,0
5845,Booth,5,2,60,4/18/2028,5/30/2028,0
6978,Booth,5,2,60,4/18/2028,5/30/2028,0
9048,Room,6,2,60,4/18/2028,5/30/2028,0
509,Booth,5,2,60,4/19/2028,5/31/2028,0
585,Booth,5,2,60,4/19/2028,5/31/2028,0
3810,Room,5,2,60,4/19/2028,5/31/2028,0
3931,Booth,5,2,60,4/19/2028,5/31/2028,0
4681,Booth,5,2,60,4/19/2028,5/31/2028,0
6507,Booth,5,2,60,4/19/2028,5/31/2028,0
7687,Booth,5,2,60,4/19/2028,5/31/2028,0
9030,Booth,5,2,15,4/19/2028,5/31/2028,0
201,Booth,5,2,60,4/20/2028,06/01/2028,0
489,Booth,5,2,60,4/20/2028,06/01/2028,0
1490,Booth,5,2,105,4/20/2028,06/01/2028,0
2650,Booth,6,2,210,4/20/2028,06/01/2028,0
3176,Booth,5,2,60,4/20/2028,06/01/2028,0
5295,Booth,5,2,60,4/20/2028,06/01/2028,0
208,Booth,5,2,60,4/21/2028,06/02/2028,0
6022,Booth,5,1,60,4/21/2028,4/21/2028,0
6732,Booth,5,2,60,4/21/2028,06/02/2028,0
7448,Booth,5,2,60,4/21/2028,06/02/2028,0
7841,Booth,5,2,60,4/21/2028,06/02/2028,0
8762,Booth,5,2,60,4/21/2028,06/02/2028,0
8918,Booth,5,2,60,4/21/2028,06/02/2028,0
372,Booth,5,2,60,4/22/2028,06/03/2028,0
737,Booth,5,2,60,4/22/2028,06/03/2028,0
1633,Booth,5,2,60,4/22/2028,06/03/2028,0
3925,Booth,5,2,60,4/22/2028,06/03/2028,0
4160,Booth,5,2,60,4/22/2028,06/03/2028,0
4409,Booth,5,2,60,4/22/2028,06/03/2028,0
9883,Booth,5,2,60,4/22/2028,06/03/2028,0
1253,Booth,5,2,60,4/23/2028,06/04/2028,0
2716,Booth,5,2,60,4/23/2028,06/04/2028,0
3878,Booth,5,2,60,4/23/2028,06/04/2028,0
7587,Booth,5,2,60,4/23/2028,06/04/2028,0
9319,Booth,5,2,60,4/23/2028,06/04/2028,0
181,Room,5,2,60,4/24/2028,06/05/2028,0
1546,Booth,5,2,60,4/24/2028,06/05/2028,0
1893,Booth,5,2,60,4/24/2028,06/05/2028,0
2099,Booth,5,2,60,4/24/2028,06/05/2028,0
4456,Booth,5,2,60,4/24/2028,06/05/2028,0
6376,Booth,5,2,60,4/24/2028,06/05/2028,0
6980,Booth,5,2,60,4/24/2028,06/05/2028,0
7791,Room,5,2,60,4/24/2028,06/05/2028,0
286,Booth,5,1,60,4/25/2028,4/25/2028,0
4779,Booth,5,2,60,4/25/2028,06/06/2028,0
5383,Room,5,2,60,4/25/2028,06/06/2028,1
8999,Booth,5,2,60,4/25/2028,06/06/2028,0
4045,Booth,5,2,60,4/26/2028,06/07/2028,0
6428,Booth,5,2,60,4/26/2028,06/07/2028,0
560,Booth,5,2,60,4/27/2028,06/08/2028,0
842,Booth,5,2,60,4/27/2028,06/08/2028,0
1446,Booth,5,2,60,4/27/2028,06/08/2028,0
9459,Booth,5,2,60,4/27/2028,06/08/2028,0
9867,Room,5,2,60,4/27/2028,06/08/2028,1
1799,Booth,5,2,60,4/28/2028,06/09/2028,0
2937,Booth,5,2,60,4/28/2028,06/09/2028,0
4787,Booth,5,2,60,4/28/2028,06/09/2028,0
4907,Booth,5,2,60,4/28/2028,06/09/2028,0
5456,Booth,5,2,60,4/28/2028,06/09/2028,0
8439,Booth,5,2,60,4/28/2028,06/09/2028,0
1134,Booth,5,2,210,4/29/2028,06/10/2028,0
2676,Booth,5,3,60,4/29/2028,5/27/2028,1
5407,Booth,5,2,60,4/29/2028,06/10/2028,0
5985,Booth,5,2,60,4/29/2028,06/10/2028,0
6270,Booth,5,2,60,4/29/2028,06/10/2028,0
7493,Room,5,2,60,4/29/2028,06/10/2028,0
7847,Booth,5,2,75,4/29/2028,06/10/2028,0
7940,Booth,5,2,60,4/29/2028,06/10/2028,0
8681,Booth,5,2,60,4/29/2028,06/10/2028,0
75,Booth,5,2,60,4/30/2028,06/11/2028,0
554,Booth,5,2,30,4/30/2028,06/11/2028,0
772,Booth,6,2,60,4/30/2028,06/11/2028,0
954,Booth,5,2,60,4/30/2028,06/11/2028,0
1137,Booth,6,2,60,4/30/2028,06/11/2028,0
1502,Booth,5,2,105,4/30/2028,06/11/2028,0
5643,Booth,5,2,60,4/30/2028,06/11/2028,0
6004,Booth,5,1,60,4/30/2028,4/30/2028,0
6788,Booth,6,2,60,4/30/2028,06/11/2028,0
7726,Booth,5,2,60,4/30/2028,06/11/2028,0
9667,Booth,5,2,60,4/30/2028,06/11/2028,0
689,Room,5,2,60,05/01/2028,06/12/2028,0
8081,Booth,6,2,60,05/01/2028,06/12/2028,0
9295,Room,5,2,60,05/01/2028,06/12/2028,0
9364,Room,5,2,60,05/01/2028,06/12/2028,0
548,Booth,5,3,60,05/02/2028,5/30/2028,0
2446,Booth,5,3,105,05/02/2028,5/30/2028,0
4373,Booth,5,2,60,05/02/2028,6/13/2028,0
7540,Room,5,2,60,05/02/2028,6/13/2028,1
8042,Booth,5,2,60,05/02/2028,6/13/2028,0
986,Booth,5,2,60,05/03/2028,6/14/2028,0
1453,Booth,5,2,60,05/03/2028,6/14/2028,0
1523,Booth,5,2,60,05/03/2028,6/14/2028,0
3028,Booth,5,2,90,05/03/2028,6/14/2028,0
5695,Room,5,1,60,05/03/2028,05/03/2028,0
9034,Booth,5,2,60,05/03/2028,6/14/2028,0
9836,Booth,5,2,60,05/03/2028,6/14/2028,0
8026,Booth,5,2,60,05/04/2028,6/15/2028,0
8825,Booth,5,2,60,05/04/2028,6/15/2028,0
9272,Booth,5,2,60,05/04/2028,6/15/2028,0
9355,Room,5,2,210,05/04/2028,6/15/2028,0
381,Booth,5,2,60,05/05/2028,6/16/2028,0
473,Booth,5,2,60,05/05/2028,6/16/2028,0
2277,Booth,5,2,90,05/05/2028,6/16/2028,1
2638,Booth,5,2,60,05/05/2028,6/16/2028,0
2767,Booth,5,2,60,05/05/2028,6/16/2028,0
3534,Booth,5,2,60,05/05/2028,6/16/2028,1
5044,Booth,5,2,60,05/05/2028,6/16/2028,0
5056,Booth,5,2,60,05/05/2028,6/16/2028,0
5868,Booth,5,2,60,05/05/2028,6/16/2028,0
6981,Booth,5,2,60,05/05/2028,6/16/2028,0
7027,Booth,5,2,60,05/05/2028,6/16/2028,0
8431,Booth,5,2,60,05/05/2028,6/16/2028,0
8891,Booth,5,2,60,05/05/2028,6/16/2028,0
9276,Booth,5,2,60,05/05/2028,6/16/2028,0
827,Booth,5,2,60,05/06/2028,6/17/2028,0
2950,Booth,5,2,60,05/06/2028,6/17/2028,0
4651,Booth,5,2,60,05/06/2028,6/17/2028,0
4770,Booth,5,2,60,05/06/2028,6/17/2028,0
6513,Booth,5,2,60,05/06/2028,6/17/2028,0
8692,Booth,5,2,60,05/06/2028,6/17/2028,0
8998,Booth,5,2,60,05/06/2028,6/17/2028,0
9080,Booth,5,2,60,05/06/2028,6/17/2028,0
1798,Booth,5,2,60,05/07/2028,6/18/2028,0
2469,Room,5,2,75,05/07/2028,6/18/2028,0
4821,Booth,5,2,210,05/07/2028,6/18/2028,1
7447,Booth,5,2,105,05/07/2028,6/18/2028,0
9547,Booth,5,2,60,05/07/2028,6/18/2028,1
1216,Booth,5,1,60,05/08/2028,05/08/2028,0
2003,Booth,5,2,60,05/08/2028,6/19/2028,0
2646,Booth,5,1,60,05/08/2028,05/08/2028,0
3300,Room,5,1,105,05/08/2028,05/08/2028,0
5170,Booth,5,2,60,05/08/2028,6/19/2028,0
6267,Booth,5,2,60,05/08/2028,6/19/2028,0
7120,Booth,5,2,60,05/08/2028,6/19/2028,0
1239,Room,5,2,60,05/09/2028,6/20/2028,0
2029,Booth,5,2,60,05/09/2028,6/20/2028,0
2317,Booth,5,2,60,05/09/2028,6/20/2028,0
3291,Booth,5,2,60,05/09/2028,6/20/2028,0
5850,Booth,5,2,60,05/09/2028,6/20/2028,0
7960,Room,5,2,60,05/09/2028,6/20/2028,0
8105,Booth,6,2,60,05/09/2028,6/20/2028,0
9613,Booth,5,2,60,05/09/2028,6/20/2028,0
9741,Booth,5,2,60,05/09/2028,6/20/2028,0
515,Booth,5,2,60,05/10/2028,6/21/2028,0
1696,Booth,5,2,60,05/10/2028,6/21/2028,0
2861,Booth,5,2,60,05/10/2028,6/21/2028,0
3552,Booth,5,2,60,05/10/2028,6/21/2028,0
3918,Room,5,2,60,05/10/2028,6/21/2028,0
6416,Booth,5,2,60,05/10/2028,6/21/2028,0
6611,Booth,5,2,60,05/10/2028,6/21/2028,0
7466,Booth,5,2,60,05/10/2028,6/21/2028,0
9794,Booth,5,1,60,05/10/2028,05/10/2028,0
837,Booth,5,2,60,05/11/2028,6/22/2028,0
5252,Booth,5,2,60,05/11/2028,6/22/2028,0
5451,Booth,5,2,60,05/11/2028,6/22/2028,0
5864,Booth,5,2,60,05/11/2028,6/22/2028,0
6457,Booth,5,2,210,05/11/2028,6/22/2028,0
6647,Booth,5,2,60,05/11/2028,6/22/2028,0
7134,Room,5,2,60,05/11/2028,6/22/2028,0
7545,Booth,6,2,60,05/11/2028,6/22/2028,0
965,Booth,5,2,30,05/12/2028,6/23/2028,0
4720,Booth,5,2,60,05/12/2028,6/23/2028,0
5693,Booth,5,2,60,05/12/2028,6/23/2028,0
6112,Booth,5,2,60,05/12/2028,6/23/2028,0
8358,Booth,5,2,105,05/12/2028,6/23/2028,0
9637,Booth,5,2,60,05/12/2028,6/23/2028,0
9964,Room,5,2,60,05/12/2028,6/23/2028,0
2007,Room,5,2,60,5/13/2028,6/24/2028,0
2786,Booth,5,2,60,5/13/2028,6/24/2028,0
3750,Booth,6,2,60,5/13/2028,6/24/2028,0
4909,Booth,5,2,60,5/13/2028,6/24/2028,0
6764,Booth,5,2,60,5/13/2028,6/24/2028,0
6782,Booth,5,2,105,5/13/2028,6/24/2028,0
8127,Booth,5,2,60,5/13/2028,6/24/2028,0
8455,Booth,5,2,60,5/13/2028,6/24/2028,0
9415,Booth,5,2,60,5/13/2028,6/24/2028,0
9508,Booth,5,2,60,5/13/2028,6/24/2028,0
1067,Booth,5,2,60,5/14/2028,6/25/2028,0
4556,Booth,5,2,60,5/14/2028,6/25/2028,0
5642,Booth,5,2,60,5/14/2028,6/25/2028,0
6017,Booth,5,2,60,5/14/2028,6/25/2028,0
6303,Booth,5,2,60,5/14/2028,6/25/2028,1
6697,Booth,5,2,60,5/14/2028,6/25/2028,0
576,Booth,5,2,75,5/15/2028,6/26/2028,0
1172,Booth,5,2,105,5/15/2028,6/26/2028,0
4150,Booth,5,2,60,5/15/2028,6/26/2028,0
4230,Booth,5,2,60,5/15/2028,6/26/2028,0
5128,Booth,5,2,60,5/15/2028,6/26/2028,0
6295,Booth,5,2,60,5/15/2028,6/26/2028,0
2073,Booth,5,2,75,5/16/2028,6/27/2028,0
2653,Booth,5,2,60,5/16/2028,6/27/2028,0
4106,Booth,6,2,60,5/16/2028,6/27/2028,0
5908,Booth,5,2,105,5/16/2028,6/27/2028,0
6523,Booth,5,2,60,5/16/2028,6/27/2028,0
7324,Booth,5,2,60,5/16/2028,6/27/2028,0
7958,Booth,5,2,60,5/16/2028,6/27/2028,0
73,Booth,5,2,60,5/17/2028,6/28/2028,0
1556,Booth,5,2,60,5/17/2028,6/28/2028,0
4608,Booth,5,2,60,5/17/2028,6/28/2028,0
5595,Booth,5,2,60,5/17/2028,6/28/2028,0
5934,Booth,5,2,60,5/17/2028,6/28/2028,0
9871,Booth,5,2,60,5/17/2028,6/28/2028,0
344,Booth,5,2,60,5/18/2028,6/29/2028,0
589,Booth,5,2,60,5/18/2028,6/29/2028,0
2572,Booth,5,2,60,5/18/2028,6/29/2028,0
6070,Booth,5,2,15,5/18/2028,6/29/2028,0
1595,Room,5,2,60,5/19/2028,6/30/2028,0
1951,Booth,5,2,60,5/19/2028,6/30/2028,0
2210,Booth,5,2,60,5/19/2028,6/30/2028,0
6384,Booth,5,2,60,5/19/2028,6/30/2028,0
9445,Booth,5,2,60,5/19/2028,6/30/2028,0
2990,Booth,5,2,60,5/20/2028,07/01/2028,0
4093,Booth,5,2,60,5/20/2028,07/01/2028,0
5688,Booth,5,2,60,5/20/2028,07/01/2028,1
5744,Room,5,2,60,5/20/2028,07/01/2028,0
6262,Booth,5,2,60,5/20/2028,07/01/2028,0
258,Room,5,2,60,5/21/2028,07/02/2028,0
2358,Booth,5,2,60,5/21/2028,07/02/2028,0
4949,Booth,5,2,60,5/21/2028,07/02/2028,0
5734,Booth,5,2,60,5/21/2028,07/02/2028,0
7507,Booth,5,2,60,5/21/2028,07/02/2028,0
8634,Booth,5,2,60,5/21/2028,07/02/2028,0
9147,Booth,5,1,15,5/21/2028,5/21/2028,0
203,Room,5,2,60,5/22/2028,07/03/2028,0
1047,Room,5,2,60,5/22/2028,07/03/2028,0
1601,Booth,5,1,60,5/22/2028,5/22/2028,0
2125,Booth,5,2,60,5/22/2028,07/03/2028,0
2353,Booth,5,2,60,5/22/2028,07/03/2028,0
2432,Booth,5,2,60,5/22/2028,07/03/2028,0
5350,Booth,5,1,60,5/22/2028,5/22/2028,0
6056,Booth,5,2,60,5/22/2028,07/03/2028,0
7762,Booth,5,2,60,5/22/2028,07/03/2028,0
8463,Booth,6,1,60,5/22/2028,5/22/2028,0
821,Booth,6,2,60,5/23/2028,07/04/2028,0
2918,Booth,6,2,60,5/23/2028,07/04/2028,0
3666,Booth,5,2,60,5/23/2028,07/04/2028,0
4351,Booth,5,2,60,5/23/2028,07/04/2028,0
5852,Booth,5,2,60,5/23/2028,07/04/2028,0
8156,Booth,5,2,60,5/23/2028,07/04/2028,0
9621,Booth,5,2,60,5/23/2028,07/04/2028,0
2161,Booth,5,2,60,5/24/2028,07/05/2028,0
3806,Booth,5,2,60,5/24/2028,07/05/2028,0
4035,Booth,5,2,60,5/24/2028,07/05/2028,0
6105,Booth,5,2,60,5/24/2028,07/05/2028,0
8242,Room,6,2,60,5/24/2028,07/05/2028,0
1391,Room,5,2,60,5/25/2028,07/06/2028,0
2356,Booth,5,2,60,5/25/2028,07/06/2028,0
6894,Booth,5,2,60,5/25/2028,07/06/2028,0
7262,Booth,5,2,60,5/25/2028,07/06/2028,0
8716,Booth,5,2,60,5/25/2028,07/06/2028,0
6201,Booth,5,2,60,5/26/2028,07/07/2028,0
7032,Booth,5,2,60,5/26/2028,07/07/2028,0
7772,Booth,5,2,60,5/26/2028,07/07/2028,0
9513,Booth,5,2,60,5/26/2028,07/07/2028,0
9568,Booth,5,2,60,5/26/2028,07/07/2028,0
9723,Booth,5,2,60,5/26/2028,07/07/2028,0
303,Booth,5,2,60,5/27/2028,07/08/2028,0
1375,Booth,5,2,210,5/27/2028,07/08/2028,0
1479,Booth,5,2,60,5/27/2028,07/08/2028,0
1871,Booth,5,2,60,5/27/2028,07/08/2028,0
3872,Booth,5,2,60,5/27/2028,07/08/2028,0
5059,Booth,5,2,60,5/27/2028,07/08/2028,0
5752,Booth,5,2,75,5/27/2028,07/08/2028,0
8748,Booth,5,2,60,5/27/2028,07/08/2028,0
8833,Booth,5,2,60,5/27/2028,07/08/2028,0
8953,Booth,5,2,60,5/27/2028,07/08/2028,0
9004,Booth,5,2,60,5/27/2028,07/08/2028,0
1725,Booth,5,2,60,5/28/2028,07/09/2028,0
1947,Booth,5,1,60,5/28/2028,5/28/2028,0
3969,Booth,5,3,60,5/28/2028,6/25/2028,0
4761,Room,5,2,60,5/28/2028,07/09/2028,0
1415,Booth,5,2,60,5/29/2028,07/10/2028,0
2466,Room,5,2,75,5/29/2028,07/10/2028,0
3741,Booth,5,3,60,5/29/2028,6/26/2028,0
6495,Booth,5,2,60,5/29/2028,07/10/2028,0
6913,Room,5,2,60,5/29/2028,07/10/2028,0
7165,Booth,5,2,60,5/29/2028,07/10/2028,0
9927,Booth,5,2,60,5/29/2028,07/10/2028,0
883,Room,5,2,60,5/30/2028,07/11/2028,0
1772,Booth,5,2,60,5/30/2028,07/11/2028,0
4609,Booth,5,2,60,5/30/2028,07/11/2028,0
4617,Room,5,2,60,5/30/2028,07/11/2028,0
5018,Booth,5,2,60,5/30/2028,07/11/2028,0
9813,Booth,5,3,60,5/30/2028,6/27/2028,0
2231,Booth,5,2,105,5/31/2028,07/12/2028,0
1597,Booth,5,2,105,06/01/2028,7/13/2028,0
5164,Booth,5,2,60,06/01/2028,7/13/2028,0
6480,Booth,5,2,60,06/01/2028,7/13/2028,0
9007,Booth,5,2,60,06/01/2028,7/13/2028,0
9343,Booth,5,2,60,06/01/2028,7/13/2028,0
2250,Booth,5,2,60,06/02/2028,7/14/2028,0
3180,Booth,6,2,60,06/02/2028,7/14/2028,0
4610,Room,5,2,60,06/02/2028,7/14/2028,0
5588,Booth,5,1,60,06/02/2028,06/02/2028,0
8145,Booth,5,2,60,06/02/2028,7/14/2028,0
8562,Booth,5,2,60,06/02/2028,7/14/2028,0
2848,Booth,5,2,75,06/03/2028,7/15/2028,0
4715,Room,5,2,60,06/03/2028,7/15/2028,0
6924,Room,5,2,60,06/03/2028,7/15/2028,0
9253,Booth,5,1,15,06/03/2028,06/03/2028,0
2473,Booth,5,2,60,06/04/2028,7/16/2028,1
3696,Booth,5,1,60,06/04/2028,06/04/2028,0
5494,Room,5,2,60,06/04/2028,7/16/2028,0
5677,Booth,5,2,60,06/04/2028,7/16/2028,0
7409,Booth,5,2,60,06/04/2028,7/16/2028,0
8023,Booth,5,2,105,06/04/2028,7/16/2028,0
8248,Booth,5,2,60,06/04/2028,7/16/2028,0
1610,Booth,5,1,60,06/05/2028,06/05/2028,0
1659,Booth,5,2,60,06/05/2028,7/17/2028,0
2552,Booth,5,2,60,06/05/2028,7/17/2028,0
4249,Booth,5,2,60,06/05/2028,7/17/2028,0
4281,Booth,5,2,90,06/05/2028,7/17/2028,0
4844,Booth,5,2,105,06/05/2028,7/17/2028,0
4945,Booth,5,2,60,06/05/2028,7/17/2028,0
5774,Booth,5,2,60,06/05/2028,7/17/2028,0
3985,Booth,5,2,60,06/06/2028,7/18/2028,0
5835,Booth,5,2,105,06/06/2028,7/18/2028,0
6061,Booth,5,2,60,06/06/2028,7/18/2028,0
7430,Booth,5,2,60,06/06/2028,7/18/2028,0
8688,Booth,5,2,60,06/06/2028,7/18/2028,0
2304,Booth,5,2,60,06/07/2028,7/19/2028,0
2376,Booth,5,2,60,06/07/2028,7/19/2028,0
2671,Booth,5,2,105,06/07/2028,7/19/2028,0
2748,Booth,5,2,60,06/07/2028,7/19/2028,0
2917,Booth,5,2,60,06/07/2028,7/19/2028,0
3619,Booth,5,1,75,06/07/2028,06/07/2028,0
5317,Booth,5,2,60,06/07/2028,7/19/2028,0
9732,Room,5,2,60,06/07/2028,7/19/2028,0
1363,Room,5,2,60,06/08/2028,7/20/2028,0
5615,Booth,5,2,90,06/08/2028,7/20/2028,0
9367,Booth,5,2,15,06/08/2028,7/20/2028,0
4090,Booth,5,2,60,06/09/2028,7/21/2028,0
4279,Booth,5,2,60,06/09/2028,7/21/2028,0
7051,Booth,5,2,60,06/09/2028,7/21/2028,1
7930,Booth,5,2,60,06/09/2028,7/21/2028,0
8201,Booth,5,2,60,06/09/2028,7/21/2028,0
256,Booth,5,2,60,06/10/2028,7/22/2028,0
682,Booth,5,2,60,06/10/2028,7/22/2028,0
4533,Booth,5,2,60,06/10/2028,7/22/2028,0
7005,Booth,5,2,90,06/10/2028,7/22/2028,0
7227,Booth,5,2,60,06/10/2028,7/22/2028,0
845,Booth,5,2,60,06/11/2028,7/23/2028,0
2076,Booth,5,2,60,06/11/2028,7/23/2028,0
2817,Booth,5,2,60,06/11/2028,7/23/2028,0
4498,Booth,5,2,210,06/11/2028,7/23/2028,0
5781,Room,5,2,60,06/11/2028,7/23/2028,0
8376,Booth,5,2,60,06/11/2028,7/23/2028,0
1344,Booth,6,2,105,06/12/2028,7/24/2028,0
5318,Booth,6,2,60,06/12/2028,7/24/2028,0
7073,Booth,5,2,60,06/12/2028,7/24/2028,0
7283,Booth,5,2,60,06/12/2028,7/24/2028,0
7678,Booth,5,2,105,06/12/2028,7/24/2028,0
8894,Booth,5,2,60,06/12/2028,7/24/2028,0
1383,Booth,5,2,60,6/13/2028,7/25/2028,0
4957,Booth,5,2,60,6/13/2028,7/25/2028,0
5808,Booth,5,2,60,6/13/2028,7/25/2028,0
2327,Booth,5,2,60,6/14/2028,7/26/2028,0
6153,Booth,5,1,60,6/14/2028,6/14/2028,0
8680,Booth,5,2,60,6/14/2028,7/26/2028,0
9680,Booth,5,2,60,6/14/2028,7/26/2028,0
2807,Booth,5,2,60,6/15/2028,7/27/2028,0
3012,Booth,5,2,60,6/15/2028,7/27/2028,0
6000,Booth,5,2,60,6/15/2028,7/27/2028,0
2033,Booth,5,2,60,6/16/2028,7/28/2028,0
4203,Booth,5,2,60,6/16/2028,7/28/2028,0
6914,Booth,5,2,60,6/16/2028,7/28/2028,0
7823,Room,5,2,60,6/16/2028,7/28/2028,0
998,Booth,5,3,60,6/17/2028,7/15/2028,0
1567,Booth,5,2,60,6/17/2028,7/29/2028,0
2162,Booth,5,3,60,6/17/2028,7/15/2028,0
2571,Booth,5,2,60,6/17/2028,7/29/2028,0
4822,Booth,5,2,60,6/17/2028,7/29/2028,0
6241,Booth,5,2,60,6/17/2028,7/29/2028,0
6765,Room,5,2,60,6/17/2028,7/29/2028,0
9392,Booth,5,2,60,6/17/2028,7/29/2028,0
2399,Booth,5,2,60,6/18/2028,7/30/2028,0
3646,Booth,5,2,60,6/18/2028,7/30/2028,0
6531,Booth,5,2,60,6/18/2028,7/30/2028,1
6869,Room,6,2,60,6/18/2028,7/30/2028,0
8608,Booth,5,2,60,6/18/2028,7/30/2028,0
177,Room,5,2,60,6/19/2028,7/31/2028,0
413,Booth,5,2,60,6/19/2028,7/31/2028,0
3560,Booth,6,2,60,6/19/2028,7/31/2028,0
6550,Room,5,2,60,6/19/2028,7/31/2028,0
9350,Booth,5,2,60,6/19/2028,7/31/2028,0
3343,Booth,5,2,60,6/20/2028,08/01/2028,0
5159,Booth,5,2,60,6/20/2028,08/01/2028,0
6652,Booth,5,2,60,6/20/2028,08/01/2028,0
9015,Booth,5,2,60,6/20/2028,08/01/2028,0
9574,Booth,5,2,105,6/20/2028,08/01/2028,0
81,Booth,5,2,60,6/21/2028,08/02/2028,0
1241,Booth,5,2,60,6/21/2028,08/02/2028,0
1865,Booth,5,2,60,6/21/2028,08/02/2028,0
1906,Booth,5,2,60,6/21/2028,08/02/2028,0
2589,Booth,5,2,210,6/21/2028,08/02/2028,0
3119,Booth,5,2,60,6/21/2028,08/02/2028,0
1631,Booth,5,2,60,6/22/2028,08/03/2028,0
2196,Booth,5,2,60,6/22/2028,08/03/2028,0
2504,Booth,5,2,60,6/22/2028,08/03/2028,0
8385,Booth,5,2,60,6/22/2028,08/03/2028,0
8885,Booth,5,2,60,6/22/2028,08/03/2028,0
2524,Booth,5,2,60,6/23/2028,08/04/2028,0
2855,Booth,5,2,60,6/23/2028,08/04/2028,0
3128,Booth,5,2,60,6/23/2028,08/04/2028,0
3858,Room,5,2,60,6/23/2028,08/04/2028,0
5577,Booth,5,2,60,6/23/2028,08/04/2028,0
5807,Booth,5,2,60,6/23/2028,08/04/2028,0
6680,Booth,5,2,60,6/23/2028,08/04/2028,0
8699,Booth,6,2,60,6/23/2028,08/04/2028,0
9881,Booth,5,2,60,6/23/2028,08/04/2028,0
345,Booth,5,2,60,6/24/2028,08/05/2028,0
2256,Booth,5,2,180,6/24/2028,08/05/2028,0
2434,Booth,5,2,60,6/24/2028,08/05/2028,0
7575,Booth,5,2,60,6/24/2028,08/05/2028,0
7736,Booth,5,2,60,6/24/2028,08/05/2028,0
3407,Booth,5,2,60,6/25/2028,08/06/2028,0
4461,Booth,5,2,60,6/25/2028,08/06/2028,0
4882,Room,5,2,60,6/25/2028,08/06/2028,0
5658,Booth,5,2,60,6/25/2028,08/06/2028,0
6188,Booth,5,2,60,6/25/2028,08/06/2028,0
9059,Room,5,2,60,6/25/2028,08/06/2028,0
1535,Booth,5,2,60,6/26/2028,08/07/2028,0
3849,Booth,6,2,60,6/26/2028,08/07/2028,0
6502,Booth,5,2,60,6/26/2028,08/07/2028,0
8107,Booth,5,2,60,6/26/2028,08/07/2028,0
9808,Booth,5,2,60,6/26/2028,08/07/2028,0
9953,Booth,5,2,60,6/26/2028,08/07/2028,0
544,Booth,5,2,60,6/27/2028,08/08/2028,0
949,Booth,5,2,105,6/27/2028,08/08/2028,0
1928,Booth,5,2,90,6/27/2028,08/08/2028,0
4658,Booth,5,2,60,6/27/2028,08/08/2028,0
5061,Booth,6,2,60,6/27/2028,08/08/2028,0
6177,Booth,5,2,60,6/27/2028,08/08/2028,0
6580,Booth,5,2,60,6/27/2028,08/08/2028,0
7851,Booth,5,2,60,6/27/2028,08/08/2028,0
8815,Room,5,2,60,6/27/2028,08/08/2028,0
2973,Booth,5,2,210,6/28/2028,08/09/2028,0
5100,Booth,5,2,60,6/28/2028,08/09/2028,0
7103,Booth,5,2,60,6/28/2028,08/09/2028,0
7369,Booth,5,2,60,6/28/2028,08/09/2028,0
7692,Booth,5,2,60,6/28/2028,08/09/2028,0
7709,Booth,5,2,60,6/28/2028,08/09/2028,0
8167,Booth,6,2,75,6/28/2028,08/09/2028,0
8989,Booth,5,2,60,6/28/2028,08/09/2028,0
9609,Booth,5,2,60,6/28/2028,08/09/2028,0
5458,Booth,5,2,60,6/29/2028,08/10/2028,0
5703,Booth,5,2,60,6/29/2028,08/10/2028,1
5883,Room,5,2,60,6/29/2028,08/10/2028,0
5975,Booth,5,2,60,6/29/2028,08/10/2028,0
7105,Booth,6,2,60,6/29/2028,08/10/2028,0
2811,Booth,5,2,60,6/30/2028,08/11/2028,0
5675,Booth,5,2,105,6/30/2028,08/11/2028,0
6439,Booth,5,2,60,6/30/2028,08/11/2028,0
6620,Booth,5,2,60,6/30/2028,08/11/2028,0
8603,Booth,5,2,60,6/30/2028,08/11/2028,0
127,Booth,5,2,60,07/01/2028,08/12/2028,0
1472,Booth,5,2,60,07/01/2028,08/12/2028,0
5514,Room,5,2,60,07/01/2028,08/12/2028,0
5890,Booth,5,2,60,07/01/2028,08/12/2028,0
6690,Booth,5,2,60,07/01/2028,08/12/2028,0
7533,Booth,5,2,60,07/01/2028,08/12/2028,0
8297,Booth,5,2,60,07/01/2028,08/12/2028,0
9698,Booth,5,2,60,07/01/2028,08/12/2028,0
9852,Booth,5,2,105,07/01/2028,08/12/2028,1
74,Booth,5,2,105,07/02/2028,8/13/2028,0
907,Room,5,2,90,07/02/2028,8/13/2028,0
4081,Booth,5,2,60,07/02/2028,8/13/2028,0
4621,Booth,5,2,60,07/02/2028,8/13/2028,0
6994,Booth,5,2,60,07/02/2028,8/13/2028,0
9444,Booth,5,2,60,07/02/2028,8/13/2028,0
386,Booth,5,1,60,07/03/2028,07/03/2028,0
465,Booth,5,2,60,07/03/2028,8/14/2028,0
1203,Booth,5,2,60,07/03/2028,8/14/2028,0
1944,Booth,5,2,105,07/03/2028,8/14/2028,0
4170,Booth,5,2,60,07/03/2028,8/14/2028,0
4183,Room,5,2,75,07/03/2028,8/14/2028,0
6562,Booth,5,2,60,07/03/2028,8/14/2028,0
7127,Booth,5,2,60,07/03/2028,8/14/2028,0
7161,Booth,5,1,60,07/03/2028,07/03/2028,0
8705,Booth,5,2,60,07/03/2028,8/14/2028,0
2789,Booth,5,2,60,07/04/2028,8/15/2028,0
5972,Booth,5,2,60,07/04/2028,8/15/2028,0
6603,Booth,5,2,60,07/04/2028,8/15/2028,0
9086,Room,5,2,60,07/04/2028,8/15/2028,0
250,Booth,5,2,105,07/05/2028,8/16/2028,0
3338,Booth,5,2,60,07/05/2028,8/16/2028,0
5168,Room,5,3,60,07/05/2028,08/02/2028,0
6237,Booth,5,2,60,07/05/2028,8/16/2028,0
7170,Booth,5,2,60,07/05/2028,8/16/2028,0
610,Booth,5,2,60,07/06/2028,8/17/2028,0
1578,Booth,5,1,60,07/06/2028,07/06/2028,0
1939,Booth,5,2,60,07/06/2028,8/17/2028,0
4494,Booth,5,2,60,07/06/2028,8/17/2028,0
6043,Booth,5,2,60,07/06/2028,8/17/2028,0
6854,Room,5,3,60,07/06/2028,08/03/2028,0
7261,Booth,5,2,60,07/06/2028,8/17/2028,0
9200,Booth,5,2,60,07/06/2028,8/17/2028,0
1858,Booth,5,2,210,07/07/2028,8/18/2028,0
4506,Booth,6,2,60,07/07/2028,8/18/2028,0
5336,Booth,5,2,210,07/07/2028,8/18/2028,0
6345,Booth,5,2,60,07/07/2028,8/18/2028,0
9599,Booth,6,2,60,07/07/2028,8/18/2028,0
1196,Booth,5,2,60,07/08/2028,8/19/2028,0
2594,Booth,5,2,60,07/08/2028,8/19/2028,0
4842,Booth,5,2,60,07/08/2028,8/19/2028,0
5045,Booth,5,2,60,07/08/2028,8/19/2028,0
6179,Booth,5,3,60,07/08/2028,08/05/2028,0
1027,Booth,5,2,60,07/09/2028,8/20/2028,0
2101,Booth,5,3,60,07/09/2028,08/06/2028,0
2326,Booth,5,2,60,07/09/2028,8/20/2028,0
4361,Booth,5,2,60,07/09/2028,8/20/2028,0
5009,Booth,5,2,60,07/09/2028,8/20/2028,0
5233,Booth,5,2,60,07/09/2028,8/20/2028,0
8973,Booth,5,2,60,07/09/2028,8/20/2028,0
9235,Booth,5,2,60,07/09/2028,8/20/2028,0
3509,Booth,5,2,60,07/10/2028,8/21/2028,0
4591,Booth,5,2,60,07/10/2028,8/21/2028,0
7038,Booth,5,2,60,07/10/2028,8/21/2028,0
9865,Booth,5,1,60,07/10/2028,07/10/2028,0
430,Booth,5,2,60,07/11/2028,8/22/2028,0
1281,Booth,5,2,60,07/11/2028,8/22/2028,0
2246,Booth,5,2,60,07/11/2028,8/22/2028,0
5109,Booth,5,2,60,07/11/2028,8/22/2028,0
5392,Room,5,2,60,07/11/2028,8/22/2028,0
5830,Booth,5,2,60,07/11/2028,8/22/2028,0
9095,Booth,5,2,60,07/11/2028,8/22/2028,0
1656,Booth,5,2,60,07/12/2028,8/23/2028,0
2440,Booth,6,2,60,07/12/2028,8/23/2028,0
3488,Booth,5,2,60,07/12/2028,8/23/2028,0
4261,Booth,5,2,60,07/12/2028,8/23/2028,0
4306,Booth,5,2,75,07/12/2028,8/23/2028,0
6849,Booth,5,2,105,07/12/2028,8/23/2028,0
8280,Booth,5,2,60,07/12/2028,8/23/2028,0
8822,Booth,5,2,60,07/12/2028,8/23/2028,0
9564,Booth,5,2,60,07/12/2028,8/23/2028,0
9827,Booth,5,2,60,07/12/2028,8/23/2028,0
542,Booth,5,2,60,7/13/2028,8/24/2028,0
1108,Booth,5,2,60,7/13/2028,8/24/2028,0
2220,Booth,6,2,60,7/13/2028,8/24/2028,0
5077,Booth,5,2,210,7/13/2028,8/24/2028,0
6857,Booth,5,2,60,7/13/2028,8/24/2028,0
1051,Room,5,2,60,7/14/2028,8/25/2028,0
2579,Room,5,2,60,7/14/2028,8/25/2028,0
2631,Booth,5,2,60,7/14/2028,8/25/2028,0
3657,Booth,5,2,60,7/14/2028,8/25/2028,0
4489,Booth,5,3,60,7/14/2028,08/11/2028,0
4762,Booth,5,2,60,7/14/2028,8/25/2028,0
6499,Booth,5,2,60,7/14/2028,8/25/2028,0
7137,Booth,5,2,60,7/14/2028,8/25/2028,0
9335,Booth,5,2,60,7/14/2028,8/25/2028,0
9729,Booth,5,2,30,7/14/2028,8/25/2028,0
9879,Booth,5,2,60,7/14/2028,8/25/2028,0
546,Booth,5,2,60,7/15/2028,8/26/2028,0
2265,Booth,5,2,60,7/15/2028,8/26/2028,0
5144,Booth,5,1,60,7/15/2028,7/15/2028,0
1857,Booth,6,2,60,7/16/2028,8/27/2028,0
2704,Booth,5,2,60,7/16/2028,8/27/2028,0
2798,Booth,5,2,210,7/16/2028,8/27/2028,0
3999,Booth,5,1,60,7/16/2028,7/16/2028,0
6462,Booth,5,2,60,7/16/2028,8/27/2028,0
6748,Booth,5,2,60,7/16/2028,8/27/2028,0
7077,Booth,5,1,60,7/16/2028,7/16/2028,0
2583,Booth,5,2,60,7/17/2028,8/28/2028,0
2711,Booth,5,2,60,7/17/2028,8/28/2028,1
2830,Booth,5,2,60,7/17/2028,8/28/2028,0
4657,Booth,5,2,60,7/17/2028,8/28/2028,0
6908,Booth,5,2,60,7/17/2028,8/28/2028,0
9159,Booth,5,2,60,7/17/2028,8/28/2028,0
773,Room,5,2,60,7/18/2028,8/29/2028,0
1252,Booth,5,2,60,7/18/2028,8/29/2028,0
2641,Room,5,2,60,7/18/2028,8/29/2028,0
4248,Booth,5,1,60,7/18/2028,7/18/2028,0
6847,Booth,5,2,60,7/18/2028,8/29/2028,0
425,Booth,5,2,60,7/19/2028,8/30/2028,0
2148,Booth,5,2,210,7/19/2028,8/30/2028,0
2199,Booth,5,2,105,7/19/2028,8/30/2028,0
3330,Booth,5,2,75,7/19/2028,8/30/2028,0
3375,Booth,5,2,60,7/19/2028,8/30/2028,0
5480,Booth,5,2,60,7/19/2028,8/30/2028,0
5994,Booth,5,2,105,7/19/2028,8/30/2028,0
7201,Booth,6,2,105,7/19/2028,8/30/2028,0
8936,Booth,5,1,60,7/19/2028,7/19/2028,0
2384,Booth,5,2,60,7/20/2028,8/31/2028,0
2398,Room,5,2,60,7/20/2028,8/31/2028,0
2475,Booth,5,2,60,7/20/2028,8/31/2028,0
3139,Booth,5,2,60,7/20/2028,8/31/2028,0
3225,Room,5,2,60,7/20/2028,8/31/2028,0
5081,Booth,5,2,60,7/21/2028,09/01/2028,0
6279,Booth,5,2,60,7/21/2028,09/01/2028,0
7415,Booth,5,2,60,7/21/2028,09/01/2028,0
8384,Booth,5,2,90,7/21/2028,09/01/2028,0
267,Room,5,1,60,7/22/2028,7/22/2028,0
1267,Room,5,2,30,7/22/2028,09/02/2028,0
2808,Booth,5,2,60,7/22/2028,09/02/2028,0
3538,Booth,5,2,60,7/22/2028,09/02/2028,0
4094,Booth,5,2,60,7/22/2028,09/02/2028,0
7269,Booth,5,3,30,7/22/2028,8/19/2028,0
9168,Booth,5,2,60,7/22/2028,09/02/2028,0
9630,Booth,5,2,60,7/22/2028,09/02/2028,0
858,Booth,5,2,75,7/23/2028,09/03/2028,0
3179,Booth,5,2,60,7/23/2028,09/03/2028,0
4157,Booth,6,2,60,7/23/2028,09/03/2028,0
7054,Booth,5,2,105,7/23/2028,09/03/2028,0
9333,Booth,5,2,60,7/23/2028,09/03/2028,0
9439,Booth,5,2,60,7/23/2028,09/03/2028,0
3486,Booth,5,2,60,7/24/2028,09/04/2028,0
4322,Booth,5,2,60,7/24/2028,09/04/2028,0
4795,Room,5,2,60,7/24/2028,09/04/2028,0
5142,Room,7,2,60,7/24/2028,09/04/2028,0
5535,Booth,5,2,60,7/24/2028,09/04/2028,0
6048,Booth,5,2,60,7/24/2028,09/04/2028,0
721,Booth,5,2,60,7/25/2028,09/05/2028,0
2229,Booth,5,2,60,7/25/2028,09/05/2028,0
6238,Booth,5,2,60,7/25/2028,09/05/2028,0
6737,Booth,5,2,60,7/25/2028,09/05/2028,0
7970,Booth,6,2,60,7/25/2028,09/05/2028,0
1683,Booth,5,2,60,7/26/2028,09/06/2028,0
4944,Booth,5,2,60,7/26/2028,09/06/2028,0
5860,Booth,5,2,60,7/26/2028,09/06/2028,0
5939,Booth,5,2,60,7/26/2028,09/06/2028,0
1170,Booth,5,2,60,7/27/2028,09/07/2028,0
3621,Booth,5,2,60,7/27/2028,09/07/2028,0
5828,Room,5,2,60,7/27/2028,09/07/2028,0
7187,Booth,6,2,60,7/27/2028,09/07/2028,0
7379,Booth,5,2,180,7/27/2028,09/07/2028,0
8054,Booth,5,2,60,7/27/2028,09/07/2028,0
6422,Booth,5,2,60,7/28/2028,09/08/2028,0
688,Booth,5,2,60,7/29/2028,09/09/2028,0
1958,Booth,5,1,60,7/29/2028,7/29/2028,0
4637,Booth,5,3,60,7/29/2028,8/26/2028,0
7663,Room,5,2,60,7/29/2028,09/09/2028,0
7704,Booth,6,2,60,7/29/2028,09/09/2028,0
8457,Room,5,2,75,7/29/2028,09/09/2028,0
964,Booth,5,2,60,7/30/2028,09/10/2028,1
3258,Booth,5,2,60,7/30/2028,09/10/2028,0
3590,Booth,5,2,60,7/30/2028,09/10/2028,0
5389,Booth,5,2,60,7/30/2028,09/10/2028,0
8897,Booth,5,3,60,7/30/2028,8/27/2028,0
9069,Booth,5,2,105,7/30/2028,09/10/2028,0
9154,Booth,5,2,60,7/30/2028,09/10/2028,0
3162,Booth,6,2,60,7/31/2028,09/11/2028,0
3642,Booth,5,2,60,7/31/2028,09/11/2028,0
1113,Booth,5,2,60,08/01/2028,09/12/2028,1
3883,Booth,5,2,60,08/01/2028,09/12/2028,0
7467,Room,5,2,60,08/01/2028,09/12/2028,0
8730,Booth,5,2,60,08/01/2028,09/12/2028,0
9054,Booth,5,2,60,08/01/2028,09/12/2028,0
1214,Room,5,1,105,08/02/2028,08/02/2028,0
4411,Booth,5,2,180,08/02/2028,9/13/2028,0
7311,Booth,5,2,60,08/02/2028,9/13/2028,0
9860,Booth,5,2,60,08/02/2028,9/13/2028,0
2463,Booth,5,2,60,08/03/2028,9/14/2028,0
3555,Booth,5,2,60,08/03/2028,9/14/2028,0
5968,Booth,5,2,60,08/03/2028,9/14/2028,0
7893,Booth,5,2,60,08/03/2028,9/14/2028,0
9012,Booth,5,2,30,08/03/2028,9/14/2028,0
9622,Room,5,2,60,08/03/2028,9/14/2028,0
9762,Booth,5,2,60,08/03/2028,9/14/2028,0
298,Room,5,2,60,08/04/2028,9/15/2028,0
620,Booth,5,2,60,08/04/2028,9/15/2028,1
1144,Room,5,2,60,08/04/2028,9/15/2028,1
1248,Booth,5,2,30,08/04/2028,9/15/2028,0
1920,Booth,5,2,60,08/04/2028,9/15/2028,0
2674,Booth,5,2,60,08/04/2028,9/15/2028,0
2816,Booth,5,2,60,08/04/2028,9/15/2028,0
3561,Booth,5,2,60,08/04/2028,9/15/2028,0
3959,Booth,5,2,60,08/04/2028,9/15/2028,0
3962,Booth,5,2,60,08/04/2028,9/15/2028,0
6559,Booth,6,2,30,08/04/2028,9/15/2028,0
1026,Booth,5,2,210,08/05/2028,9/16/2028,0
2474,Booth,5,2,60,08/05/2028,9/16/2028,0
3037,Booth,5,2,60,08/05/2028,9/16/2028,0
5346,Booth,5,2,60,08/05/2028,9/16/2028,0
5403,Booth,5,1,60,08/05/2028,08/05/2028,0
7248,Booth,5,2,60,08/05/2028,9/16/2028,0
7485,Booth,5,2,105,08/05/2028,9/16/2028,0
8803,Booth,5,2,60,08/05/2028,9/16/2028,0
538,Booth,5,2,60,08/06/2028,9/17/2028,0
7242,Booth,5,2,60,08/06/2028,9/17/2028,0
8149,Booth,5,2,60,08/06/2028,9/17/2028,0
8338,Booth,5,2,60,08/06/2028,9/17/2028,0
8388,Booth,5,2,60,08/06/2028,9/17/2028,0
504,Booth,5,2,60,08/07/2028,9/18/2028,0
1878,Booth,5,2,60,08/07/2028,9/18/2028,0
4793,Booth,5,2,60,08/07/2028,9/18/2028,0
5143,Booth,5,2,60,08/07/2028,9/18/2028,0
5811,Room,5,2,60,08/07/2028,9/18/2028,0
6742,Booth,5,2,75,08/07/2028,9/18/2028,0
6991,Booth,5,1,15,08/07/2028,08/07/2028,0
7308,Booth,5,2,60,08/07/2028,9/18/2028,1
985,Room,5,2,60,08/08/2028,9/19/2028,0
1120,Booth,5,1,60,08/08/2028,08/08/2028,0
2507,Booth,5,2,60,08/08/2028,9/19/2028,0
4223,Booth,5,3,60,08/08/2028,09/05/2028,0
13,Booth,5,2,60,08/09/2028,9/20/2028,0
261,Booth,5,2,60,08/09/2028,9/20/2028,0
2635,Booth,6,2,60,08/09/2028,9/20/2028,0
8043,Booth,5,2,210,08/09/2028,9/20/2028,1
9143,Booth,5,2,60,08/09/2028,9/20/2028,0
9472,Booth,5,2,210,08/09/2028,9/20/2028,0
4881,Room,6,2,60,08/10/2028,9/21/2028,0
5292,Booth,5,2,60,08/10/2028,9/21/2028,0
5900,Booth,5,2,60,08/10/2028,9/21/2028,0
8390,Booth,5,2,60,08/10/2028,9/21/2028,0
9107,Booth,5,2,60,08/10/2028,9/21/2028,0
2565,Room,5,1,15,08/11/2028,08/11/2028,0
5063,Booth,5,3,60,08/11/2028,09/08/2028,0
7396,Booth,5,2,60,08/11/2028,9/22/2028,0
4558,Booth,5,2,60,08/12/2028,9/23/2028,0
7180,Booth,5,2,60,08/12/2028,9/23/2028,0
8631,Room,5,2,60,08/12/2028,9/23/2028,0
4730,Booth,5,2,60,8/13/2028,9/24/2028,0
5585,Booth,5,2,60,8/13/2028,9/24/2028,0
6176,Booth,5,2,60,8/13/2028,9/24/2028,0
6836,Booth,5,2,60,8/13/2028,9/24/2028,0
6939,Booth,5,2,210,8/13/2028,9/24/2028,0
7151,Booth,5,2,15,8/13/2028,9/24/2028,0
2870,Booth,5,2,60,8/14/2028,9/25/2028,0
4521,Booth,5,2,60,8/14/2028,9/25/2028,0
4892,Booth,5,2,60,8/14/2028,9/25/2028,0
5738,Booth,5,2,60,8/14/2028,9/25/2028,0
8432,Booth,5,2,60,8/14/2028,9/25/2028,0
144,Booth,5,2,60,8/15/2028,9/26/2028,0
1186,Room,6,2,60,8/15/2028,9/26/2028,0
1790,Booth,5,3,60,8/15/2028,09/12/2028,0
1950,Booth,5,2,60,8/15/2028,9/26/2028,0
4054,Booth,5,2,60,8/15/2028,9/26/2028,0
4460,Booth,5,2,60,8/15/2028,9/26/2028,0
6240,Booth,5,2,60,8/15/2028,9/26/2028,0
8863,Booth,5,2,60,8/15/2028,9/26/2028,0
9588,Booth,5,2,60,8/15/2028,9/26/2028,0
1536,Room,5,2,60,8/16/2028,9/27/2028,0
7256,Booth,5,2,60,8/16/2028,9/27/2028,0
241,Booth,5,2,60,8/17/2028,9/28/2028,0
683,Booth,5,2,60,8/17/2028,9/28/2028,0
4885,Booth,5,2,60,8/17/2028,9/28/2028,0
5810,Booth,5,2,60,8/17/2028,9/28/2028,0
6884,Booth,5,2,60,8/17/2028,9/28/2028,0
9263,Booth,5,2,60,8/17/2028,9/28/2028,0
185,Booth,5,2,60,8/18/2028,9/29/2028,0
1644,Booth,5,2,60,8/18/2028,9/29/2028,0
3710,Booth,5,2,60,8/18/2028,9/29/2028,0
4266,Booth,5,2,60,8/18/2028,9/29/2028,0
5993,Booth,5,2,60,8/18/2028,9/29/2028,0
7156,Room,5,2,60,8/18/2028,9/29/2028,0
7254,Booth,5,2,30,8/18/2028,9/29/2028,0
7362,Booth,5,3,60,8/18/2028,9/15/2028,1
8745,Room,5,2,60,8/18/2028,9/29/2028,0
48,Booth,5,2,60,8/19/2028,9/30/2028,0
5430,Booth,5,2,60,8/19/2028,9/30/2028,0
6138,Room,5,2,60,8/19/2028,9/30/2028,0
6938,Booth,5,1,105,8/19/2028,8/19/2028,0
7758,Booth,5,2,60,8/19/2028,9/30/2028,0
7955,Booth,5,2,60,8/19/2028,9/30/2028,0
9635,Room,5,2,60,8/19/2028,9/30/2028,0
1337,Room,5,2,60,8/20/2028,10/01/2028,0
3072,Booth,5,2,60,8/20/2028,10/01/2028,0
4367,Booth,5,1,60,8/20/2028,8/20/2028,0
4542,Booth,5,2,60,8/20/2028,10/01/2028,0
4640,Booth,5,2,210,8/20/2028,10/01/2028,0
4899,Booth,5,2,60,8/20/2028,10/01/2028,0
7933,Booth,5,2,60,8/20/2028,10/01/2028,0
873,Booth,5,2,15,8/21/2028,10/02/2028,0
1861,Booth,5,2,60,8/21/2028,10/02/2028,0
2065,Booth,5,2,60,8/21/2028,10/02/2028,0
2615,Booth,5,2,60,8/21/2028,10/02/2028,0
4026,Booth,5,2,60,8/21/2028,10/02/2028,0
4535,Booth,5,2,60,8/21/2028,10/02/2028,0
7584,Booth,5,2,60,8/21/2028,10/02/2028,0
7962,Booth,5,2,60,8/21/2028,10/02/2028,0
1600,Booth,5,2,60,8/22/2028,10/03/2028,0
3522,Booth,5,1,210,8/22/2028,8/22/2028,0
6446,Booth,5,2,60,8/22/2028,10/03/2028,0
9567,Booth,5,2,60,8/22/2028,10/03/2028,0
1430,Booth,5,2,60,8/23/2028,10/04/2028,0
2117,Booth,5,2,60,8/23/2028,10/04/2028,0
2249,Booth,5,2,60,8/23/2028,10/04/2028,0
6383,Booth,5,2,60,8/23/2028,10/04/2028,0
7516,Booth,5,2,60,8/23/2028,10/04/2028,0
8482,Booth,5,2,105,8/23/2028,10/04/2028,0
9162,Booth,5,2,60,8/23/2028,10/04/2028,0
9958,Booth,5,2,60,8/23/2028,10/04/2028,0
3,Booth,5,2,60,8/24/2028,10/05/2028,0
97,Booth,5,2,60,8/24/2028,10/05/2028,0
997,Room,5,2,60,8/24/2028,10/05/2028,0
1199,Booth,5,2,60,8/24/2028,10/05/2028,0
1496,Booth,5,2,60,8/24/2028,10/05/2028,0
2036,Booth,5,2,60,8/24/2028,10/05/2028,0
6427,Booth,5,2,60,8/24/2028,10/05/2028,0
7568,Room,5,2,60,8/24/2028,10/05/2028,0
7747,Room,5,2,60,8/24/2028,10/05/2028,0
8190,Booth,5,2,60,8/24/2028,10/05/2028,0
4051,Booth,5,2,60,8/25/2028,10/06/2028,0
4679,Booth,5,2,60,8/25/2028,10/06/2028,0
8586,Booth,5,2,60,8/25/2028,10/06/2028,0
1178,Booth,5,2,210,8/26/2028,10/07/2028,0
1379,Booth,5,2,60,8/26/2028,10/07/2028,0
1551,Room,5,2,60,8/26/2028,10/07/2028,0
3077,Booth,5,1,60,8/26/2028,8/26/2028,0
3310,Booth,5,2,60,8/26/2028,10/07/2028,0
6163,Booth,5,1,60,8/26/2028,8/26/2028,0
8480,Booth,5,2,60,8/26/2028,10/07/2028,0
1539,Booth,5,3,60,8/27/2028,9/24/2028,0
569,Booth,5,2,60,8/28/2028,10/09/2028,0
1098,Booth,5,2,90,8/28/2028,10/09/2028,0
1695,Booth,5,2,60,8/28/2028,10/09/2028,0
2186,Booth,5,2,60,8/28/2028,10/09/2028,0
6264,Booth,5,2,60,8/28/2028,10/09/2028,0
16,Booth,5,2,60,8/29/2028,10/10/2028,0
2044,Booth,5,2,60,8/29/2028,10/10/2028,0
2477,Room,5,2,60,8/29/2028,10/10/2028,1
2488,Booth,5,2,60,8/29/2028,10/10/2028,0
2574,Booth,5,2,60,8/29/2028,10/10/2028,0
3018,Booth,5,2,60,8/29/2028,10/10/2028,0
3751,Room,5,2,60,8/29/2028,10/10/2028,0
3799,Room,5,2,60,8/29/2028,10/10/2028,0
4337,Booth,5,2,60,8/29/2028,10/10/2028,0
5082,Booth,6,2,60,8/29/2028,10/10/2028,0
5428,Booth,5,2,60,8/29/2028,10/10/2028,0
8412,Booth,5,2,60,8/29/2028,10/10/2028,0
462,Booth,5,2,105,8/30/2028,10/11/2028,0
2590,Booth,5,2,60,8/30/2028,10/11/2028,0
2687,Booth,5,2,60,8/30/2028,10/11/2028,0
2701,Room,5,2,60,8/30/2028,10/11/2028,0
2745,Booth,5,2,60,8/30/2028,10/11/2028,0
3129,Room,5,2,60,8/30/2028,10/11/2028,0
3232,Booth,5,2,210,8/30/2028,10/11/2028,0
7388,Booth,5,2,60,8/30/2028,10/11/2028,0
8062,Booth,5,2,60,8/30/2028,10/11/2028,0
8627,Room,5,3,60,8/30/2028,9/27/2028,0
9285,Booth,5,2,60,8/30/2028,10/11/2028,0
1156,Room,5,2,60,8/31/2028,10/12/2028,0
3389,Booth,5,2,60,8/31/2028,10/12/2028,0
4205,Room,5,2,60,8/31/2028,10/12/2028,0
1018,Booth,5,2,60,09/01/2028,10/13/2028,0
4543,Booth,5,2,60,09/01/2028,10/13/2028,0
7044,Room,5,1,60,09/01/2028,09/01/2028,0
7997,Booth,5,2,60,09/01/2028,10/13/2028,0
8473,Booth,5,2,60,09/01/2028,10/13/2028,0
343,Booth,5,2,60,09/02/2028,10/14/2028,0
2951,Booth,5,2,60,09/02/2028,10/14/2028,0
3048,Booth,5,2,60,09/02/2028,10/14/2028,0
5140,Booth,5,2,60,09/02/2028,10/14/2028,0
5737,Room,5,2,60,09/02/2028,10/14/2028,0
6218,Booth,5,2,60,09/02/2028,10/14/2028,0
9079,Room,5,2,60,09/02/2028,10/14/2028,0
9616,Booth,5,2,30,09/02/2028,10/14/2028,0
2047,Booth,5,2,60,09/03/2028,10/15/2028,0
4775,Booth,5,2,60,09/03/2028,10/15/2028,0
6672,Booth,5,2,60,09/03/2028,10/15/2028,0
8007,Booth,5,2,60,09/03/2028,10/15/2028,0
8776,Booth,5,2,60,09/03/2028,10/15/2028,0
9110,Booth,5,2,60,09/03/2028,10/15/2028,0
9424,Booth,5,2,60,09/03/2028,10/15/2028,0
843,Booth,5,2,75,09/04/2028,10/16/2028,0
2263,Booth,5,2,60,09/04/2028,10/16/2028,0
6362,Booth,5,2,60,09/04/2028,10/16/2028,0
7228,Booth,5,2,60,09/04/2028,10/16/2028,0
9306,Booth,5,1,105,09/04/2028,09/04/2028,0
2456,Booth,5,2,60,09/05/2028,10/17/2028,0
3172,Booth,5,2,60,09/05/2028,10/17/2028,0
4023,Booth,5,2,60,09/05/2028,10/17/2028,0
4297,Booth,5,2,60,09/05/2028,10/17/2028,0
4363,Booth,5,2,60,09/05/2028,10/17/2028,0
5405,Booth,5,2,60,09/05/2028,10/17/2028,0
6734,Booth,5,2,60,09/05/2028,10/17/2028,0
7150,Booth,5,2,60,09/05/2028,10/17/2028,0
34,Booth,5,1,180,09/06/2028,09/06/2028,0
2067,Booth,5,2,75,09/06/2028,10/18/2028,0
8170,Booth,5,2,60,09/06/2028,10/18/2028,0
4095,Booth,5,2,60,09/07/2028,10/19/2028,0
5848,Booth,6,2,60,09/07/2028,10/19/2028,0
6300,Room,6,2,60,09/07/2028,10/19/2028,0
7800,Booth,5,2,210,09/07/2028,10/19/2028,0
9669,Booth,5,3,60,09/07/2028,10/05/2028,0
2925,Booth,5,2,60,09/08/2028,10/20/2028,0
4987,Booth,5,1,60,09/08/2028,09/08/2028,0
9998,Booth,5,2,60,09/08/2028,10/20/2028,0
1841,Booth,5,2,60,09/09/2028,10/21/2028,0
3124,Room,5,2,60,09/09/2028,10/21/2028,0
4088,Booth,5,2,60,09/09/2028,10/21/2028,0
4553,Booth,5,2,60,09/09/2028,10/21/2028,0
6962,Booth,5,2,60,09/09/2028,10/21/2028,0
7059,Booth,5,2,60,09/09/2028,10/21/2028,0
8903,Booth,6,2,60,09/09/2028,10/21/2028,0
9288,Booth,5,2,60,09/09/2028,10/21/2028,0
2012,Booth,5,2,60,09/10/2028,10/22/2028,0
2274,Booth,6,2,60,09/10/2028,10/22/2028,0
3022,Booth,5,2,60,09/10/2028,10/22/2028,0
5711,Booth,5,2,210,09/10/2028,10/22/2028,0
7999,Room,5,2,60,09/10/2028,10/22/2028,0
8406,Booth,5,2,60,09/10/2028,10/22/2028,0
8995,Booth,5,2,60,09/10/2028,10/22/2028,0
9237,Booth,5,2,60,09/10/2028,10/22/2028,0
1982,Booth,5,2,60,09/11/2028,10/23/2028,0
5024,Booth,5,2,105,09/11/2028,10/23/2028,0
5614,Booth,5,2,210,09/11/2028,10/23/2028,0
6062,Booth,5,2,60,09/11/2028,10/23/2028,0
7304,Booth,5,2,60,09/11/2028,10/23/2028,0
8371,Booth,5,3,60,09/11/2028,10/09/2028,0
8492,Booth,5,2,60,09/11/2028,10/23/2028,0
1266,Booth,5,1,60,09/12/2028,09/12/2028,0
1416,Booth,5,1,60,09/12/2028,09/12/2028,0
6041,Booth,6,2,60,09/12/2028,10/24/2028,0
7787,Booth,5,2,60,09/12/2028,10/24/2028,0
7963,Booth,6,2,60,09/12/2028,10/24/2028,0
7987,Booth,6,2,60,09/12/2028,10/24/2028,0
9021,Room,5,2,60,09/12/2028,10/24/2028,0
9590,Room,5,2,60,09/12/2028,10/24/2028,0
3535,Booth,5,2,60,9/13/2028,10/25/2028,0
43,Booth,5,2,60,9/14/2028,10/26/2028,0
665,Booth,6,2,60,9/14/2028,10/26/2028,0
3636,Booth,5,2,105,9/14/2028,10/26/2028,1
5838,Booth,5,2,60,9/14/2028,10/26/2028,0
6819,Booth,5,2,60,9/14/2028,10/26/2028,0
7236,Booth,5,2,60,9/14/2028,10/26/2028,0
5804,Booth,7,2,60,9/15/2028,10/27/2028,0
8257,Booth,5,2,60,9/15/2028,10/27/2028,0
243,Booth,5,2,60,9/16/2028,10/28/2028,0
2890,Booth,5,1,60,9/16/2028,9/16/2028,0
3655,Booth,5,2,60,9/16/2028,10/28/2028,0
3976,Room,5,1,60,9/16/2028,9/16/2028,0
8018,Booth,5,2,30,9/16/2028,10/28/2028,0
8583,Booth,5,1,60,9/16/2028,9/16/2028,0
8786,Booth,5,2,60,9/16/2028,10/28/2028,0
9575,Booth,5,2,105,9/16/2028,10/28/2028,0
9704,Booth,5,2,60,9/16/2028,10/28/2028,0
9761,Booth,5,2,60,9/16/2028,10/28/2028,0
9891,Room,5,2,60,9/16/2028,10/28/2028,0
662,Booth,5,2,60,9/17/2028,10/29/2028,0
816,Booth,5,2,60,9/17/2028,10/29/2028,0
2087,Booth,5,2,60,9/17/2028,10/29/2028,0
2681,Booth,5,2,60,9/17/2028,10/29/2028,0
2910,Booth,5,2,60,9/17/2028,10/29/2028,0
4660,Booth,5,2,60,9/17/2028,10/29/2028,0
6034,Room,5,2,60,9/17/2028,10/29/2028,0
6216,Booth,5,2,60,9/17/2028,10/29/2028,0
7428,Booth,5,2,60,9/17/2028,10/29/2028,0
7429,Booth,5,2,105,9/17/2028,10/29/2028,0
9161,Booth,5,2,60,9/17/2028,10/29/2028,0
183,Booth,5,3,60,9/18/2028,10/16/2028,0
6692,Room,5,2,60,9/18/2028,10/30/2028,0
8287,Booth,5,2,60,9/18/2028,10/30/2028,0
9118,Booth,5,2,60,9/18/2028,10/30/2028,0
9551,Booth,5,2,60,9/18/2028,10/30/2028,0
9660,Booth,5,3,60,9/18/2028,10/16/2028,0
567,Booth,5,2,60,9/19/2028,10/31/2028,0
1164,Booth,5,2,60,9/19/2028,10/31/2028,0
1813,Room,5,2,60,9/19/2028,10/31/2028,0
5843,Room,5,2,60,9/19/2028,10/31/2028,0
6639,Booth,5,3,60,9/19/2028,10/17/2028,0
2059,Booth,5,2,60,9/20/2028,11/01/2028,0
2382,Booth,5,2,60,9/20/2028,11/01/2028,0
3254,Booth,5,2,60,9/20/2028,11/01/2028,0
3456,Booth,5,2,60,9/20/2028,11/01/2028,0
5129,Booth,5,2,60,9/20/2028,11/01/2028,0
5684,Room,5,2,60,9/20/2028,11/01/2028,0
690,Booth,5,2,60,9/21/2028,11/02/2028,0
2038,Booth,5,2,60,9/21/2028,11/02/2028,0
4676,Room,5,2,60,9/21/2028,11/02/2028,0
5707,Room,5,2,60,9/21/2028,11/02/2028,1
7375,Booth,5,2,60,9/21/2028,11/02/2028,1
9223,Booth,5,2,60,9/21/2028,11/02/2028,0
9682,Booth,5,3,60,9/21/2028,10/19/2028,0
2699,Booth,5,2,60,9/22/2028,11/03/2028,0
3405,Booth,5,2,60,9/22/2028,11/03/2028,0
6666,Booth,5,2,60,9/22/2028,11/03/2028,0
6700,Booth,5,2,60,9/22/2028,11/03/2028,0
8032,Booth,5,2,60,9/22/2028,11/03/2028,0
8555,Booth,5,2,60,9/22/2028,11/03/2028,0
9320,Booth,5,2,60,9/22/2028,11/03/2028,0
9645,Booth,5,1,60,9/22/2028,9/22/2028,0
9805,Booth,5,2,60,9/22/2028,11/03/2028,0
4123,Booth,5,2,105,9/23/2028,11/04/2028,0
4200,Booth,5,2,60,9/23/2028,11/04/2028,0
4333,Booth,6,2,105,9/23/2028,11/04/2028,0
7499,Booth,5,2,60,9/23/2028,11/04/2028,0
7521,Booth,5,2,105,9/23/2028,11/04/2028,0
717,Booth,5,2,60,9/24/2028,11/05/2028,0
1902,Booth,5,2,60,9/24/2028,11/05/2028,0
4158,Booth,5,2,60,9/24/2028,11/05/2028,0
8486,Booth,5,2,30,9/24/2028,11/05/2028,0
2287,Booth,5,2,60,9/25/2028,11/06/2028,0
5002,Booth,5,3,60,9/25/2028,10/23/2028,0
6958,Booth,5,2,60,9/25/2028,11/06/2028,0
3263,Booth,5,2,60,9/26/2028,11/07/2028,0
566,Booth,5,3,60,9/27/2028,10/25/2028,0
3249,Booth,5,2,60,9/27/2028,11/08/2028,0
3683,Booth,5,2,60,9/27/2028,11/08/2028,0
7250,Room,5,1,60,9/27/2028,9/27/2028,0
9449,Booth,5,2,60,9/27/2028,11/08/2028,0
9926,Booth,5,2,60,9/27/2028,11/08/2028,0
244,Booth,5,2,105,9/28/2028,11/09/2028,0
1283,Booth,5,2,60,9/28/2028,11/09/2028,0
3423,Booth,5,2,60,9/28/2028,11/09/2028,0
5021,Booth,5,2,60,9/28/2028,11/09/2028,0
7456,Booth,5,2,60,9/28/2028,11/09/2028,0
8150,Room,5,2,60,9/28/2028,11/09/2028,0
9710,Room,5,2,60,9/28/2028,11/09/2028,0
9841,Booth,5,2,60,9/28/2028,11/09/2028,0
696,Booth,5,2,60,9/29/2028,11/10/2028,0
1678,Booth,5,2,60,9/29/2028,11/10/2028,0
2291,Booth,5,2,60,9/29/2028,11/10/2028,0
2532,Booth,5,2,60,9/29/2028,11/10/2028,0
3428,Booth,5,2,60,9/29/2028,11/10/2028,0
6741,Booth,5,2,60,9/29/2028,11/10/2028,0
6866,Booth,5,2,60,9/29/2028,11/10/2028,0
9615,Booth,5,2,60,9/29/2028,11/10/2028,0
58,Booth,5,2,60,9/30/2028,11/11/2028,0
1263,Booth,5,2,60,9/30/2028,11/11/2028,0
4007,Booth,5,2,60,9/30/2028,11/11/2028,0
4144,Booth,5,2,60,9/30/2028,11/11/2028,0
5991,Booth,5,2,60,9/30/2028,11/11/2028,0
7592,Booth,5,2,90,9/30/2028,11/11/2028,0
9678,Booth,5,2,60,9/30/2028,11/11/2028,0
377,Booth,5,2,60,10/01/2028,11/12/2028,0
3308,Booth,5,2,60,10/01/2028,11/12/2028,0
6291,Booth,5,2,60,10/01/2028,11/12/2028,0
6449,Room,5,2,60,10/01/2028,11/12/2028,0
7096,Booth,5,2,60,10/01/2028,11/12/2028,0
140,Booth,5,2,60,10/02/2028,11/13/2028,0
1312,Booth,5,2,60,10/02/2028,11/13/2028,0
4921,Booth,5,1,60,10/02/2028,10/02/2028,0
5165,Booth,5,2,60,10/02/2028,11/13/2028,0
9502,Booth,5,2,60,10/02/2028,11/13/2028,0
129,Booth,5,2,60,10/03/2028,11/14/2028,0
385,Room,5,2,60,10/03/2028,11/14/2028,0
1008,Booth,5,2,60,10/03/2028,11/14/2028,0
1505,Booth,5,2,60,10/03/2028,11/14/2028,0
2346,Booth,5,2,60,10/03/2028,11/14/2028,0
3843,Booth,5,2,60,10/03/2028,11/14/2028,0
5863,Room,5,2,60,10/03/2028,11/14/2028,0
6706,Booth,5,2,60,10/03/2028,11/14/2028,0
6889,Booth,5,2,60,10/03/2028,11/14/2028,0
1107,Booth,5,1,60,10/04/2028,10/04/2028,0
1258,Booth,5,2,60,10/04/2028,11/15/2028,0
1323,Booth,5,2,60,10/04/2028,11/15/2028,0
1774,Room,5,2,60,10/04/2028,11/15/2028,0
6649,Booth,5,2,60,10/04/2028,11/15/2028,0
6654,Booth,5,2,60,10/04/2028,11/15/2028,0
9933,Booth,5,2,105,10/04/2028,11/15/2028,1
777,Booth,5,2,60,10/05/2028,11/16/2028,0
2389,Room,5,2,60,10/05/2028,11/16/2028,0
2862,Booth,5,2,60,10/05/2028,11/16/2028,0
8324,Booth,5,2,60,10/05/2028,11/16/2028,0
9064,Booth,5,2,60,10/05/2028,11/16/2028,0
6,Booth,6,2,60,10/06/2028,11/17/2028,0
1269,Booth,5,1,60,10/06/2028,10/06/2028,0
3236,Room,5,2,60,10/06/2028,11/17/2028,0
4563,Booth,5,2,60,10/06/2028,11/17/2028,0
5323,Booth,6,2,60,10/06/2028,11/17/2028,0
7195,Booth,5,2,60,10/06/2028,11/17/2028,0
293,Booth,5,2,60,10/07/2028,11/18/2028,0
571,Room,5,2,60,10/07/2028,11/18/2028,0
1406,Booth,5,2,75,10/07/2028,11/18/2028,0
3122,Booth,5,2,60,10/07/2028,11/18/2028,0
3465,Booth,5,2,60,10/07/2028,11/18/2028,0
383,Booth,6,2,210,10/08/2028,11/19/2028,0
736,Room,5,1,60,10/08/2028,10/08/2028,0
1482,Booth,5,2,60,10/08/2028,11/19/2028,0
2660,Room,5,2,60,10/08/2028,11/19/2028,0
3371,Booth,5,2,60,10/08/2028,11/19/2028,0
3705,Booth,5,2,75,10/08/2028,11/19/2028,0
6808,Booth,5,2,60,10/08/2028,11/19/2028,0
7706,Booth,5,2,60,10/08/2028,11/19/2028,0
9150,Booth,5,2,60,10/08/2028,11/19/2028,0
210,Booth,5,2,60,10/09/2028,11/20/2028,0
2115,Room,5,2,60,10/09/2028,11/20/2028,0
3490,Booth,5,2,90,10/09/2028,11/20/2028,0
3964,Booth,5,2,60,10/09/2028,11/20/2028,0
5409,Room,5,2,60,10/09/2028,11/20/2028,0
5661,Booth,5,2,60,10/09/2028,11/20/2028,0
7977,Booth,5,3,60,10/09/2028,11/06/2028,0
8598,Booth,5,2,60,10/09/2028,11/20/2028,0
113,Room,5,2,60,10/10/2028,11/21/2028,0
1061,Booth,5,2,60,10/10/2028,11/21/2028,0
2055,Booth,5,2,60,10/10/2028,11/21/2028,0
2999,Booth,5,2,60,10/10/2028,11/21/2028,0
4446,Booth,5,2,60,10/10/2028,11/21/2028,0
5003,Booth,5,2,60,10/10/2028,11/21/2028,0
7176,Booth,5,2,60,10/10/2028,11/21/2028,0
7247,Booth,5,2,105,10/10/2028,11/21/2028,0
7926,Room,5,2,60,10/10/2028,11/21/2028,0
8220,Booth,5,2,60,10/10/2028,11/21/2028,0
8418,Booth,5,2,60,10/10/2028,11/21/2028,0
126,Booth,5,2,60,10/11/2028,11/22/2028,0
1230,Booth,5,2,60,10/11/2028,11/22/2028,0
2566,Booth,5,2,60,10/11/2028,11/22/2028,0
2941,Booth,5,2,60,10/11/2028,11/22/2028,0
3101,Booth,5,2,60,10/11/2028,11/22/2028,0
4597,Booth,5,2,60,10/11/2028,11/22/2028,0
5223,Booth,6,1,60,10/11/2028,10/11/2028,0
5280,Room,5,2,60,10/11/2028,11/22/2028,0
5584,Booth,5,2,60,10/11/2028,11/22/2028,0
7314,Booth,5,2,60,10/11/2028,11/22/2028,0
8091,Room,5,2,60,10/11/2028,11/22/2028,0
666,Booth,5,2,60,10/12/2028,11/23/2028,0
1364,Booth,5,2,90,10/12/2028,11/23/2028,0
1588,Booth,5,2,15,10/12/2028,11/23/2028,0
1630,Booth,5,1,60,10/12/2028,10/12/2028,0
3289,Booth,5,1,60,10/12/2028,10/12/2028,0
5402,Room,5,2,60,10/12/2028,11/23/2028,0
5924,Booth,5,2,60,10/12/2028,11/23/2028,0
8092,Booth,5,2,105,10/12/2028,11/23/2028,0
9929,Room,5,2,60,10/12/2028,11/23/2028,0
669,Booth,5,2,105,10/13/2028,11/24/2028,0
1842,Booth,5,2,60,10/13/2028,11/24/2028,0
6351,Room,5,2,60,10/13/2028,11/24/2028,0
6452,Booth,5,2,60,10/13/2028,11/24/2028,0
8647,Booth,5,2,60,10/13/2028,11/24/2028,0
161,Booth,5,2,60,10/14/2028,11/25/2028,0
1224,Booth,5,2,60,10/14/2028,11/25/2028,0
1988,Booth,5,3,60,10/14/2028,11/11/2028,0
7004,Room,5,2,30,10/14/2028,11/25/2028,0
7378,Booth,5,2,60,10/14/2028,11/25/2028,0
7785,Booth,5,2,60,10/14/2028,11/25/2028,0
2108,Room,5,2,30,10/15/2028,11/26/2028,0
2494,Booth,5,2,60,10/15/2028,11/26/2028,0
6008,Booth,5,2,60,10/15/2028,11/26/2028,0
6447,Booth,6,2,60,10/15/2028,11/26/2028,0
51,Booth,6,2,60,10/16/2028,11/27/2028,0
1154,Room,6,2,60,10/16/2028,11/27/2028,0
1365,Booth,5,2,60,10/16/2028,11/27/2028,0
3209,Booth,5,2,15,10/16/2028,11/27/2028,0
3596,Booth,5,2,60,10/16/2028,11/27/2028,0
4143,Booth,5,2,60,10/16/2028,11/27/2028,0
6721,Booth,5,2,60,10/16/2028,11/27/2028,0
7198,Booth,5,2,75,10/16/2028,11/27/2028,0
7682,Booth,6,2,60,10/16/2028,11/27/2028,0
8947,Booth,5,2,60,10/16/2028,11/27/2028,0
9231,Booth,5,2,60,10/16/2028,11/27/2028,0
119,Booth,5,2,60,10/17/2028,11/28/2028,0
2266,Booth,5,2,60,10/17/2028,11/28/2028,0
3993,Booth,5,3,60,10/17/2028,11/14/2028,0
6696,Room,5,2,60,10/17/2028,11/28/2028,0
9536,Booth,5,2,60,10/17/2028,11/28/2028,0
410,Booth,5,2,60,10/18/2028,11/29/2028,0
3226,Booth,5,2,60,10/18/2028,11/29/2028,0
4794,Booth,5,2,60,10/18/2028,11/29/2028,0
6378,Booth,6,2,60,10/18/2028,11/29/2028,0
559,Booth,5,2,105,10/19/2028,11/30/2028,0
791,Booth,5,2,75,10/19/2028,11/30/2028,0
3337,Booth,5,2,60,10/19/2028,11/30/2028,0
6094,Room,6,2,60,10/19/2028,11/30/2028,0
8061,Booth,6,2,60,10/19/2028,11/30/2028,0
3372,Booth,5,2,60,10/20/2028,12/01/2028,0
3639,Booth,5,2,60,10/20/2028,12/01/2028,0
3762,Booth,5,2,60,10/20/2028,12/01/2028,0
4000,Booth,5,2,60,10/20/2028,12/01/2028,0
6774,Booth,5,2,60,10/20/2028,12/01/2028,0
7350,Booth,6,2,60,10/20/2028,12/01/2028,0
9245,Booth,5,2,60,10/20/2028,12/01/2028,0
1809,Booth,5,2,60,10/21/2028,12/02/2028,0
3061,Booth,5,2,105,10/21/2028,12/02/2028,0
7344,Booth,5,2,60,10/21/2028,12/02/2028,0
8490,Booth,5,2,30,10/21/2028,12/02/2028,0
8727,Booth,5,2,60,10/21/2028,12/02/2028,0
674,Booth,6,2,60,10/22/2028,12/03/2028,0
920,Room,5,2,60,10/22/2028,12/03/2028,0
5849,Booth,5,2,15,10/22/2028,12/03/2028,0
1105,Booth,5,2,60,10/23/2028,12/04/2028,0
1500,Booth,5,2,60,10/23/2028,12/04/2028,0
2236,Room,5,2,60,10/23/2028,12/04/2028,0
3754,Booth,5,2,60,10/24/2028,12/05/2028,0
7157,Booth,5,2,60,10/24/2028,12/05/2028,0
7372,Room,5,2,30,10/24/2028,12/05/2028,0
8124,Booth,5,2,60,10/24/2028,12/05/2028,0
2040,Booth,5,2,60,10/25/2028,12/06/2028,0
3784,Booth,5,2,60,10/25/2028,12/06/2028,0
4125,Room,5,2,60,10/25/2028,12/06/2028,0
6496,Booth,5,2,60,10/25/2028,12/06/2028,0
7146,Booth,5,2,60,10/25/2028,12/06/2028,0
9332,Booth,5,2,60,10/25/2028,12/06/2028,0
9702,Booth,5,2,60,10/25/2028,12/06/2028,0
836,Booth,5,2,105,10/26/2028,12/07/2028,0
2255,Booth,5,2,60,10/26/2028,12/07/2028,0
4479,Booth,5,2,60,10/26/2028,12/07/2028,0
8300,Booth,5,2,60,10/26/2028,12/07/2028,0
237,Booth,5,2,75,10/27/2028,12/08/2028,0
291,Booth,5,2,60,10/27/2028,12/08/2028,0
3340,Booth,5,2,60,10/27/2028,12/08/2028,0
3517,Booth,5,1,60,10/27/2028,10/27/2028,0
7189,Booth,5,2,60,10/27/2028,12/08/2028,0
8322,Room,5,2,60,10/27/2028,12/08/2028,0
9668,Booth,5,2,60,10/27/2028,12/08/2028,0
2068,Booth,5,2,210,10/28/2028,12/09/2028,0
2758,Booth,5,2,60,10/28/2028,12/09/2028,0
3071,Booth,5,2,60,10/28/2028,12/09/2028,0
3884,Booth,5,2,60,10/28/2028,12/09/2028,0
4758,Booth,5,3,15,10/28/2028,11/25/2028,0
5069,Booth,5,2,210,10/28/2028,12/09/2028,0
5086,Booth,5,2,180,10/28/2028,12/09/2028,0
7126,Booth,5,2,60,10/28/2028,12/09/2028,0
7258,Booth,5,2,60,10/28/2028,12/09/2028,0
7723,Booth,5,1,60,10/28/2028,10/28/2028,0
9535,Booth,5,2,60,10/28/2028,12/09/2028,0
1596,Booth,5,2,60,10/29/2028,12/10/2028,0
3614,Booth,5,2,60,10/29/2028,12/10/2028,0
3720,Booth,5,2,60,10/29/2028,12/10/2028,0
4778,Booth,5,3,60,10/29/2028,11/26/2028,0
5561,Booth,5,2,60,10/29/2028,12/10/2028,0
733,Booth,5,2,60,10/30/2028,12/11/2028,0
3876,Booth,5,3,60,10/30/2028,11/27/2028,0
6193,Booth,5,2,60,10/30/2028,12/11/2028,0
7327,Booth,5,2,60,10/30/2028,12/11/2028,0
7887,Booth,5,2,60,10/30/2028,12/11/2028,0
7978,Booth,5,2,105,10/30/2028,12/11/2028,0
8270,Booth,5,2,60,10/30/2028,12/11/2028,0
9893,Booth,5,2,60,10/30/2028,12/11/2028,0
1033,Booth,5,2,60,10/31/2028,12/12/2028,0
4611,Booth,5,1,60,10/31/2028,10/31/2028,0
324,Booth,5,2,60,11/01/2028,12/13/2028,0
3836,Booth,5,2,60,11/01/2028,12/13/2028,0
6920,Booth,5,3,60,11/01/2028,11/29/2028,0
8332,Booth,5,2,60,11/01/2028,12/13/2028,0
9268,Booth,5,1,60,11/01/2028,11/01/2028,0
289,Booth,5,2,60,11/02/2028,12/14/2028,0
2336,Booth,5,2,60,11/02/2028,12/14/2028,0
7036,Booth,5,2,60,11/02/2028,12/14/2028,0
7479,Room,5,2,60,11/02/2028,12/14/2028,0
8871,Booth,5,2,60,11/02/2028,12/14/2028,0
860,Booth,5,2,60,11/03/2028,12/15/2028,0
9222,Booth,5,2,60,11/03/2028,12/15/2028,0
2024,Booth,5,2,60,11/04/2028,12/16/2028,0
3110,Booth,5,2,210,11/04/2028,12/16/2028,0
5023,Booth,5,2,60,11/04/2028,12/16/2028,0
7234,Booth,5,3,60,11/04/2028,12/02/2028,0
7947,Booth,5,2,60,11/04/2028,12/16/2028,0
8031,Booth,5,2,60,11/04/2028,12/16/2028,0
8080,Booth,5,1,60,11/04/2028,11/04/2028,0
8448,Booth,5,2,60,11/04/2028,12/16/2028,0
8872,Booth,5,2,210,11/04/2028,12/16/2028,0
1560,Booth,5,2,60,11/05/2028,12/17/2028,0
3719,Booth,5,2,60,11/05/2028,12/17/2028,0
4436,Booth,5,2,105,11/05/2028,12/17/2028,0
8484,Booth,5,2,60,11/05/2028,12/17/2028,0
1931,Booth,5,2,60,11/06/2028,12/18/2028,0
4257,Booth,6,2,60,11/06/2028,12/18/2028,0
4606,Room,5,2,60,11/06/2028,12/18/2028,0
1448,Booth,5,2,60,11/07/2028,12/19/2028,0
6107,Booth,5,2,60,11/07/2028,12/19/2028,0
7582,Booth,6,2,105,11/07/2028,12/19/2028,0
7923,Booth,5,2,60,11/07/2028,12/19/2028,0
8200,Booth,5,2,60,11/07/2028,12/19/2028,0
8694,Room,5,2,60,11/07/2028,12/19/2028,0
9674,Booth,5,2,60,11/07/2028,12/19/2028,0
1814,Booth,5,2,60,11/08/2028,12/20/2028,0
4036,Booth,6,2,60,11/08/2028,12/20/2028,0
8810,Booth,5,2,60,11/08/2028,12/20/2028,0
9141,Booth,5,2,60,11/08/2028,12/20/2028,0
7607,Booth,5,2,60,11/09/2028,12/21/2028,0
9730,Booth,5,3,75,11/09/2028,12/07/2028,1
7615,Booth,5,2,105,11/10/2028,12/22/2028,0
8801,Booth,5,2,60,11/10/2028,12/22/2028,0
22,Booth,5,2,105,11/11/2028,12/23/2028,1
4348,Booth,5,2,60,11/11/2028,12/23/2028,0
6071,Booth,5,2,60,11/11/2028,12/23/2028,0
6717,Booth,5,1,60,11/11/2028,11/11/2028,0
7230,Booth,5,2,60,11/11/2028,12/23/2028,0
1370,Booth,5,2,60,11/12/2028,12/24/2028,0
1456,Room,5,2,60,11/12/2028,12/24/2028,0
2961,Booth,5,1,60,11/12/2028,11/12/2028,0
3216,Booth,5,2,60,11/12/2028,12/24/2028,0
3245,Booth,5,2,60,11/12/2028,12/24/2028,0
3767,Booth,5,2,60,11/12/2028,12/24/2028,0
8025,Booth,5,2,60,11/12/2028,12/24/2028,0
3586,Booth,5,2,15,11/13/2028,12/25/2028,0
4884,Booth,5,1,60,11/13/2028,11/13/2028,0
5444,Booth,5,2,60,11/13/2028,12/25/2028,0
5791,Booth,5,2,60,11/13/2028,12/25/2028,0
6450,Booth,5,2,60,11/13/2028,12/25/2028,0
6842,Booth,5,2,60,11/13/2028,12/25/2028,1
9752,Booth,5,2,60,11/13/2028,12/25/2028,0
5534,Room,5,2,60,11/14/2028,12/26/2028,0
6329,Booth,5,2,60,11/14/2028,12/26/2028,0
9020,Booth,5,3,60,11/14/2028,12/12/2028,0
787,Room,5,2,60,11/15/2028,12/27/2028,0
2785,Booth,5,2,60,11/15/2028,12/27/2028,0
3451,Booth,5,2,60,11/15/2028,12/27/2028,0
4417,Booth,5,2,60,11/15/2028,12/27/2028,0
6339,Booth,5,2,60,11/15/2028,12/27/2028,0
6600,Booth,5,2,60,11/15/2028,12/27/2028,0
7604,Booth,5,2,180,11/15/2028,12/27/2028,0
9122,Booth,5,2,60,11/15/2028,12/27/2028,0
494,Booth,5,2,60,11/16/2028,12/28/2028,0
901,Booth,5,2,60,11/16/2028,12/28/2028,0
1540,Booth,5,2,60,11/16/2028,12/28/2028,0
2489,Booth,5,2,60,11/16/2028,12/28/2028,0
7508,Booth,5,2,60,11/16/2028,12/28/2028,1
8920,Booth,5,2,60,11/16/2028,12/28/2028,0
9378,Room,5,2,60,11/16/2028,12/28/2028,0
1352,Booth,5,2,60,11/17/2028,12/29/2028,0
6123,Booth,5,2,180,11/17/2028,12/29/2028,0
6426,Booth,5,2,60,11/17/2028,12/29/2028,1
9247,Booth,5,2,60,11/17/2028,12/29/2028,0
631,Booth,5,1,60,11/18/2028,11/18/2028,0
5211,Booth,5,2,60,11/18/2028,12/30/2028,0
6599,Booth,5,2,60,11/18/2028,12/30/2028,0
9098,Room,5,2,60,11/18/2028,12/30/2028,0
6610,Booth,5,2,60,11/19/2028,12/31/2028,0
1128,Booth,5,2,60,11/20/2028,01/01/2029,0
2423,Room,5,2,60,11/20/2028,01/01/2029,0
5401,Booth,5,2,60,11/20/2028,01/01/2029,0
7751,Booth,5,2,60,11/20/2028,01/01/2029,0
8791,Booth,5,2,60,11/20/2028,01/01/2029,0
9904,Booth,5,2,60,11/20/2028,01/01/2029,0
2237,Booth,5,2,60,11/21/2028,01/02/2029,0
2491,Booth,5,2,60,11/21/2028,01/02/2029,0
4206,Booth,5,2,60,11/21/2028,01/02/2029,0
5603,Booth,5,2,60,11/21/2028,01/02/2029,0
6424,Booth,5,2,60,11/21/2028,01/02/2029,0
7718,Booth,5,2,60,11/21/2028,01/02/2029,0
8602,Booth,5,2,60,11/21/2028,01/02/2029,0
9875,Booth,5,2,60,11/21/2028,01/02/2029,0
337,Booth,5,2,60,11/22/2028,01/03/2029,0
3889,Booth,5,2,60,11/22/2028,01/03/2029,0
4068,Booth,6,2,60,11/22/2028,01/03/2029,0
4218,Booth,5,2,60,11/22/2028,01/03/2029,0
5391,Booth,5,2,60,11/22/2028,01/03/2029,0
7297,Booth,5,2,60,11/22/2028,01/03/2029,0
7397,Booth,6,2,60,11/22/2028,01/03/2029,0
7424,Booth,5,2,60,11/22/2028,01/03/2029,0
7544,Booth,5,2,60,11/22/2028,01/03/2029,0
9232,Booth,5,2,60,11/22/2028,01/03/2029,0
4813,Booth,5,2,60,11/23/2028,01/04/2029,0
7041,Booth,5,2,60,11/23/2028,01/04/2029,0
9135,Booth,5,2,60,11/23/2028,01/04/2029,0
9145,Booth,5,2,60,11/23/2028,01/04/2029,0
262,Booth,5,2,60,11/24/2028,01/05/2029,0
1970,Booth,5,2,60,11/24/2028,01/05/2029,0
3314,Booth,5,2,60,11/24/2028,01/05/2029,0
3408,Booth,6,2,60,11/24/2028,01/05/2029,0
4757,Booth,5,2,60,11/24/2028,01/05/2029,0
5547,Booth,5,2,60,11/24/2028,01/05/2029,1
6752,Booth,5,2,60,11/24/2028,01/05/2029,0
85,Booth,5,2,60,11/25/2028,01/06/2029,0
598,Booth,5,2,60,11/25/2028,01/06/2029,0
1413,Booth,5,2,60,11/25/2028,01/06/2029,0
2009,Booth,5,2,60,11/25/2028,01/06/2029,0
2959,Booth,5,2,60,11/25/2028,01/06/2029,0
3996,Booth,5,2,60,11/25/2028,01/06/2029,0
6683,Booth,5,2,60,11/25/2028,01/06/2029,0
763,Booth,5,2,60,11/26/2028,01/07/2029,0
2208,Booth,5,2,60,11/26/2028,01/07/2029,0
9051,Booth,5,2,60,11/26/2028,01/07/2029,0
2165,Booth,5,2,60,11/27/2028,01/08/2029,0
2213,Booth,5,2,60,11/27/2028,01/08/2029,1
4091,Booth,5,1,60,11/27/2028,11/27/2028,0
5220,Booth,5,2,60,11/27/2028,01/08/2029,0
4768,Booth,5,2,60,11/28/2028,01/09/2029,0
4920,Booth,5,2,60,11/28/2028,01/09/2029,1
5468,Booth,5,2,60,11/28/2028,01/09/2029,0
6873,Booth,5,2,60,11/28/2028,01/09/2029,0
7166,Booth,5,2,60,11/28/2028,01/09/2029,0
367,Booth,5,2,60,11/29/2028,01/10/2029,0
6392,Booth,5,2,60,11/29/2028,01/10/2029,0
7992,Booth,5,2,30,11/29/2028,01/10/2029,0
9087,Booth,5,2,60,11/29/2028,01/10/2029,0
9352,Booth,5,2,60,11/29/2028,01/10/2029,0
2329,Booth,5,2,60,11/30/2028,01/11/2029,1
4537,Booth,5,2,60,11/30/2028,01/11/2029,0
4646,Room,5,2,60,11/30/2028,01/11/2029,0
5443,Booth,5,2,60,11/30/2028,01/11/2029,0
9820,Room,5,2,60,11/30/2028,01/11/2029,0
1704,Booth,5,2,60,12/01/2028,01/12/2029,0
3239,Booth,5,2,60,12/01/2028,01/12/2029,0
4972,Booth,6,2,60,12/01/2028,01/12/2029,0
5955,Booth,5,2,90,12/01/2028,01/12/2029,0
9700,Booth,5,2,60,12/01/2028,01/12/2029,0
9957,Booth,5,2,60,12/01/2028,01/12/2029,0
328,Booth,6,2,60,12/02/2028,1/13/2029,0
2604,Booth,5,2,105,12/02/2028,1/13/2029,0
7534,Booth,5,2,60,12/02/2028,1/13/2029,0
9181,Booth,5,2,60,12/02/2028,1/13/2029,0
9991,Room,5,1,60,12/02/2028,12/02/2028,0
50,Booth,5,2,60,12/03/2028,1/14/2029,0
297,Room,5,2,60,12/03/2028,1/14/2029,0
321,Booth,5,2,105,12/03/2028,1/14/2029,0
4080,Booth,5,2,60,12/03/2028,1/14/2029,0
7679,Booth,5,2,60,12/03/2028,1/14/2029,0
8267,Booth,5,2,60,12/03/2028,1/14/2029,0
996,Booth,5,2,60,12/04/2028,1/15/2029,0
1594,Booth,5,2,60,12/04/2028,1/15/2029,0
2872,Booth,5,2,60,12/04/2028,1/15/2029,0
3900,Booth,5,2,60,12/04/2028,1/15/2029,0
4017,Booth,5,2,60,12/04/2028,1/15/2029,0
4693,Booth,5,2,30,12/04/2028,1/15/2029,0
5039,Booth,5,2,60,12/04/2028,1/15/2029,0
6268,Booth,5,2,60,12/04/2028,1/15/2029,0
6419,Booth,5,2,60,12/04/2028,1/15/2029,0
8639,Booth,5,2,60,12/04/2028,1/15/2029,0
9928,Booth,5,2,60,12/04/2028,1/15/2029,0
2827,Booth,5,2,60,12/05/2028,1/16/2029,0
3284,Booth,5,2,60,12/05/2028,1/16/2029,0
4785,Booth,5,2,60,12/05/2028,1/16/2029,0
5479,Booth,6,2,60,12/05/2028,1/16/2029,0
1864,Room,5,2,60,12/06/2028,1/17/2029,0
3731,Booth,6,2,60,12/06/2028,1/17/2029,0
4343,Booth,5,2,60,12/06/2028,1/17/2029,0
7427,Booth,6,2,60,12/06/2028,1/17/2029,0
8372,Booth,5,2,60,12/06/2028,1/17/2029,0
9151,Booth,5,2,60,12/06/2028,1/17/2029,0
1079,Booth,5,2,60,12/07/2028,1/18/2029,1
1411,Booth,5,2,60,12/07/2028,1/18/2029,0
4839,Booth,5,2,60,12/07/2028,1/18/2029,0
4861,Room,5,2,60,12/07/2028,1/18/2029,0
4902,Booth,5,2,60,12/07/2028,1/18/2029,0
5064,Booth,5,2,60,12/07/2028,1/18/2029,0
1095,Booth,5,2,210,12/08/2028,1/19/2029,0
3234,Booth,5,2,60,12/08/2028,1/19/2029,0
3381,Booth,5,2,60,12/08/2028,1/19/2029,0
8604,Booth,5,2,60,12/08/2028,1/19/2029,0
9774,Booth,5,2,60,12/08/2028,1/19/2029,0
1612,Booth,5,2,60,12/09/2028,1/20/2029,0
2364,Booth,5,3,60,12/09/2028,01/06/2029,0
4430,Booth,5,2,60,12/09/2028,1/20/2029,0
7419,Room,6,2,60,12/09/2028,1/20/2029,0
8426,Booth,5,2,60,12/09/2028,1/20/2029,0
9018,Booth,5,2,60,12/09/2028,1/20/2029,0
9452,Booth,5,2,60,12/09/2028,1/20/2029,1
2931,Booth,5,2,60,12/10/2028,1/21/2029,0
4763,Booth,5,2,60,12/10/2028,1/21/2029,0
4792,Booth,5,2,60,12/10/2028,1/21/2029,0
5320,Booth,5,2,60,12/10/2028,1/21/2029,0
6233,Room,5,2,60,12/10/2028,1/21/2029,0
6812,Booth,5,2,60,12/10/2028,1/21/2029,0
6925,Room,6,2,60,12/10/2028,1/21/2029,0
8831,Booth,5,2,60,12/10/2028,1/21/2029,0
9947,Booth,5,2,60,12/10/2028,1/21/2029,0
98,Booth,5,2,15,12/11/2028,1/22/2029,0
1080,Booth,5,2,60,12/11/2028,1/22/2029,0
1129,Booth,5,2,60,12/11/2028,1/22/2029,0
7471,Booth,5,1,60,12/11/2028,12/11/2028,0
8177,Room,5,2,60,12/11/2028,1/22/2029,0
692,Booth,5,2,105,12/12/2028,1/23/2029,1
2540,Booth,5,2,60,12/12/2028,1/23/2029,0
2863,Booth,5,2,60,12/12/2028,1/23/2029,0
3050,Booth,5,2,60,12/12/2028,1/23/2029,0
3690,Booth,5,2,60,12/12/2028,1/23/2029,0
4701,Booth,6,2,60,12/12/2028,1/23/2029,0
7193,Booth,5,2,60,12/12/2028,1/23/2029,1
7695,Booth,5,2,60,12/12/2028,1/23/2029,0
8152,Room,5,2,60,12/12/2028,1/23/2029,0
9859,Booth,5,2,60,12/12/2028,1/23/2029,0
187,Booth,5,2,60,12/13/2028,1/24/2029,0
970,Booth,5,2,60,12/13/2028,1/24/2029,0
1142,Booth,5,2,60,12/13/2028,1/24/2029,0
1624,Booth,5,2,15,12/13/2028,1/24/2029,0
2425,Booth,5,2,60,12/13/2028,1/24/2029,0
6520,Booth,5,2,180,12/13/2028,1/24/2029,0
7125,Booth,5,2,60,12/13/2028,1/24/2029,0
7370,Room,5,2,75,12/13/2028,1/24/2029,0
7883,Booth,5,2,90,12/13/2028,1/24/2029,0
8303,Booth,5,2,60,12/13/2028,1/24/2029,0
9068,Booth,5,2,60,12/13/2028,1/24/2029,0
3069,Booth,5,2,60,12/14/2028,1/25/2029,0
3532,Booth,5,2,60,12/14/2028,1/25/2029,0
4201,Booth,5,2,60,12/14/2028,1/25/2029,0
6079,Booth,5,2,60,12/14/2028,1/25/2029,0
6317,Room,5,2,60,12/14/2028,1/25/2029,0
6661,Booth,5,2,60,12/14/2028,1/25/2029,0
4324,Room,5,2,60,12/15/2028,1/26/2029,0
4836,Booth,5,2,60,12/15/2028,1/26/2029,0
5826,Booth,5,2,105,12/15/2028,1/26/2029,0
8599,Booth,5,3,60,12/15/2028,01/12/2029,0
9684,Room,5,2,60,12/15/2028,1/26/2029,0
191,Booth,5,2,60,12/16/2028,1/27/2029,0
808,Booth,6,2,60,12/16/2028,1/27/2029,0
987,Booth,5,3,60,12/16/2028,1/13/2029,0
1481,Booth,5,2,60,12/16/2028,1/27/2029,0
1716,Booth,5,3,60,12/16/2028,1/13/2029,0
2301,Booth,5,2,60,12/16/2028,1/27/2029,0
2723,Booth,5,2,60,12/16/2028,1/27/2029,0
375,Room,5,2,60,12/17/2028,1/28/2029,0
2334,Booth,5,2,60,12/17/2028,1/28/2029,0
2873,Booth,5,2,60,12/17/2028,1/28/2029,0
863,Booth,6,2,210,12/18/2028,1/29/2029,0
3413,Booth,5,2,90,12/18/2028,1/29/2029,0
3940,Booth,5,2,60,12/18/2028,1/29/2029,0
5270,Booth,5,2,60,12/18/2028,1/29/2029,0
8259,Booth,5,2,60,12/18/2028,1/29/2029,0
3137,Booth,5,2,60,12/19/2028,1/30/2029,0
3487,Booth,5,2,60,12/19/2028,1/30/2029,0
4826,Booth,5,2,60,12/19/2028,1/30/2029,0
9297,Booth,5,2,60,12/19/2028,1/30/2029,0
2272,Booth,5,2,60,12/20/2028,1/31/2029,0
3536,Booth,5,2,60,12/20/2028,1/31/2029,0
4008,Booth,5,2,60,12/20/2028,1/31/2029,0
5107,Booth,5,2,60,12/20/2028,1/31/2029,0
6436,Booth,5,2,60,12/20/2028,1/31/2029,0
7012,Booth,5,2,60,12/20/2028,1/31/2029,0
7713,Booth,6,2,60,12/20/2028,1/31/2029,0
9166,Booth,5,2,60,12/20/2028,1/31/2029,0
3292,Booth,6,2,60,12/21/2028,02/01/2029,0
4441,Booth,5,2,60,12/21/2028,02/01/2029,0
5205,Booth,5,2,60,12/21/2028,02/01/2029,0
5794,Booth,5,2,60,12/21/2028,02/01/2029,0
5819,Booth,5,2,60,12/21/2028,02/01/2029,0
8761,Room,5,2,60,12/21/2028,02/01/2029,0
1310,Booth,5,2,60,12/22/2028,02/02/2029,0
2143,Booth,6,2,60,12/22/2028,02/02/2029,0
3390,Booth,5,2,60,12/22/2028,02/02/2029,0
6579,Booth,5,2,60,12/22/2028,02/02/2029,0
7881,Booth,5,2,60,12/22/2028,02/02/2029,0
8396,Booth,6,2,60,12/22/2028,02/02/2029,0
9259,Room,5,2,60,12/22/2028,02/02/2029,0
340,Room,5,2,60,12/23/2028,02/03/2029,0
353,Booth,5,2,60,12/23/2028,02/03/2029,0
1094,Booth,5,2,60,12/23/2028,02/03/2029,0
1408,Booth,5,2,60,12/23/2028,02/03/2029,0
3090,Booth,5,2,60,12/23/2028,02/03/2029,0
4338,Room,5,1,60,12/23/2028,12/23/2028,0
5733,Room,5,2,60,12/23/2028,02/03/2029,0
5760,Room,5,2,75,12/23/2028,02/03/2029,0
7590,Booth,5,2,60,12/23/2028,02/03/2029,0
7870,Room,5,2,60,12/23/2028,02/03/2029,0
9362,Booth,5,2,105,12/23/2028,02/03/2029,0
9644,Booth,5,2,60,12/23/2028,02/03/2029,0
198,Booth,5,2,60,12/24/2028,02/04/2029,0
3623,Booth,5,2,60,12/24/2028,02/04/2029,0
5538,Booth,5,2,105,12/24/2028,02/04/2029,0
5681,Booth,5,2,60,12/24/2028,02/04/2029,0
5859,Booth,5,2,60,12/24/2028,02/04/2029,0
6211,Room,5,2,15,12/24/2028,02/04/2029,1
7537,Booth,5,2,60,12/24/2028,02/04/2029,0
9919,Room,5,2,60,12/24/2028,02/04/2029,0
268,Booth,5,2,60,12/25/2028,02/05/2029,0
1651,Room,5,2,60,12/25/2028,02/05/2029,0
4084,Booth,5,2,75,12/25/2028,02/05/2029,0
849,Booth,5,2,60,12/26/2028,02/06/2029,0
1037,Booth,5,2,60,12/26/2028,02/06/2029,1
3205,Booth,5,2,60,12/26/2028,02/06/2029,0
3483,Booth,5,2,60,12/26/2028,02/06/2029,0
4930,Booth,5,2,60,12/26/2028,02/06/2029,0
5057,Booth,5,2,60,12/26/2028,02/06/2029,0
5308,Booth,5,2,60,12/26/2028,02/06/2029,0
6019,Booth,5,2,60,12/26/2028,02/06/2029,0
6973,Booth,5,2,60,12/26/2028,02/06/2029,0
7138,Booth,5,2,60,12/26/2028,02/06/2029,0
1831,Booth,5,2,90,12/27/2028,02/07/2029,0
3695,Booth,5,2,60,12/27/2028,02/07/2029,0
7639,Booth,5,2,60,12/27/2028,02/07/2029,0
8449,Booth,5,2,60,12/27/2028,02/07/2029,0
8751,Booth,5,2,60,12/27/2028,02/07/2029,0
400,Booth,6,2,60,12/28/2028,02/08/2029,0
1414,Booth,5,2,60,12/28/2028,02/08/2029,0
5238,Room,5,2,60,12/28/2028,02/08/2029,0
5969,Booth,5,2,60,12/28/2028,02/08/2029,0
8000,Booth,5,2,60,12/28/2028,02/08/2029,0
8118,Booth,5,2,60,12/28/2028,02/08/2029,0
9740,Booth,5,2,60,12/28/2028,02/08/2029,0
9800,Booth,5,2,60,12/28/2028,02/08/2029,0
442,Booth,5,2,75,12/29/2028,02/09/2029,0
3674,Booth,5,2,30,12/29/2028,02/09/2029,0
4178,Room,5,1,60,12/29/2028,12/29/2028,0
4311,Booth,5,1,60,12/29/2028,12/29/2028,0
5612,Room,5,2,60,12/29/2028,02/09/2029,0
5878,Room,5,2,105,12/29/2028,02/09/2029,0
6190,Booth,5,3,60,12/29/2028,1/26/2029,0
6621,Booth,5,2,60,12/29/2028,02/09/2029,0
938,Booth,5,2,60,12/30/2028,02/10/2029,0
5950,Booth,6,2,75,12/30/2028,02/10/2029,0
7614,Booth,5,2,60,12/30/2028,02/10/2029,0
8940,Booth,5,2,60,12/30/2028,02/10/2029,0
654,Booth,5,2,180,12/31/2028,02/11/2029,0
3041,Booth,5,2,60,12/31/2028,02/11/2029,0
5802,Booth,5,2,60,12/31/2028,02/11/2029,0
7296,Booth,5,2,75,12/31/2028,02/11/2029,0
9850,Booth,5,2,60,12/31/2028,02/11/2029,0
2109,Booth,5,2,60,01/01/2029,02/12/2029,0
2616,Booth,5,2,60,01/01/2029,02/12/2029,0
5495,Booth,5,1,60,01/01/2029,01/01/2029,0
9643,Booth,5,3,60,01/01/2029,1/29/2029,0
1189,Room,5,2,60,01/02/2029,2/13/2029,0
4852,Booth,5,2,60,01/02/2029,2/13/2029,0
5519,Booth,5,2,60,01/02/2029,2/13/2029,0
5716,Booth,5,2,60,01/02/2029,2/13/2029,0
7092,Room,5,2,60,01/02/2029,2/13/2029,0
7373,Booth,5,2,60,01/02/2029,2/13/2029,0
8422,Booth,5,2,60,01/02/2029,2/13/2029,0
9024,Booth,5,1,60,01/02/2029,01/02/2029,0
257,Booth,5,2,60,01/03/2029,2/14/2029,0
1100,Booth,5,2,60,01/03/2029,2/14/2029,0
3027,Booth,5,2,60,01/03/2029,2/14/2029,0
3194,Booth,5,2,75,01/03/2029,2/14/2029,0
3293,Booth,5,2,60,01/03/2029,2/14/2029,0
3339,Booth,5,2,60,01/03/2029,2/14/2029,0
6280,Booth,5,2,60,01/03/2029,2/14/2029,0
7353,Booth,5,3,60,01/03/2029,1/31/2029,0
7964,Booth,5,2,210,01/03/2029,2/14/2029,0
2207,Booth,5,2,60,01/04/2029,2/15/2029,0
2576,Booth,5,2,60,01/04/2029,2/15/2029,0
3135,Booth,5,2,60,01/04/2029,2/15/2029,0
4032,Room,5,2,60,01/04/2029,2/15/2029,0
5569,Booth,5,2,60,01/04/2029,2/15/2029,0
7033,Booth,5,2,60,01/04/2029,2/15/2029,0
1069,Booth,5,2,60,01/05/2029,2/16/2029,0
3329,Booth,5,2,60,01/05/2029,2/16/2029,0
8346,Booth,5,2,60,01/05/2029,2/16/2029,0
8524,Booth,5,2,30,01/05/2029,2/16/2029,0
8865,Booth,5,2,210,01/05/2029,2/16/2029,0
4358,Booth,5,2,60,01/06/2029,2/17/2029,0
5680,Booth,5,2,180,01/06/2029,2/17/2029,0
6445,Booth,5,2,60,01/06/2029,2/17/2029,0
6537,Booth,5,2,60,01/06/2029,2/17/2029,0
7755,Booth,5,3,60,01/06/2029,02/03/2029,0
8883,Booth,5,2,60,01/06/2029,2/17/2029,0
9303,Room,5,2,60,01/06/2029,2/17/2029,0
715,Booth,5,2,60,01/07/2029,2/18/2029,0
957,Booth,6,2,105,01/07/2029,2/18/2029,1
2652,Booth,5,2,60,01/07/2029,2/18/2029,0
3346,Booth,5,2,60,01/07/2029,2/18/2029,0
3530,Booth,5,2,60,01/07/2029,2/18/2029,0
4028,Booth,5,2,60,01/07/2029,2/18/2029,0
6118,Booth,5,2,60,01/07/2029,2/18/2029,0
6375,Booth,5,2,60,01/07/2029,2/18/2029,0
6387,Booth,5,2,60,01/07/2029,2/18/2029,0
8827,Room,5,2,60,01/07/2029,2/18/2029,0
417,Booth,5,1,75,01/08/2029,01/08/2029,1
744,Booth,5,2,60,01/08/2029,2/19/2029,0
2046,Booth,5,2,60,01/08/2029,2/19/2029,1
5745,Room,6,2,60,01/08/2029,2/19/2029,0
7750,Booth,6,2,60,01/08/2029,2/19/2029,0
7796,Booth,5,2,105,01/08/2029,2/19/2029,0
9109,Booth,5,2,60,01/08/2029,2/19/2029,0
9923,Booth,5,2,60,01/08/2029,2/19/2029,0
3422,Booth,5,2,60,01/09/2029,2/20/2029,0
8594,Booth,5,2,60,01/09/2029,2/20/2029,0
8749,Booth,5,1,60,01/09/2029,01/09/2029,0
352,Booth,5,2,60,01/10/2029,2/21/2029,0
505,Booth,5,2,60,01/10/2029,2/21/2029,0
2666,Booth,5,2,60,01/10/2029,2/21/2029,0
3734,Booth,5,2,60,01/10/2029,2/21/2029,0
3957,Booth,5,2,60,01/10/2029,2/21/2029,0
4254,Booth,5,2,60,01/10/2029,2/21/2029,0
5887,Booth,5,2,60,01/10/2029,2/21/2029,0
7389,Booth,5,1,60,01/10/2029,01/10/2029,0
8541,Booth,6,2,60,01/10/2029,2/21/2029,0
9485,Room,5,3,60,01/10/2029,02/07/2029,0
971,Booth,5,2,60,01/11/2029,2/22/2029,0
2803,Booth,5,2,60,01/11/2029,2/22/2029,0
6197,Booth,5,3,60,01/11/2029,02/08/2029,0
6660,Booth,5,2,60,01/11/2029,2/22/2029,0
80,Booth,5,2,60,01/12/2029,2/23/2029,0
2254,Room,5,2,105,01/12/2029,2/23/2029,0
2352,Booth,5,2,105,01/12/2029,2/23/2029,0
5656,Booth,5,2,210,01/12/2029,2/23/2029,0
5705,Booth,5,2,105,01/12/2029,2/23/2029,0
7625,Booth,5,2,60,01/12/2029,2/23/2029,0
8179,Booth,5,2,60,01/12/2029,2/23/2029,0
8329,Booth,5,2,60,01/12/2029,2/23/2029,0
422,Booth,6,2,60,1/13/2029,2/24/2029,0
678,Booth,5,2,60,1/13/2029,2/24/2029,0
4674,Booth,5,2,60,1/13/2029,2/24/2029,0
4721,Booth,5,2,60,1/13/2029,2/24/2029,0
8976,Booth,5,2,60,1/13/2029,2/24/2029,1
9727,Booth,5,2,90,1/13/2029,2/24/2029,0
869,Booth,5,2,60,1/14/2029,2/25/2029,0
1442,Booth,5,2,60,1/14/2029,2/25/2029,0
4121,Booth,5,2,60,1/14/2029,2/25/2029,0
4472,Booth,5,2,60,1/14/2029,2/25/2029,0
5825,Booth,5,2,60,1/14/2029,2/25/2029,1
5866,Booth,5,2,60,1/14/2029,2/25/2029,0
6916,Booth,5,2,60,1/14/2029,2/25/2029,0
1613,Room,5,1,60,1/15/2029,1/15/2029,0
3104,Booth,6,2,60,1/15/2029,2/26/2029,0
4140,Booth,5,2,60,1/15/2029,2/26/2029,0
7689,Booth,5,1,60,1/15/2029,1/15/2029,0
8428,Booth,6,2,60,1/15/2029,2/26/2029,0
8468,Booth,5,2,60,1/15/2029,2/26/2029,0
609,Booth,5,2,75,1/16/2029,2/27/2029,1
947,Booth,5,2,60,1/16/2029,2/27/2029,0
4567,Booth,5,2,60,1/16/2029,2/27/2029,0
8209,Booth,5,2,60,1/16/2029,2/27/2029,1
9077,Booth,6,2,60,1/16/2029,2/27/2029,0
115,Booth,5,2,60,1/17/2029,2/28/2029,0
230,Room,5,2,60,1/17/2029,2/28/2029,0
2967,Booth,5,2,60,1/17/2029,2/28/2029,0
2974,Booth,5,2,60,1/17/2029,2/28/2029,0
3972,Booth,5,2,60,1/17/2029,2/28/2029,0
4867,Booth,5,2,60,1/17/2029,2/28/2029,0
6282,Booth,5,2,60,1/17/2029,2/28/2029,0
7684,Room,5,2,75,1/17/2029,2/28/2029,0
7936,Booth,5,2,60,1/17/2029,2/28/2029,0
60,Booth,5,2,30,1/18/2029,03/01/2029,0
395,Booth,5,2,60,1/18/2029,03/01/2029,0
751,Booth,6,2,60,1/18/2029,03/01/2029,0
1160,Booth,5,2,60,1/18/2029,03/01/2029,0
5217,Booth,5,2,60,1/18/2029,03/01/2029,0
5368,Booth,5,2,60,1/18/2029,03/01/2029,0
9612,Booth,5,2,60,1/18/2029,03/01/2029,0
148,Booth,6,2,60,1/19/2029,03/02/2029,0
767,Booth,5,2,60,1/19/2029,03/02/2029,0
4177,Booth,6,2,60,1/19/2029,03/02/2029,0
6263,Booth,5,2,60,1/19/2029,03/02/2029,1
8413,Booth,5,2,60,1/19/2029,03/02/2029,0
9361,Booth,5,2,60,1/19/2029,03/02/2029,0
1385,Booth,5,2,60,1/20/2029,03/03/2029,0
3401,Room,5,2,60,1/20/2029,03/03/2029,0
4041,Booth,5,1,60,1/20/2029,1/20/2029,0
5530,Booth,5,2,60,1/20/2029,03/03/2029,0
7442,Booth,5,2,60,1/20/2029,03/03/2029,0
7931,Booth,5,2,60,1/20/2029,03/03/2029,0
8374,Booth,5,2,60,1/20/2029,03/03/2029,0
8934,Booth,5,2,30,1/20/2029,03/03/2029,0
84,Booth,5,2,60,1/21/2029,03/04/2029,0
2756,Booth,5,1,60,1/21/2029,1/21/2029,0
2952,Booth,5,2,60,1/21/2029,03/04/2029,0
3464,Booth,5,2,60,1/21/2029,03/04/2029,0
5553,Booth,5,2,60,1/21/2029,03/04/2029,0
6001,Booth,5,2,60,1/21/2029,03/04/2029,0
9149,Booth,5,2,60,1/21/2029,03/04/2029,0
9199,Booth,5,2,15,1/21/2029,03/04/2029,0
171,Booth,5,2,60,1/22/2029,03/05/2029,0
4366,Booth,5,2,60,1/22/2029,03/05/2029,0
4562,Booth,6,2,60,1/22/2029,03/05/2029,0
4934,Booth,5,2,60,1/22/2029,03/05/2029,0
5605,Booth,5,2,60,1/22/2029,03/05/2029,0
6225,Booth,5,2,60,1/22/2029,03/05/2029,0
1205,Room,5,2,60,1/23/2029,03/06/2029,0
1228,Booth,5,2,60,1/23/2029,03/06/2029,0
1322,Booth,5,2,60,1/23/2029,03/06/2029,0
4832,Booth,5,2,105,1/23/2029,03/06/2029,0
4918,Booth,5,2,60,1/23/2029,03/06/2029,0
4996,Booth,5,2,60,1/23/2029,03/06/2029,0
5344,Booth,5,2,60,1/23/2029,03/06/2029,0
63,Booth,5,2,60,1/24/2029,03/07/2029,0
3193,Booth,7,2,60,1/24/2029,03/07/2029,0
3295,Booth,5,2,60,1/24/2029,03/07/2029,0
3309,Booth,5,2,60,1/24/2029,03/07/2029,0
5214,Booth,5,2,60,1/24/2029,03/07/2029,0
7532,Booth,5,2,60,1/24/2029,03/07/2029,0
8523,Booth,5,2,60,1/24/2029,03/07/2029,0
483,Booth,5,3,60,1/25/2029,2/22/2029,0
1315,Booth,5,2,60,1/25/2029,03/08/2029,0
4145,Booth,5,2,60,1/25/2029,03/08/2029,0
5559,Booth,5,2,60,1/25/2029,03/08/2029,0
6421,Booth,5,2,60,1/25/2029,03/08/2029,0
7140,Booth,5,2,60,1/25/2029,03/08/2029,0
8735,Booth,5,2,60,1/25/2029,03/08/2029,0
9829,Booth,5,2,60,1/25/2029,03/08/2029,0
239,Room,5,2,60,1/26/2029,03/09/2029,0
320,Booth,5,2,60,1/26/2029,03/09/2029,0
1086,Room,5,2,180,1/26/2029,03/09/2029,0
1272,Booth,5,2,60,1/26/2029,03/09/2029,0
1868,Booth,5,2,60,1/26/2029,03/09/2029,0
2414,Booth,5,2,105,1/26/2029,03/09/2029,0
4937,Booth,6,2,60,1/26/2029,03/09/2029,0
7529,Room,5,2,60,1/26/2029,03/09/2029,0
7729,Booth,5,2,60,1/26/2029,03/09/2029,0
8469,Booth,5,2,60,1/26/2029,03/09/2029,0
8802,Booth,5,2,60,1/26/2029,03/09/2029,1
8848,Room,5,2,60,1/26/2029,03/09/2029,0
9400,Booth,5,2,60,1/26/2029,03/09/2029,0
2258,Booth,5,2,60,1/27/2029,03/10/2029,0
3565,Booth,5,2,60,1/27/2029,03/10/2029,0
7597,Booth,5,2,60,1/27/2029,03/10/2029,0
3021,Booth,5,2,60,1/28/2029,03/11/2029,0
3246,Booth,5,2,90,1/28/2029,03/11/2029,0
4029,Booth,5,2,60,1/28/2029,03/11/2029,0
4378,Room,5,2,105,1/28/2029,03/11/2029,0
4630,Booth,5,1,60,1/28/2029,1/28/2029,0
5166,Booth,5,2,60,1/28/2029,03/11/2029,0
1581,Booth,5,2,60,1/29/2029,03/12/2029,0
3257,Booth,5,2,60,1/29/2029,03/12/2029,0
3903,Booth,5,2,60,1/29/2029,03/12/2029,0
4481,Booth,5,2,60,1/29/2029,03/12/2029,0
8446,Booth,5,2,60,1/29/2029,03/12/2029,0
9013,Booth,5,2,60,1/29/2029,03/12/2029,0
2296,Booth,5,2,60,1/30/2029,3/13/2029,0
3217,Room,5,2,60,1/30/2029,3/13/2029,0
3417,Booth,5,2,90,1/30/2029,3/13/2029,0
4789,Booth,5,2,60,1/30/2029,3/13/2029,0
9286,Booth,5,2,60,1/30/2029,3/13/2029,0
629,Booth,5,2,60,1/31/2029,3/14/2029,0
903,Booth,5,2,60,1/31/2029,3/14/2029,0
1155,Booth,5,2,60,1/31/2029,3/14/2029,0
1313,Booth,5,2,60,1/31/2029,3/14/2029,1
2947,Booth,6,2,60,1/31/2029,3/14/2029,0
3793,Booth,6,2,60,1/31/2029,3/14/2029,0
4655,Booth,5,2,60,1/31/2029,3/14/2029,0
5181,Booth,5,2,60,1/31/2029,3/14/2029,0
5501,Booth,5,1,60,1/31/2029,1/31/2029,0
7482,Booth,5,2,60,1/31/2029,3/14/2029,0
8913,Booth,5,2,60,1/31/2029,3/14/2029,0
1751,Booth,5,2,60,02/01/2029,3/15/2029,0
2020,Room,5,2,60,02/01/2029,3/15/2029,0
2730,Booth,5,2,60,02/01/2029,3/15/2029,0
6344,Booth,5,2,60,02/01/2029,3/15/2029,0
9985,Booth,5,3,60,02/01/2029,03/01/2029,0
264,Booth,6,2,60,02/02/2029,3/16/2029,0
8721,Booth,5,2,60,02/02/2029,3/16/2029,0
1874,Booth,5,2,60,02/03/2029,3/17/2029,0
5113,Booth,5,2,60,02/03/2029,3/17/2029,0
6213,Booth,5,2,60,02/03/2029,3/17/2029,1
8191,Room,5,2,60,02/03/2029,3/17/2029,0
404,Booth,5,2,60,02/04/2029,3/18/2029,0
5682,Room,5,2,60,02/04/2029,3/18/2029,0
9084,Booth,5,1,60,02/04/2029,02/04/2029,0
9448,Booth,5,2,60,02/04/2029,3/18/2029,0
761,Booth,5,2,30,02/05/2029,3/19/2029,0
5365,Booth,5,2,60,02/05/2029,3/19/2029,0
5414,Booth,6,2,60,02/05/2029,3/19/2029,0
6588,Booth,5,2,60,02/05/2029,3/19/2029,0
7579,Booth,5,2,60,02/05/2029,3/19/2029,0
7705,Booth,5,2,60,02/05/2029,3/19/2029,0
8096,Booth,5,2,105,02/05/2029,3/19/2029,0
1159,Booth,5,2,60,02/06/2029,3/20/2029,0
3533,Booth,5,2,60,02/06/2029,3/20/2029,0
5231,Booth,5,2,60,02/06/2029,3/20/2029,0
6207,Booth,5,2,60,02/06/2029,3/20/2029,0
7087,Booth,5,2,60,02/06/2029,3/20/2029,0
8037,Booth,5,2,60,02/06/2029,3/20/2029,0
8409,Booth,5,2,60,02/06/2029,3/20/2029,0
7279,Booth,5,2,60,02/07/2029,3/21/2029,0
9911,Booth,5,2,60,02/07/2029,3/21/2029,0
1795,Booth,5,2,60,02/08/2029,3/22/2029,0
4072,Booth,5,2,60,02/08/2029,3/22/2029,0
4728,Booth,5,2,60,02/08/2029,3/22/2029,0
6013,Booth,5,2,60,02/08/2029,3/22/2029,0
8770,Booth,5,2,60,02/08/2029,3/22/2029,0
309,Booth,5,2,60,02/09/2029,3/23/2029,0
946,Room,5,2,60,02/09/2029,3/23/2029,0
4581,Booth,5,2,60,02/09/2029,3/23/2029,0
7264,Booth,5,2,60,02/09/2029,3/23/2029,0
9949,Booth,5,2,60,02/09/2029,3/23/2029,0
1548,Booth,5,2,60,02/10/2029,3/24/2029,0
1617,Booth,5,2,60,02/10/2029,3/24/2029,0
1862,Booth,5,2,60,02/10/2029,3/24/2029,0
2396,Booth,5,2,60,02/10/2029,3/24/2029,0
8205,Room,6,2,60,02/10/2029,3/24/2029,0
420,Booth,5,2,60,02/11/2029,3/25/2029,0
1320,Booth,5,2,60,02/11/2029,3/25/2029,0
1708,Booth,5,2,60,02/11/2029,3/25/2029,0
3654,Booth,5,2,60,02/11/2029,3/25/2029,0
3768,Booth,5,2,75,02/11/2029,3/25/2029,0
4815,Booth,5,2,60,02/11/2029,3/25/2029,1
5657,Booth,5,2,60,02/11/2029,3/25/2029,0
5970,Booth,5,2,60,02/11/2029,3/25/2029,0
6571,Booth,5,2,60,02/11/2029,3/25/2029,0
7213,Booth,5,2,60,02/11/2029,3/25/2029,0
7351,Booth,5,2,60,02/11/2029,3/25/2029,0
9894,Booth,6,3,60,02/11/2029,03/11/2029,1
890,Room,5,2,105,02/12/2029,3/26/2029,0
1334,Booth,5,2,180,02/12/2029,3/26/2029,0
1576,Booth,5,2,60,02/12/2029,3/26/2029,0
3787,Booth,5,2,60,02/12/2029,3/26/2029,0
3916,Room,5,2,60,02/12/2029,3/26/2029,0
5598,Booth,6,2,60,02/12/2029,3/26/2029,0
7596,Booth,5,2,60,02/12/2029,3/26/2029,0
9413,Booth,5,2,60,02/12/2029,3/26/2029,0
693,Booth,5,2,60,2/13/2029,3/27/2029,0
6082,Room,5,2,60,2/13/2029,3/27/2029,0
9058,Room,6,2,60,2/13/2029,3/27/2029,0
2096,Booth,6,2,60,2/14/2029,3/28/2029,0
2578,Booth,5,2,210,2/14/2029,3/28/2029,0
5472,Booth,5,2,60,2/14/2029,3/28/2029,0
6657,Booth,5,2,60,2/14/2029,3/28/2029,0
8704,Room,5,2,60,2/14/2029,3/28/2029,0
3080,Room,5,2,60,2/15/2029,3/29/2029,0
3947,Booth,5,2,60,2/15/2029,3/29/2029,0
4334,Booth,5,2,60,2/15/2029,3/29/2029,0
5381,Booth,5,2,60,2/15/2029,3/29/2029,0
6134,Booth,6,2,60,2/15/2029,3/29/2029,0
6430,Booth,5,2,60,2/15/2029,3/29/2029,0
7556,Booth,6,2,60,2/15/2029,3/29/2029,0
8564,Booth,5,2,60,2/15/2029,3/29/2029,0
9074,Room,5,2,60,2/15/2029,3/29/2029,0
9744,Room,5,2,60,2/15/2029,3/29/2029,0
5784,Booth,5,2,60,2/16/2029,3/30/2029,0
1307,Booth,5,2,60,2/17/2029,3/31/2029,1
1343,Booth,5,2,60,2/17/2029,3/31/2029,1
1797,Booth,5,2,60,2/17/2029,3/31/2029,0
2623,Booth,5,2,210,2/17/2029,3/31/2029,0
4862,Booth,5,2,60,2/17/2029,3/31/2029,0
5243,Booth,5,2,60,2/17/2029,3/31/2029,0
5877,Booth,5,2,60,2/17/2029,3/31/2029,0
7390,Booth,5,2,60,2/17/2029,3/31/2029,0
3652,Booth,5,2,60,2/18/2029,04/01/2029,0
3982,Room,5,2,60,2/18/2029,04/01/2029,0
8014,Booth,5,2,60,2/18/2029,04/01/2029,0
9714,Booth,5,2,60,2/18/2029,04/01/2029,0
735,Room,5,1,60,2/19/2029,2/19/2029,0
3528,Booth,5,2,60,2/19/2029,04/02/2029,0
4013,Booth,5,2,60,2/19/2029,04/02/2029,0
4048,Booth,6,1,60,2/19/2029,2/19/2029,1
141,Booth,5,2,60,2/20/2029,04/03/2029,0
519,Booth,5,2,60,2/20/2029,04/03/2029,0
6135,Room,5,2,60,2/20/2029,04/03/2029,0
8909,Booth,5,2,60,2/20/2029,04/03/2029,0
9183,Booth,5,2,60,2/20/2029,04/03/2029,0
9407,Booth,5,2,60,2/20/2029,04/03/2029,1
1770,Booth,5,2,60,2/21/2029,04/04/2029,0
1819,Booth,5,1,60,2/21/2029,2/21/2029,0
2661,Booth,5,2,60,2/21/2029,04/04/2029,0
4416,Booth,5,2,60,2/21/2029,04/04/2029,0
6707,Booth,5,2,60,2/21/2029,04/04/2029,0
6944,Room,5,2,60,2/21/2029,04/04/2029,0
7100,Booth,5,2,60,2/21/2029,04/04/2029,0
8513,Booth,5,2,60,2/21/2029,04/04/2029,0
8697,Booth,5,2,60,2/21/2029,04/04/2029,0
2882,Booth,5,2,105,2/22/2029,04/05/2029,0
3392,Booth,5,2,60,2/22/2029,04/05/2029,0
3624,Booth,5,2,60,2/22/2029,04/05/2029,0
6813,Booth,5,2,60,2/22/2029,04/05/2029,0
7715,Room,5,2,60,2/22/2029,04/05/2029,0
8542,Booth,5,2,60,2/22/2029,04/05/2029,0
503,Booth,5,2,60,2/23/2029,04/06/2029,0
2509,Booth,5,2,60,2/23/2029,04/06/2029,0
4285,Booth,5,2,60,2/23/2029,04/06/2029,0
5785,Booth,5,2,60,2/23/2029,04/06/2029,0
3954,Booth,7,2,75,2/24/2029,04/07/2029,0
5090,Booth,5,2,60,2/24/2029,04/07/2029,0
5232,Booth,5,2,60,2/24/2029,04/07/2029,0
6251,Booth,5,2,60,2/24/2029,04/07/2029,0
6533,Booth,5,2,105,2/24/2029,04/07/2029,0
7602,Booth,5,2,60,2/24/2029,04/07/2029,0
1206,Booth,5,2,60,2/25/2029,04/08/2029,0
3260,Booth,5,2,60,2/25/2029,04/08/2029,0
5788,Booth,5,2,60,2/25/2029,04/08/2029,0
2379,Booth,5,2,60,2/26/2029,04/09/2029,0
3370,Booth,5,1,60,2/26/2029,2/26/2029,0
3669,Booth,6,2,105,2/26/2029,04/09/2029,0
3807,Booth,5,2,60,2/26/2029,04/09/2029,0
4643,Booth,5,3,60,2/26/2029,3/26/2029,0
9171,Booth,5,2,60,2/26/2029,04/09/2029,0
3854,Booth,5,2,60,2/27/2029,04/10/2029,0
4484,Booth,5,2,60,2/27/2029,04/10/2029,0
4570,Booth,5,2,60,2/27/2029,04/10/2029,1
4886,Booth,5,2,60,2/27/2029,04/10/2029,1
6824,Booth,6,2,60,2/27/2029,04/10/2029,0
8370,Booth,5,2,60,2/27/2029,04/10/2029,0
8526,Booth,5,2,60,2/27/2029,04/10/2029,0
644,Booth,5,2,105,2/28/2029,04/11/2029,0
4057,Booth,6,2,60,2/28/2029,04/11/2029,0
4195,Booth,5,2,60,2/28/2029,04/11/2029,0
5355,Booth,5,2,60,2/28/2029,04/11/2029,0
7191,Booth,5,3,60,2/28/2029,3/28/2029,0
9264,Booth,5,2,180,2/28/2029,04/11/2029,0
1317,Booth,5,2,60,03/01/2029,04/12/2029,0
2244,Booth,5,2,60,03/01/2029,04/12/2029,0
5872,Booth,5,2,210,03/02/2029,4/13/2029,0
6286,Booth,5,2,60,03/02/2029,4/13/2029,0
6567,Booth,5,2,60,03/02/2029,4/13/2029,0
6780,Booth,5,2,60,03/02/2029,4/13/2029,0
6917,Booth,5,2,15,03/02/2029,4/13/2029,0
8294,Booth,5,2,60,03/02/2029,4/13/2029,1
8703,Booth,5,2,60,03/02/2029,4/13/2029,0
9746,Room,5,2,60,03/02/2029,4/13/2029,0
157,Booth,5,3,60,03/03/2029,3/31/2029,0
1954,Booth,5,2,60,03/03/2029,4/14/2029,0
3617,Room,5,2,60,03/03/2029,4/14/2029,0
4037,Booth,5,2,60,03/03/2029,4/14/2029,0
4071,Room,5,2,60,03/03/2029,4/14/2029,0
6542,Booth,5,2,60,03/03/2029,4/14/2029,0
7840,Booth,5,2,60,03/03/2029,4/14/2029,0
3675,Booth,6,2,60,03/04/2029,4/15/2029,0
3930,Booth,5,2,60,03/04/2029,4/15/2029,0
4128,Booth,5,2,60,03/04/2029,4/15/2029,0
5189,Booth,5,2,60,03/04/2029,4/15/2029,0
7042,Booth,5,2,210,03/04/2029,4/15/2029,1
389,Booth,5,2,60,03/05/2029,4/16/2029,1
1609,Booth,5,2,60,03/05/2029,4/16/2029,0
2243,Booth,5,2,60,03/05/2029,4/16/2029,0
2930,Booth,5,2,210,03/05/2029,4/16/2029,0
5035,Booth,5,2,60,03/05/2029,4/16/2029,0
8545,Booth,5,2,60,03/05/2029,4/16/2029,0
626,Booth,5,2,60,03/06/2029,4/17/2029,0
1324,Booth,5,2,60,03/06/2029,4/17/2029,0
1706,Booth,5,2,60,03/06/2029,4/17/2029,0
1762,Booth,5,2,60,03/06/2029,4/17/2029,0
2797,Booth,5,2,105,03/06/2029,4/17/2029,0
6234,Booth,5,2,60,03/06/2029,4/17/2029,0
6313,Room,5,2,60,03/06/2029,4/17/2029,0
6400,Booth,6,2,60,03/06/2029,4/17/2029,0
7830,Booth,5,2,60,03/06/2029,4/17/2029,0
1447,Booth,5,2,60,03/07/2029,4/18/2029,0
2563,Booth,5,2,60,03/07/2029,4/18/2029,0
3010,Booth,5,2,60,03/07/2029,4/18/2029,0
3312,Booth,5,2,60,03/07/2029,4/18/2029,0
3986,Booth,5,2,60,03/07/2029,4/18/2029,0
8266,Booth,5,2,60,03/07/2029,4/18/2029,0
1694,Booth,5,2,60,03/08/2029,4/19/2029,0
2546,Booth,5,2,60,03/08/2029,4/19/2029,0
3607,Booth,5,2,60,03/08/2029,4/19/2029,0
5324,Booth,5,2,60,03/08/2029,4/19/2029,0
6794,Booth,6,2,60,03/08/2029,4/19/2029,0
8760,Booth,5,1,60,03/08/2029,03/08/2029,0
726,Booth,5,2,60,03/09/2029,4/20/2029,0
1532,Booth,5,2,60,03/09/2029,4/20/2029,0
4814,Booth,5,2,60,03/09/2029,4/20/2029,0
7925,Booth,5,2,60,03/09/2029,4/20/2029,0
1201,Booth,5,2,60,03/10/2029,4/21/2029,0
1611,Room,5,2,60,03/10/2029,4/21/2029,0
2929,Room,6,2,60,03/10/2029,4/21/2029,0
3625,Booth,5,2,60,03/10/2029,4/21/2029,0
6011,Booth,5,1,60,03/10/2029,03/10/2029,0
7273,Booth,5,2,60,03/10/2029,4/21/2029,0
9950,Booth,5,2,60,03/10/2029,4/21/2029,0
4986,Booth,5,2,60,03/11/2029,4/22/2029,0
5798,Booth,6,2,60,03/11/2029,4/22/2029,0
6147,Room,5,3,60,03/11/2029,04/08/2029,0
6985,Booth,5,2,60,03/11/2029,4/22/2029,0
7346,Booth,5,2,60,03/11/2029,4/22/2029,0
9849,Booth,5,2,60,03/11/2029,4/22/2029,0
463,Booth,5,2,60,03/12/2029,4/23/2029,0
3984,Booth,5,2,60,03/12/2029,4/23/2029,0
4070,Booth,5,2,60,03/12/2029,4/23/2029,0
7476,Booth,6,2,210,03/12/2029,4/23/2029,0
8128,Room,6,3,60,03/12/2029,04/09/2029,0
8653,Booth,5,2,60,03/12/2029,4/23/2029,0
